[Licensing::Module] Trying to connect to existing licensing client channel...
Built from '6000.6/staging' branch; Version is '6000.6.3f1 (45d8eee7de74) revision 4577518'; Using compiler version '194234433'; Build Type 'Release'
[Licensing::IpcConnector] Successfully connected to: "LicenseClient-lenno" at "2026-10-07T19:21:22.5258001Z"
OS: 'Windows 11  (10.0.26200) Core' Language: 'en' Physical Memory: 16069 MB
BatchMode: 1, IsHumanControllingUs: 0, StartBugReporterOnCrash: 0, Is64bit: 1
System  architecture: x64
Process architecture: x64
Date: 2026-10-07T19:21:22Z
[Licensing::Client] Code 10 while verifying Licensing Client signature (process Id: 22588, path: "C:/Program Files/Unity Hub/UnityLicensingClient_V1/Unity.Licensing.Client.exe")
[Licensing::Module] LicensingClient has failed validation; ignoring
[Licensing::Client] Handshaking with LicensingClient:
  Version:                 1.18.3+d7ffd15
  Session Id:              58e576ac65fb45a7a8ecb0627cbb9a83
  Correlation Id:          1f2693630c325898a7a6b6ed26333543
  External correlation Id: 999178084782294066
  Machine Id:              saJU5r/rGpMPBhAxgqcxS6nTKu0=
[Licensing::Module] Successfully connected to LicensingClient on channel: "LicenseClient-lenno" (connect: 0.00s, validation: 0.00s, handshake: 0.06s)
[Licensing::IpcConnector] Successfully connected to: "LicenseClient-lenno-notifications" at "2026-10-07T19:21:22.5939355Z"
[Licensing::Module] Licensing Background thread has ended after 0.07s

COMMAND LINE ARGUMENTS:
C:\Program Files\Unity\Hub\Editor\6000.6.3f1\Editor\Unity.exe
-adb2
-batchMode
-noUpm
-name
AssetImportWorkerHW0
-projectPath
C:/Users/lenno/OneDrive/Documents/GitHub/Monster-Mystery-Maze
-logFile
Logs/AssetImportWorkerHW0.log
-srvPort
58218
-parentPid
5932
-analyticsCloudUserId
anonymous
-analyticsLocalProjectId
986fc0e018c58f5499a2d3d3910960f7
-editorAnalyticsEnabled
1
-cbmEditorLicense
006556cba63b95b5add32cd57bab152e6b4ca0f4
-cbmMachineId
saJU5r/rGpMPBhAxgqcxS6nTKu0=
-licensingIpc
LicenseClient-lenno
-noDiagnosticSwitchPersistentStore
-job-worker-count
5
-background-job-worker-count
8
-asset-garbage-collectors
1
-force-d3d12
-name
AssetImport
Successfully changed project path to: C:/Users/lenno/OneDrive/Documents/GitHub/Monster-Mystery-Maze
C:/Users/lenno/OneDrive/Documents/GitHub/Monster-Mystery-Maze
[UnityMemory] Configuration Parameters - Can be set up in boot.config
    "memorysetup-temp-allocator-size-gi-baking-worker=262144"
    "memorysetup-temp-allocator-size-gi-baking-worker=262144"
    "memorysetup-temp-allocator-size-gi-baking-worker=262144"
    "memorysetup-temp-allocator-size-gi-baking-worker=262144"
    "memorysetup-temp-allocator-size-gi-baking-worker=262144"
    "memorysetup-temp-allocator-size-nav-mesh-worker=65536"
    "memorysetup-temp-allocator-size-audio-worker=65536"
    "memorysetup-temp-allocator-size-cloud-worker=32768"
    "memorysetup-temp-allocator-size-gfx=262144"
    "memorysetup-remapper-allocator-initial-capacity=32768"
    "memorysetup-temp-allocator-size-preload-manager=33554432"
    "memorysetup-allocator-temp-initial-block-size-main=262144"
    "memorysetup-allocator-temp-initial-block-size-worker=262144"
    "memorysetup-temp-allocator-size-job-worker=262144"
    "memorysetup-temp-allocator-size-background-worker=32768"
    "memorysetup-bucket-allocator-granularity=16"
    "memorysetup-bucket-allocator-bucket-count=8"
    "memorysetup-bucket-allocator-block-size=33554432"
    "memorysetup-bucket-allocator-block-count=8"
    "memorysetup-main-allocator-block-size=16777216"
    "memorysetup-thread-allocator-block-size=16777216"
    "memorysetup-main-allocator-mimalloc-enabled=1"
    "memorysetup-gfx-main-allocator-block-size=16777216"
    "memorysetup-gfx-thread-allocator-block-size=16777216"
    "memorysetup-cache-allocator-block-size=4194304"
    "memorysetup-typetree-allocator-block-size=2097152"
    "memorysetup-profiler-bucket-allocator-granularity=16"
    "memorysetup-profiler-bucket-allocator-bucket-count=8"
    "memorysetup-profiler-bucket-allocator-block-size=33554432"
    "memorysetup-profiler-bucket-allocator-block-count=8"
    "memorysetup-profiler-allocator-block-size=16777216"
    "memorysetup-profiler-editor-allocator-block-size=1048576"
    "memorysetup-temp-allocator-size-main=16777216"
    "memorysetup-job-temp-allocator-block-size=2097152"
    "memorysetup-job-temp-allocator-block-size-background=1048576"
    "memorysetup-job-temp-allocator-reduction-small-platforms=262144"
Player connection [2752]  Target information:

Player connection [2752]  * "[IP] 192.168.1.113 [Port] 0 [Flags] 2 [Guid] 2661592770 [EditorId] 2661592770 [Version] 1048832 [Id] WindowsEditor(7,Lennon) [Debug] 1 [PackageName] WindowsEditor [ProjectName] Editor" 

Player connection [2752] Host joined multi-casting on [225.0.0.222:54997]...
Player connection [2752] Host joined alternative multi-casting on [225.0.0.222:34997]...
JobSystem: Creating JobQueue using job-worker-count value 5
Input System module state changed to: Initialized.
[Physics::Module] Initialized fallback backend.
[Physics::Module] Id: 0xdecafbad
Library Redirect Path: Library/
Initialising UDS system complete:
  - System type: Client
  - Resource namespace: f75e6a8e29fec2943bdd91be77ce5c54
  - Shared memory size: 1073741824
  - Command buffer id: 1052576
  - Command buffer size: 8192
  - Hashmap size: 4194304
  - Service connected: true
  - Service working directory: Library/DataStore/
[Physics::Module] Selected backend (deferred post-plugins).
[Physics::Module] Name: PhysX
[Physics::Module] Id: 0xf2b8ea05
[Physics::Module] SDK Version: 4.1.2
[Physics::Module] Integration Version: 1.0.0
[Physics::Module] Threading Mode: Multi-Threaded
Initialize engine version: 6000.6.3f1 (45d8eee7de74)
[EntityIdStore] init: VM path (explicit commit), pageSize=4096, blockCount=1048576, entitiesPerBlock=256, slots reserved=4294967296 bytes
[Subsystems] Discovering subsystems at path C:/Program Files/Unity/Hub/Editor/6000.6.3f1/Editor/Data/Resources/UnitySubsystems
[Subsystems] Discovering subsystems at path C:/Users/lenno/OneDrive/Documents/GitHub/Monster-Mystery-Maze/Assets
Forcing GfxDevice: Direct3D 12
GfxDevice: creating device client; kGfxThreadingModeNonThreaded
d3d12: failed to query info queue interface (0x80004002).
Direct3D:
    Version:         Direct3D 12 [level 12.1]
    Renderer:        Intel(R) Iris(R) Xe Graphics (ID=0x46a8)
    Vendor:          Intel
    VRAM:            8034 MB
    App VRAM Budget: 7377 MB
    Driver:          31.0.101.4255
    Unified Memory Architecture
    Cache Coherent UMA
Initialize mono
Mono path[0] = 'C:/Program Files/Unity/Hub/Editor/6000.6.3f1/Editor/Data/Managed'
Mono path[1] = 'C:/Program Files/Unity/Hub/Editor/6000.6.3f1/Editor/Data/BCLExtensions/runtime/netstandard2.1'
Mono path[2] = 'C:/Program Files/Unity/Hub/Editor/6000.6.3f1/Editor/Data/MonoBleedingEdge/lib/mono/unityjit-win32'
Mono config path = 'C:/Program Files/Unity/Hub/Editor/6000.6.3f1/Editor/Data/MonoBleedingEdge/etc'
Using monoOptions --debugger-agent=transport=dt_socket,embedding=1,server=y,suspend=n,address=127.0.0.1:56972
CodeReloadManager initialized
Begin MonoManager ReloadAssembly
Registering precompiled unity dll's ...
Register platform support module: C:/Program Files/Unity/Hub/Editor/6000.6.3f1/Editor/Data/PlaybackEngines/WebGLSupport/UnityEditor.WebGL.Extensions.dll
Register platform support module: C:/Program Files/Unity/Hub/Editor/6000.6.3f1/Editor/Data/PlaybackEngines/WindowsStandaloneSupport/UnityEditor.WindowsStandalone.Extensions.dll
Registered in 0.002233 seconds.
Native extension for WindowsStandalone target not found
Native extension for WebGL target not found
Package Manager log level set to [2]
[Package Manager] Failed to launch server process. Reason: Unity was launched with the -noUpm command-line argument
[Package Manager] Unable to send message (not connected to server process).
[Package Manager] Cannot connect to Unity Package Manager local server
ScheduleIndexationOnStartup MainProcess:False IndexOnStartup:True
Scripting: successfully reloaded assembly
- Finished resetting the current domain, in  0.640 seconds
Domain Reload Profiling: 1313ms
	BeginReloadAssembly (150ms)
	RebuildCommonClasses (7ms)
	RebuildNativeTypeToScriptingClass (27ms)
	initialDomainReloadingComplete (87ms)
	LoadAllAssembliesAndSetupDomain (402ms)
		LoadAssemblies (146ms)
		TypeCache.Refresh (271ms)
			TypeCache.ScanAssembly (254ms)
		AnalyzeDomain (1ms)
	FinalizeReload (641ms)
		SetupLoadedEditorAssemblies (0ms)
			LogAssemblyErrors (5ms)
			InitializePlatformSupportModulesInManaged (5ms)
			BeforeProcessingInitializeOnLoad (141ms)
			ProcessInitializeOnLoadAttributes (114ms)
			ProcessInitializeOnLoadMethodAttributes (237ms)
Initializing Unity extensions:
[Licensing::Client] Successfully resolved entitlement details
[Licensing::Module] License group:
  Id: 5774125510858-UnityPersXXXX
  Product: Unity Personal
  Type: Assigned
  Expiration: Unlimited
========================================================================
Worker process is ready to serve import requests
Import Worker Mode flag is 0x00
Begin MonoManager ReloadAssembly
Native extension for WindowsStandalone target not found
Native extension for WebGL target not found
[Package Manager] Failed to launch server process. Reason: Unity was launched with the -noUpm command-line argument
[Package Manager] Unable to send message (not connected to server process).
[Package Manager] Cannot connect to Unity Package Manager local server
ScheduleIndexationOnStartup MainProcess:False IndexOnStartup:True
Scripting: successfully reloaded assembly
- Finished resetting the current domain, in  0.549 seconds
Domain Reload Profiling: 1310ms
	BeginReloadAssembly (311ms)
		DisableScriptedObjects (11ms)
		CreateAndSetChildDomain (48ms)
	RebuildCommonClasses (15ms)
	RebuildNativeTypeToScriptingClass (38ms)
	initialDomainReloadingComplete (87ms)
	LoadAllAssembliesAndSetupDomain (309ms)
		LoadAssemblies (297ms)
		TypeCache.Refresh (22ms)
			TypeCache.ScanAssembly (12ms)
		AnalyzeDomain (8ms)
			BuildScriptInfoCaches (7ms)
	FinalizeReload (550ms)
		SetupLoadedEditorAssemblies (0ms)
			InitializePlatformSupportModulesInManaged (3ms)
			BeforeProcessingInitializeOnLoad (162ms)
			ProcessInitializeOnLoadAttributes (121ms)
			ProcessInitializeOnLoadMethodAttributes (46ms)
			AfterProcessingInitializeOnLoad (10ms)
		AwakeInstancesAfterBackupRestoration (12ms)
AcceleratorClientConnectionCallback - disconnected - :0
Launched and connected shader compiler UnityShaderCompiler.exe after 0.02 seconds
Unloading 0 Unused Serialized files (Serialized files now loaded: 0)
Unloading 485 unused Assets / (216.1 KB). Loaded Objects now: 1173.
Memory consumption went from 185.6 MB to 185.4 MB.
Total: 6.702000 ms (FindLiveObjects: 0.284500 ms CreateObjectMapping: 0.031300 ms MarkObjects: 5.921400 ms  DeleteObjects: 0.264000 ms)

========================================================================
Received Import Request.
  Time of request: 2026-10-07T19:21:26.5520939Z
  Time since last request: 1133023.64768539997749 seconds.
  importAddress: GUID: a3f71b076c36a204a864f8c44142b3a9 - Path: Packages/com.unity.ide.visualstudio/ValidationConfig.json - Importer: ScriptedImporter/UnityEditor.QuickSearchModule:UnityEditor.Search:ASIAI0B
Importing 'GUID: a3f71b076c36a204a864f8c44142b3a9 - Path: Packages/com.unity.ide.visualstudio/ValidationConfig.json - Importer: ScriptedImporter/UnityEditor.QuickSearchModule:UnityEditor.Search:ASIAI0B' with importer (ScriptedImporter : UnityEditor.QuickSearchModule:UnityEditor.Search:ASIAI0B)
Imported 'GUID: a3f71b076c36a204a864f8c44142b3a9' -> (Import Result ID: 'd42e1fea1b6ab29e96616e682aaa2c6b') in 0.164 seconds [static and dynamic dependencies]. Details - ImportResultOutputID=60b396bf5bbd502d85695583ba89f8b0 DependenciesID=c0de7ceabbc529f97c8ab41b2b1f0c45 StaticDependenciesID=79806e312bcdbc0c8fd5759112104c9d 
Number of updated asset objects reloaded before import = 0
Number of asset objects unloaded after import = 1
========================================================================
Received Import Request.
  Time of request: 2026-10-07T19:21:26.7455735Z
  Time since last request: 0.0275975 seconds.
  importAddress: GUID: 8c7e8e301f8b4c30bbf9db502d637f0f - Path: Packages/com.unity.ide.rider/Rider/Editor/ProjectGeneration/IGUIDGenerator.cs - Importer: ScriptedImporter/UnityEditor.QuickSearchModule:UnityEditor.Search:ASIAI0B
Importing 'GUID: 8c7e8e301f8b4c30bbf9db502d637f0f - Path: Packages/com.unity.ide.rider/Rider/Editor/ProjectGeneration/IGUIDGenerator.cs - Importer: ScriptedImporter/UnityEditor.QuickSearchModule:UnityEditor.Search:ASIAI0B' with importer (ScriptedImporter : UnityEditor.QuickSearchModule:UnityEditor.Search:ASIAI0B)
Imported 'GUID: 8c7e8e301f8b4c30bbf9db502d637f0f' -> (Import Result ID: '74441868783f7666d756a888696dfae1') in 0.133 seconds [static and dynamic dependencies]. Details - ImportResultOutputID=9cb3ab9cdbb972f7f0e86b9c482ba424 DependenciesID=4dab46dea588c858f011baf0432749e7 StaticDependenciesID=bdb5a9afff5699ed6d0634550761e55d 
Number of updated asset objects reloaded before import = 0
Number of asset objects unloaded after import = 0
========================================================================
Received Import Request.
  Time of request: 2026-10-07T19:21:26.8847318Z
  Time since last request: 0.0017962 seconds.
  importAddress: GUID: be13c398521e3c1ad21fb9da30ab2ab6 - Path: Packages/com.unity.modules.imgui/package.ModuleCompilationTrigger - Importer: ScriptedImporter/UnityEditor.QuickSearchModule:UnityEditor.Search:ASIAI0B
Importing 'GUID: be13c398521e3c1ad21fb9da30ab2ab6 - Path: Packages/com.unity.modules.imgui/package.ModuleCompilationTrigger - Importer: ScriptedImporter/UnityEditor.QuickSearchModule:UnityEditor.Search:ASIAI0B' with importer (ScriptedImporter : UnityEditor.QuickSearchModule:UnityEditor.Search:ASIAI0B)
Imported 'GUID: be13c398521e3c1ad21fb9da30ab2ab6' -> (Import Result ID: '3f5134298ea9930ea742f9e2de59b297') in 0.010 seconds [static and dynamic dependencies]. Details - ImportResultOutputID=050cda6557da515c49d1358f125cbb36 DependenciesID=ca200df5b7045ad7167d0209e1e39b91 StaticDependenciesID=6142163cf311ee40e8855bee93ca3320 
Number of updated asset objects reloaded before import = 0
Number of asset objects unloaded after import = 1
========================================================================
Received Import Request.
  Time of request: 2026-10-07T19:21:26.8961715Z
  Time since last request: 0.0006828 seconds.
  importAddress: GUID: 3070b6395b0f5f04faaab13164c6256d - Path: Packages/com.unity.ide.visualstudio/Editor/ProjectGeneration/LegacyStyleProjectGeneration.cs - Importer: ScriptedImporter/UnityEditor.QuickSearchModule:UnityEditor.Search:ASIAI0B
Importing 'GUID: 3070b6395b0f5f04faaab13164c6256d - Path: Packages/com.unity.ide.visualstudio/Editor/ProjectGeneration/LegacyStyleProjectGeneration.cs - Importer: ScriptedImporter/UnityEditor.QuickSearchModule:UnityEditor.Search:ASIAI0B' with importer (ScriptedImporter : UnityEditor.QuickSearchModule:UnityEditor.Search:ASIAI0B)
Imported 'GUID: 3070b6395b0f5f04faaab13164c6256d' -> (Import Result ID: '138e8c5e53ebd8dfc69d484800c12fcb') in 0.003 seconds [static and dynamic dependencies]. Details - ImportResultOutputID=5a5aa809f5b355e05f7474525966ea9b DependenciesID=315d862ea98c3767d46699167b93740a StaticDependenciesID=999ec2e4cfca2a33153db05c1adbbadc 
Number of updated asset objects reloaded before import = 0
Number of asset objects unloaded after import = 0
========================================================================
Received Import Request.
  Time of request: 2026-10-07T19:21:26.9002583Z
  Time since last request: 0.0006763 seconds.
  importAddress: GUID: 4f0f9b9f3ed97ad2b9ba8f1a8e4666c2 - Path: Packages/com.unity.modules.uielements/package.json - Importer: ScriptedImporter/UnityEditor.QuickSearchModule:UnityEditor.Search:ASIAI0B
Importing 'GUID: 4f0f9b9f3ed97ad2b9ba8f1a8e4666c2 - Path: Packages/com.unity.modules.uielements/package.json - Importer: ScriptedImporter/UnityEditor.QuickSearchModule:UnityEditor.Search:ASIAI0B' with importer (ScriptedImporter : UnityEditor.QuickSearchModule:UnityEditor.Search:ASIAI0B)
Imported 'GUID: 4f0f9b9f3ed97ad2b9ba8f1a8e4666c2' -> (Import Result ID: '92b11b6060a77ad1e53978025bdd89fe') in 0.005 seconds [static and dynamic dependencies]. Details - ImportResultOutputID=ae9278b5b5e43861daee8de299213c8f DependenciesID=c031bce7e2c5b720605f5b85e5bfd041 StaticDependenciesID=02f80f2902b74865dcf1262eb887844f 
Number of updated asset objects reloaded before import = 0
Number of asset objects unloaded after import = 1
========================================================================
Received Import Request.
  Time of request: 2026-10-07T19:21:26.9080606Z
  Time since last request: 0.0025634 seconds.
  importAddress: GUID: 2cc852a194c5796e034960abba09c34d - Path: Packages/com.unity.test-framework - Importer: ScriptedImporter/UnityEditor.QuickSearchModule:UnityEditor.Search:ASIAI0B
Importing 'GUID: 2cc852a194c5796e034960abba09c34d - Path: Packages/com.unity.test-framework - Importer: ScriptedImporter/UnityEditor.QuickSearchModule:UnityEditor.Search:ASIAI0B' with importer (ScriptedImporter : UnityEditor.QuickSearchModule:UnityEditor.Search:ASIAI0B)
Imported 'GUID: 2cc852a194c5796e034960abba09c34d' -> (Import Result ID: '1e2305a7c57b4feec2e46d455b003273') in 0.008 seconds [static and dynamic dependencies]. Details - ImportResultOutputID=d413882daa8ff42412fb7fe771fc2ce5 DependenciesID=2239c523e8a06d15cc0f40db13ea1971 StaticDependenciesID=b4718db6aa845c22d07c3f8f6c2d0d06 
Number of updated asset objects reloaded before import = 0
Number of asset objects unloaded after import = 1
========================================================================
Received Import Request.
  Time of request: 2026-10-07T19:21:26.9170491Z
  Time since last request: 0.0004815 seconds.
  importAddress: GUID: 05f7f519769978b79b31d063a7fc6fa1 - Path: Packages/com.unity.modules.unitywebrequestassetbundle/package.json - Importer: ScriptedImporter/UnityEditor.QuickSearchModule:UnityEditor.Search:ASIAI0B
Importing 'GUID: 05f7f519769978b79b31d063a7fc6fa1 - Path: Packages/com.unity.modules.unitywebrequestassetbundle/package.json - Importer: ScriptedImporter/UnityEditor.QuickSearchModule:UnityEditor.Search:ASIAI0B' with importer (ScriptedImporter : UnityEditor.QuickSearchModule:UnityEditor.Search:ASIAI0B)
Imported 'GUID: 05f7f519769978b79b31d063a7fc6fa1' -> (Import Result ID: '944721863d35afd4da9ad62a9128c2d5') in 0.007 seconds [static and dynamic dependencies]. Details - ImportResultOutputID=f3f7e77f34f682df452cddb62ffb015f DependenciesID=b2912befaef02958935e2781de7195a9 StaticDependenciesID=fb7cc3dc66e5e0f6e87a4f6d37c1401a 
Number of updated asset objects reloaded before import = 0
Number of asset objects unloaded after import = 1
========================================================================
Received Import Request.
  Time of request: 2026-10-07T19:21:26.9261442Z
  Time since last request: 0.0014889 seconds.
  importAddress: GUID: ffe1bdf971d321f4db593c4c6ebd6e47 - Path: Packages/com.unity.ide.visualstudio/Editor/VersionPair.cs - Importer: ScriptedImporter/UnityEditor.QuickSearchModule:UnityEditor.Search:ASIAI0B
Importing 'GUID: ffe1bdf971d321f4db593c4c6ebd6e47 - Path: Packages/com.unity.ide.visualstudio/Editor/VersionPair.cs - Importer: ScriptedImporter/UnityEditor.QuickSearchModule:UnityEditor.Search:ASIAI0B' with importer (ScriptedImporter : UnityEditor.QuickSearchModule:UnityEditor.Search:ASIAI0B)
Imported 'GUID: ffe1bdf971d321f4db593c4c6ebd6e47' -> (Import Result ID: 'c0253e0fd88e7baaaa12705fbf8e4803') in 0.012 seconds [static and dynamic dependencies]. Details - ImportResultOutputID=42898fc65ebdac3460efb5f736678191 DependenciesID=57bd8e369028d2aae1790685e39666ea StaticDependenciesID=d8f535f755e47caa3c631ad58d69e39e 
Number of updated asset objects reloaded before import = 0
Number of asset objects unloaded after import = 0
========================================================================
Received Import Request.
  Time of request: 2026-10-07T19:21:26.9501625Z
  Time since last request: 0.011502 seconds.
  importAddress: GUID: e9df95f53f1c1d0c9199e235d6c42b50 - Path: Packages/com.unity.modules.audio/package.json - Importer: ScriptedImporter/UnityEditor.QuickSearchModule:UnityEditor.Search:ASIAI0B
Importing 'GUID: e9df95f53f1c1d0c9199e235d6c42b50 - Path: Packages/com.unity.modules.audio/package.json - Importer: ScriptedImporter/UnityEditor.QuickSearchModule:UnityEditor.Search:ASIAI0B' with importer (ScriptedImporter : UnityEditor.QuickSearchModule:UnityEditor.Search:ASIAI0B)
Imported 'GUID: e9df95f53f1c1d0c9199e235d6c42b50' -> (Import Result ID: '97370bb3322cb656de45a9ba71d3a5ae') in 0.004 seconds [static and dynamic dependencies]. Details - ImportResultOutputID=bf9f9d7697918d2fc654ab4f9014c2db DependenciesID=021f7211ccb6e93e5c4a8464eafd4b81 StaticDependenciesID=2c1af124f3beb5e0e7df60335f7dd925 
Number of updated asset objects reloaded before import = 0
Number of asset objects unloaded after import = 1
========================================================================
Received Import Request.
  Time of request: 2026-10-07T19:21:26.9550539Z
  Time since last request: 0.000529 seconds.
  importAddress: GUID: 8beeeeebc0857854d8b4e2c2895dd7a9 - Path: Packages/com.unity.ide.visualstudio/Editor/ProjectGeneration - Importer: ScriptedImporter/UnityEditor.QuickSearchModule:UnityEditor.Search:ASIAI0B
Importing 'GUID: 8beeeeebc0857854d8b4e2c2895dd7a9 - Path: Packages/com.unity.ide.visualstudio/Editor/ProjectGeneration - Importer: ScriptedImporter/UnityEditor.QuickSearchModule:UnityEditor.Search:ASIAI0B' with importer (ScriptedImporter : UnityEditor.QuickSearchModule:UnityEditor.Search:ASIAI0B)
Imported 'GUID: 8beeeeebc0857854d8b4e2c2895dd7a9' -> (Import Result ID: '992d2c10a561daf340bb0103e0204691') in 0.003 seconds [static and dynamic dependencies]. Details - ImportResultOutputID=084ddd41ef2c72e17b87c7bf6460483f DependenciesID=c2b7198c6336116165df9f2a07349028 StaticDependenciesID=79c4f18e6499daecab44d8799da6ff97 
Number of updated asset objects reloaded before import = 0
Number of asset objects unloaded after import = 1
========================================================================
Received Import Request.
  Time of request: 2026-10-07T19:21:26.9584227Z
  Time since last request: 0.0005821 seconds.
  importAddress: GUID: 010246a07de7cb34185a2a7b1c1fad59 - Path: Packages/com.unity.ide.rider/Rider/Editor/UnitTesting/CallbackData.cs - Importer: ScriptedImporter/UnityEditor.QuickSearchModule:UnityEditor.Search:ASIAI0B
Importing 'GUID: 010246a07de7cb34185a2a7b1c1fad59 - Path: Packages/com.unity.ide.rider/Rider/Editor/UnitTesting/CallbackData.cs - Importer: ScriptedImporter/UnityEditor.QuickSearchModule:UnityEditor.Search:ASIAI0B' with importer (ScriptedImporter : UnityEditor.QuickSearchModule:UnityEditor.Search:ASIAI0B)
Imported 'GUID: 010246a07de7cb34185a2a7b1c1fad59' -> (Import Result ID: 'bbd65c03ee0a28737cf733dfb2f64264') in 0.004 seconds [static and dynamic dependencies]. Details - ImportResultOutputID=2211512aee4545e202b0fa5bf1c56da6 DependenciesID=a3051bb2d9f5713bce678e469661820b StaticDependenciesID=6aff73b7d4312b9967ef7c69969b4241 
Number of updated asset objects reloaded before import = 0
Number of asset objects unloaded after import = 0
========================================================================
Received Import Request.
  Time of request: 2026-10-07T19:21:26.9636604Z
  Time since last request: 0.0005699 seconds.
  importAddress: GUID: 222fc39b0c85d800342910da2cd64781 - Path: Packages/com.unity.modules.assetbundle/package.ModuleCompilationTrigger - Importer: ScriptedImporter/UnityEditor.QuickSearchModule:UnityEditor.Search:ASIAI0B
Importing 'GUID: 222fc39b0c85d800342910da2cd64781 - Path: Packages/com.unity.modules.assetbundle/package.ModuleCompilationTrigger - Importer: ScriptedImporter/UnityEditor.QuickSearchModule:UnityEditor.Search:ASIAI0B' with importer (ScriptedImporter : UnityEditor.QuickSearchModule:UnityEditor.Search:ASIAI0B)
Imported 'GUID: 222fc39b0c85d800342910da2cd64781' -> (Import Result ID: 'bd40abcd5e62aab4b6f934da42b90060') in 0.005 seconds [static and dynamic dependencies]. Details - ImportResultOutputID=8cb67d667dbffad37b56a46daf1796d9 DependenciesID=b8ddf305bc229e2b2df46dc2af0e29e8 StaticDependenciesID=030bec78e82fbef27d17af273e235b54 
Number of updated asset objects reloaded before import = 0
Number of asset objects unloaded after import = 1
========================================================================
Received Import Request.
  Time of request: 2026-10-07T19:21:26.9702199Z
  Time since last request: 0.0005088 seconds.
  importAddress: GUID: 2c814623cb42764d304be0c5ddd03ceb - Path: Packages/com.unity.modules.xr/package.json - Importer: ScriptedImporter/UnityEditor.QuickSearchModule:UnityEditor.Search:ASIAI0B
Importing 'GUID: 2c814623cb42764d304be0c5ddd03ceb - Path: Packages/com.unity.modules.xr/package.json - Importer: ScriptedImporter/UnityEditor.QuickSearchModule:UnityEditor.Search:ASIAI0B' with importer (ScriptedImporter : UnityEditor.QuickSearchModule:UnityEditor.Search:ASIAI0B)
Imported 'GUID: 2c814623cb42764d304be0c5ddd03ceb' -> (Import Result ID: '917f3016a0afb5e565d612dbab36fb07') in 0.003 seconds [static and dynamic dependencies]. Details - ImportResultOutputID=4244d63654945a7bb56bd654a44bcf58 DependenciesID=6f329727b38fe3fd459f8c66126d3f2e StaticDependenciesID=13d3375732fdb2a7b056a7af5f197a5e 
Number of updated asset objects reloaded before import = 0
Number of asset objects unloaded after import = 1
========================================================================
Received Import Request.
  Time of request: 2026-10-07T19:21:26.9746968Z
  Time since last request: 0.0007043 seconds.
  importAddress: GUID: 48fcd6ebd5ce8fd4cbe931895233677d - Path: Packages/com.unity.ide.visualstudio/Editor/VisualStudioIntegration.cs - Importer: ScriptedImporter/UnityEditor.QuickSearchModule:UnityEditor.Search:ASIAI0B
Importing 'GUID: 48fcd6ebd5ce8fd4cbe931895233677d - Path: Packages/com.unity.ide.visualstudio/Editor/VisualStudioIntegration.cs - Importer: ScriptedImporter/UnityEditor.QuickSearchModule:UnityEditor.Search:ASIAI0B' with importer (ScriptedImporter : UnityEditor.QuickSearchModule:UnityEditor.Search:ASIAI0B)
Imported 'GUID: 48fcd6ebd5ce8fd4cbe931895233677d' -> (Import Result ID: '69e6696304921f0f2234e5061113e55d') in 0.006 seconds [static and dynamic dependencies]. Details - ImportResultOutputID=af184877fff51e9fb1ac660de51c4695 DependenciesID=76bf8ca27b7268bf7c28d6d42ff446b4 StaticDependenciesID=ca1ee0ef9cf39f40b2168d756ece17db 
Number of updated asset objects reloaded before import = 0
Number of asset objects unloaded after import = 0
========================================================================
Received Import Request.
  Time of request: 2026-10-07T19:21:26.9819441Z
  Time since last request: 0.0007783 seconds.
  importAddress: GUID: fe6a6957b37b61417b457a1e0541791d - Path: Packages/com.unity.modules.physics2d/package.ModuleCompilationTrigger - Importer: ScriptedImporter/UnityEditor.QuickSearchModule:UnityEditor.Search:ASIAI0B
Importing 'GUID: fe6a6957b37b61417b457a1e0541791d - Path: Packages/com.unity.modules.physics2d/package.ModuleCompilationTrigger - Importer: ScriptedImporter/UnityEditor.QuickSearchModule:UnityEditor.Search:ASIAI0B' with importer (ScriptedImporter : UnityEditor.QuickSearchModule:UnityEditor.Search:ASIAI0B)
Imported 'GUID: fe6a6957b37b61417b457a1e0541791d' -> (Import Result ID: '3fae64f1fed51c52d06f04cb22ce82fd') in 0.005 seconds [static and dynamic dependencies]. Details - ImportResultOutputID=f52f41fe2a96fd237f591ca9cdad5cc2 DependenciesID=0572360c3cbbeea1a6d8307159b71c6a StaticDependenciesID=4500cdb393796943ae6322bc5174ad1b 
Number of updated asset objects reloaded before import = 0
Number of asset objects unloaded after import = 1
========================================================================
Received Import Request.
  Time of request: 2026-10-07T19:21:26.9874731Z
  Time since last request: 0.000448 seconds.
  importAddress: GUID: 0719f1a8b2a284e1182b352e6c8c3c60 - Path: Packages/com.unity.ide.visualstudio/Editor/Testing/TestStatusAdaptor.cs - Importer: ScriptedImporter/UnityEditor.QuickSearchModule:UnityEditor.Search:ASIAI0B
Importing 'GUID: 0719f1a8b2a284e1182b352e6c8c3c60 - Path: Packages/com.unity.ide.visualstudio/Editor/Testing/TestStatusAdaptor.cs - Importer: ScriptedImporter/UnityEditor.QuickSearchModule:UnityEditor.Search:ASIAI0B' with importer (ScriptedImporter : UnityEditor.QuickSearchModule:UnityEditor.Search:ASIAI0B)
Imported 'GUID: 0719f1a8b2a284e1182b352e6c8c3c60' -> (Import Result ID: '1774759b10901e425e4dd9fc099ee57e') in 0.004 seconds [static and dynamic dependencies]. Details - ImportResultOutputID=bcf163147aa18ce8fb8fb53573ecd912 DependenciesID=b7de3a58aafda3e5a70d17dc7dfbbdb8 StaticDependenciesID=232ac368d53fd0c9540e384016b74c4f 
Number of updated asset objects reloaded before import = 0
Number of asset objects unloaded after import = 0
========================================================================
Received Import Request.
  Time of request: 2026-10-07T19:21:26.9921873Z
  Time since last request: 0.0005699 seconds.
  importAddress: GUID: 3e4e7fdc19414089a0fb43e43b1bdae1 - Path: Packages/com.unity.ide.rider/Rider/Editor/ProjectGeneration/SolutionGuidGenerator.cs - Importer: ScriptedImporter/UnityEditor.QuickSearchModule:UnityEditor.Search:ASIAI0B
Importing 'GUID: 3e4e7fdc19414089a0fb43e43b1bdae1 - Path: Packages/com.unity.ide.rider/Rider/Editor/ProjectGeneration/SolutionGuidGenerator.cs - Importer: ScriptedImporter/UnityEditor.QuickSearchModule:UnityEditor.Search:ASIAI0B' with importer (ScriptedImporter : UnityEditor.QuickSearchModule:UnityEditor.Search:ASIAI0B)
Imported 'GUID: 3e4e7fdc19414089a0fb43e43b1bdae1' -> (Import Result ID: '7e81a8ee3ef094080ec61c28bb219fbf') in 0.004 seconds [static and dynamic dependencies]. Details - ImportResultOutputID=bea922b1711669852b37332d124320b3 DependenciesID=8575296c97dfc093c26d6b0a48e2d2e8 StaticDependenciesID=27e424040873b742f10a2a5ac53d6106 
Number of updated asset objects reloaded before import = 0
Number of asset objects unloaded after import = 0
========================================================================
Received Import Request.
  Time of request: 2026-10-07T19:21:26.9964872Z
  Time since last request: 0.000484 seconds.
  importAddress: GUID: 830a36a23cf3ab1e61fa47940a6dc35e - Path: Packages/com.unity.modules.imageconversion/package.ModuleCompilationTrigger - Importer: ScriptedImporter/UnityEditor.QuickSearchModule:UnityEditor.Search:ASIAI0B
Importing 'GUID: 830a36a23cf3ab1e61fa47940a6dc35e - Path: Packages/com.unity.modules.imageconversion/package.ModuleCompilationTrigger - Importer: ScriptedImporter/UnityEditor.QuickSearchModule:UnityEditor.Search:ASIAI0B' with importer (ScriptedImporter : UnityEditor.QuickSearchModule:UnityEditor.Search:ASIAI0B)
Imported 'GUID: 830a36a23cf3ab1e61fa47940a6dc35e' -> (Import Result ID: 'b16b96679801f9c6e1b8c001250a7d70') in 0.004 seconds [static and dynamic dependencies]. Details - ImportResultOutputID=d5960cdbf25c2f4a0cf010db0bd8127e DependenciesID=2a2e2fda207de73b91a1fc1e47d54e2e StaticDependenciesID=d81df156ca84605f164b690bb7347a32 
Number of updated asset objects reloaded before import = 0
Number of asset objects unloaded after import = 1
========================================================================
Received Import Request.
  Time of request: 2026-10-07T19:21:27.0024702Z
  Time since last request: 0.0008804 seconds.
  importAddress: GUID: 56f347f155204ffebacb6ed6f4a4e65f - Path: Packages/com.unity.ide.rider/Rider/Editor/RiderStyles.cs - Importer: ScriptedImporter/UnityEditor.QuickSearchModule:UnityEditor.Search:ASIAI0B
Importing 'GUID: 56f347f155204ffebacb6ed6f4a4e65f - Path: Packages/com.unity.ide.rider/Rider/Editor/RiderStyles.cs - Importer: ScriptedImporter/UnityEditor.QuickSearchModule:UnityEditor.Search:ASIAI0B' with importer (ScriptedImporter : UnityEditor.QuickSearchModule:UnityEditor.Search:ASIAI0B)
Imported 'GUID: 56f347f155204ffebacb6ed6f4a4e65f' -> (Import Result ID: '4ffbd1a948f01909033330853c646c24') in 0.004 seconds [static and dynamic dependencies]. Details - ImportResultOutputID=5284c1ced2a608fb5a722b075c6a517c DependenciesID=ebc692faa8ceec681daa00d2750ad78d StaticDependenciesID=99bc86de7594cb2c7e0edee693a43f8d 
Number of updated asset objects reloaded before import = 0
Number of asset objects unloaded after import = 0
========================================================================
Received Import Request.
  Time of request: 2026-10-07T19:21:27.0072652Z
  Time since last request: 0.0004177 seconds.
  importAddress: GUID: 555fcccd6b79a864f83e7a319daa1c3e - Path: Packages/com.unity.ide.visualstudio/Editor/ProjectGeneration/ProjectGenerationFlag.cs - Importer: ScriptedImporter/UnityEditor.QuickSearchModule:UnityEditor.Search:ASIAI0B
Importing 'GUID: 555fcccd6b79a864f83e7a319daa1c3e - Path: Packages/com.unity.ide.visualstudio/Editor/ProjectGeneration/ProjectGenerationFlag.cs - Importer: ScriptedImporter/UnityEditor.QuickSearchModule:UnityEditor.Search:ASIAI0B' with importer (ScriptedImporter : UnityEditor.QuickSearchModule:UnityEditor.Search:ASIAI0B)
Imported 'GUID: 555fcccd6b79a864f83e7a319daa1c3e' -> (Import Result ID: 'dd933c85ea2e2cf7abc18717d0c16468') in 0.007 seconds [static and dynamic dependencies]. Details - ImportResultOutputID=7aa99854c6735df0bd2974c5faa947da DependenciesID=10ba46eaf6f6788d581af77f2208e80a StaticDependenciesID=639390945d9a559940a60555e7c9bc29 
Number of updated asset objects reloaded before import = 0
Number of asset objects unloaded after import = 0
========================================================================
Received Import Request.
  Time of request: 2026-10-07T19:21:27.0150894Z
  Time since last request: 0.0006256 seconds.
  importAddress: GUID: 48483563a64de3a4e8690122762055f1 - Path: Packages/com.unity.ide.rider/Rider/Editor/UnitTesting/SyncTestRunEventsHandler.cs - Importer: ScriptedImporter/UnityEditor.QuickSearchModule:UnityEditor.Search:ASIAI0B
Importing 'GUID: 48483563a64de3a4e8690122762055f1 - Path: Packages/com.unity.ide.rider/Rider/Editor/UnitTesting/SyncTestRunEventsHandler.cs - Importer: ScriptedImporter/UnityEditor.QuickSearchModule:UnityEditor.Search:ASIAI0B' with importer (ScriptedImporter : UnityEditor.QuickSearchModule:UnityEditor.Search:ASIAI0B)
Imported 'GUID: 48483563a64de3a4e8690122762055f1' -> (Import Result ID: '4290f28ab75cf25ef04124de65a9dc5d') in 0.005 seconds [static and dynamic dependencies]. Details - ImportResultOutputID=51630c23444308e3878124fab33b9478 DependenciesID=7c6d6a9cb4859b7c5a781ec90b3725a6 StaticDependenciesID=180e537a76897f5d88fd765fca45d9e0 
Number of updated asset objects reloaded before import = 0
Number of asset objects unloaded after import = 0
========================================================================
Received Import Request.
  Time of request: 2026-10-07T19:21:27.0205492Z
  Time since last request: 0.0006314 seconds.
  importAddress: GUID: 071c17858dc6c47ada7b2a1f1ded5402 - Path: Packages/com.unity.ide.rider/Rider/Editor/Util/LibcNativeInterop.cs - Importer: ScriptedImporter/UnityEditor.QuickSearchModule:UnityEditor.Search:ASIAI0B
Importing 'GUID: 071c17858dc6c47ada7b2a1f1ded5402 - Path: Packages/com.unity.ide.rider/Rider/Editor/Util/LibcNativeInterop.cs - Importer: ScriptedImporter/UnityEditor.QuickSearchModule:UnityEditor.Search:ASIAI0B' with importer (ScriptedImporter : UnityEditor.QuickSearchModule:UnityEditor.Search:ASIAI0B)
Imported 'GUID: 071c17858dc6c47ada7b2a1f1ded5402' -> (Import Result ID: '4e81c7cc0608b3a8a9555f509f39ffda') in 0.003 seconds [static and dynamic dependencies]. Details - ImportResultOutputID=c79ef63f64803c9cf799e188fe5a7b2f DependenciesID=526709924304569aad2e508c05887dae StaticDependenciesID=058b6e7ba346c05ac1402e26e5a6c5d8 
Number of updated asset objects reloaded before import = 0
Number of asset objects unloaded after import = 0
========================================================================
Received Import Request.
  Time of request: 2026-10-07T19:21:27.0247766Z
  Time since last request: 0.0005418 seconds.
  importAddress: GUID: a6ba838b1348d5e46a7eaacd1646c1d3 - Path: Packages/com.unity.ide.rider/Rider/Editor/ProjectGeneration/FileIOProvider.cs - Importer: ScriptedImporter/UnityEditor.QuickSearchModule:UnityEditor.Search:ASIAI0B
Importing 'GUID: a6ba838b1348d5e46a7eaacd1646c1d3 - Path: Packages/com.unity.ide.rider/Rider/Editor/ProjectGeneration/FileIOProvider.cs - Importer: ScriptedImporter/UnityEditor.QuickSearchModule:UnityEditor.Search:ASIAI0B' with importer (ScriptedImporter : UnityEditor.QuickSearchModule:UnityEditor.Search:ASIAI0B)
Imported 'GUID: a6ba838b1348d5e46a7eaacd1646c1d3' -> (Import Result ID: '525e03742bb8e9a94cab1f135dfc38d6') in 0.003 seconds [static and dynamic dependencies]. Details - ImportResultOutputID=0ed268611e452253f760471a060194f5 DependenciesID=6f0e94513242ab04b1243b2a64b335b1 StaticDependenciesID=1f2dc9f12c55626f388105f0b7ecd16a 
Number of updated asset objects reloaded before import = 0
Number of asset objects unloaded after import = 0
========================================================================
Received Import Request.
  Time of request: 2026-10-07T19:21:27.0287971Z
  Time since last request: 0.0005272 seconds.
  importAddress: GUID: c82e859b16636ddd2ca4a1f63fd34938 - Path: Packages/com.unity.modules.androidjni/package.ModuleCompilationTrigger - Importer: ScriptedImporter/UnityEditor.QuickSearchModule:UnityEditor.Search:ASIAI0B
Importing 'GUID: c82e859b16636ddd2ca4a1f63fd34938 - Path: Packages/com.unity.modules.androidjni/package.ModuleCompilationTrigger - Importer: ScriptedImporter/UnityEditor.QuickSearchModule:UnityEditor.Search:ASIAI0B' with importer (ScriptedImporter : UnityEditor.QuickSearchModule:UnityEditor.Search:ASIAI0B)
Imported 'GUID: c82e859b16636ddd2ca4a1f63fd34938' -> (Import Result ID: '74e58dd0eb285058538e64bb878b95dc') in 0.005 seconds [static and dynamic dependencies]. Details - ImportResultOutputID=30190ff088f7aefbd8fb155808b29d06 DependenciesID=107a05fcb864a373649e8fbd3114e7f0 StaticDependenciesID=713acf4ff3cc6b8524e2f43e55a3277e 
Number of updated asset objects reloaded before import = 0
Number of asset objects unloaded after import = 1
========================================================================
Received Import Request.
  Time of request: 2026-10-07T19:21:27.0347595Z
  Time since last request: 0.0005158 seconds.
  importAddress: GUID: ec80b1fb8938b3b4ab442d10390c5315 - Path: Packages/com.unity.ide.visualstudio/Editor/ProjectGeneration/FileIOProvider.cs - Importer: ScriptedImporter/UnityEditor.QuickSearchModule:UnityEditor.Search:ASIAI0B
Importing 'GUID: ec80b1fb8938b3b4ab442d10390c5315 - Path: Packages/com.unity.ide.visualstudio/Editor/ProjectGeneration/FileIOProvider.cs - Importer: ScriptedImporter/UnityEditor.QuickSearchModule:UnityEditor.Search:ASIAI0B' with importer (ScriptedImporter : UnityEditor.QuickSearchModule:UnityEditor.Search:ASIAI0B)
Imported 'GUID: ec80b1fb8938b3b4ab442d10390c5315' -> (Import Result ID: '701a98d01ea8c0f24f54141aa759d7a4') in 0.004 seconds [static and dynamic dependencies]. Details - ImportResultOutputID=c53586c0fc270cecf9e10ae40bf5ff3c DependenciesID=49cf0ddb40cca955e3159c8a6d9f912b StaticDependenciesID=8b5c7cb453801d4329a4c21b922a14a8 
Number of updated asset objects reloaded before import = 0
Number of asset objects unloaded after import = 0
========================================================================
Received Import Request.
  Time of request: 2026-10-07T19:21:27.0407801Z
  Time since last request: 0.0011955 seconds.
  importAddress: GUID: 7019e230344c48d4b81602e2e978e5de - Path: Packages/com.unity.ide.rider/Rider/Editor/ProjectGeneration/LastWriteTracker.cs - Importer: ScriptedImporter/UnityEditor.QuickSearchModule:UnityEditor.Search:ASIAI0B
Importing 'GUID: 7019e230344c48d4b81602e2e978e5de - Path: Packages/com.unity.ide.rider/Rider/Editor/ProjectGeneration/LastWriteTracker.cs - Importer: ScriptedImporter/UnityEditor.QuickSearchModule:UnityEditor.Search:ASIAI0B' with importer (ScriptedImporter : UnityEditor.QuickSearchModule:UnityEditor.Search:ASIAI0B)
Imported 'GUID: 7019e230344c48d4b81602e2e978e5de' -> (Import Result ID: '02852a9b3f194eaf074694a6f8ffa123') in 0.005 seconds [static and dynamic dependencies]. Details - ImportResultOutputID=a63137191c5e4e905d520016c726f313 DependenciesID=ccdc534cee22f4ea082e506792f8076c StaticDependenciesID=53517df4e704d8ad0e85f48c714e6b37 
Number of updated asset objects reloaded before import = 0
Number of asset objects unloaded after import = 0
========================================================================
Received Import Request.
  Time of request: 2026-10-07T19:21:27.0475084Z
  Time since last request: 0.0014503 seconds.
  importAddress: GUID: 4c413a81cadcce7038e446e56570117e - Path: Packages/com.unity.modules.adaptiveperformance/package.json - Importer: ScriptedImporter/UnityEditor.QuickSearchModule:UnityEditor.Search:ASIAI0B
Importing 'GUID: 4c413a81cadcce7038e446e56570117e - Path: Packages/com.unity.modules.adaptiveperformance/package.json - Importer: ScriptedImporter/UnityEditor.QuickSearchModule:UnityEditor.Search:ASIAI0B' with importer (ScriptedImporter : UnityEditor.QuickSearchModule:UnityEditor.Search:ASIAI0B)
Imported 'GUID: 4c413a81cadcce7038e446e56570117e' -> (Import Result ID: '82673a4d2f0254cc03d814d59b61318e') in 0.003 seconds [static and dynamic dependencies]. Details - ImportResultOutputID=8d54fb69c71ed9ad860f12f9ce718fc8 DependenciesID=fbaacec81db9b49c8b7b5005cebba687 StaticDependenciesID=1e1b0b4437f10ed19b2f2915aa50fa20 
Number of updated asset objects reloaded before import = 0
Number of asset objects unloaded after import = 1
========================================================================
Received Import Request.
  Time of request: 2026-10-07T19:21:27.0507527Z
  Time since last request: 0.000454 seconds.
  importAddress: GUID: e7c145f2cd3c411ca7f50ebc5f5a6d24 - Path: Packages/com.unity.ide.rider/Rider/Editor/StartUpMethodExecutor.cs - Importer: ScriptedImporter/UnityEditor.QuickSearchModule:UnityEditor.Search:ASIAI0B
Importing 'GUID: e7c145f2cd3c411ca7f50ebc5f5a6d24 - Path: Packages/com.unity.ide.rider/Rider/Editor/StartUpMethodExecutor.cs - Importer: ScriptedImporter/UnityEditor.QuickSearchModule:UnityEditor.Search:ASIAI0B' with importer (ScriptedImporter : UnityEditor.QuickSearchModule:UnityEditor.Search:ASIAI0B)
Imported 'GUID: e7c145f2cd3c411ca7f50ebc5f5a6d24' -> (Import Result ID: '57ccc305ee2f19e2a5685de30c7a1042') in 0.005 seconds [static and dynamic dependencies]. Details - ImportResultOutputID=3d030a20501964a1864470da2c0d020a DependenciesID=fc99e90f4751b0d0c6bfb8b0ff807180 StaticDependenciesID=7d40782461b236892037ce580a127c8d 
Number of updated asset objects reloaded before import = 0
Number of asset objects unloaded after import = 0
========================================================================
Received Import Request.
  Time of request: 2026-10-07T19:21:27.0568126Z
  Time since last request: 0.0003886 seconds.
  importAddress: GUID: f9bd02a3a916be64c9b47b1305149423 - Path: Packages/com.unity.ide.rider/Rider/Editor/EditorPluginInterop.cs - Importer: ScriptedImporter/UnityEditor.QuickSearchModule:UnityEditor.Search:ASIAI0B
Importing 'GUID: f9bd02a3a916be64c9b47b1305149423 - Path: Packages/com.unity.ide.rider/Rider/Editor/EditorPluginInterop.cs - Importer: ScriptedImporter/UnityEditor.QuickSearchModule:UnityEditor.Search:ASIAI0B' with importer (ScriptedImporter : UnityEditor.QuickSearchModule:UnityEditor.Search:ASIAI0B)
Imported 'GUID: f9bd02a3a916be64c9b47b1305149423' -> (Import Result ID: '496732b941733777ce21c7fdd18002ae') in 0.005 seconds [static and dynamic dependencies]. Details - ImportResultOutputID=c766f5139c42e1cdb23a4aefe9c59c37 DependenciesID=ed7e580375d80cd1207ea8a1690f8548 StaticDependenciesID=1dc84671409ae70dcb78cf244ca60460 
Number of updated asset objects reloaded before import = 0
Number of asset objects unloaded after import = 0
========================================================================
Received Import Request.
  Time of request: 2026-10-07T19:21:27.0628919Z
  Time since last request: 0.0006626 seconds.
  importAddress: GUID: bd1af0a6633ee94ae21c7d1d702cdc12 - Path: Packages/com.unity.modules.androidjni/package.json - Importer: ScriptedImporter/UnityEditor.QuickSearchModule:UnityEditor.Search:ASIAI0B
Importing 'GUID: bd1af0a6633ee94ae21c7d1d702cdc12 - Path: Packages/com.unity.modules.androidjni/package.json - Importer: ScriptedImporter/UnityEditor.QuickSearchModule:UnityEditor.Search:ASIAI0B' with importer (ScriptedImporter : UnityEditor.QuickSearchModule:UnityEditor.Search:ASIAI0B)
Imported 'GUID: bd1af0a6633ee94ae21c7d1d702cdc12' -> (Import Result ID: 'a1229dfdea9a53f97b81c689d6e3c95c') in 0.004 seconds [static and dynamic dependencies]. Details - ImportResultOutputID=b7c4dba42c1f9b8e19a90ea43780c0d3 DependenciesID=ae338b2672bf1da8fedad9671cb97e73 StaticDependenciesID=6353d6f978863d4e5164af25a0a3dad4 
Number of updated asset objects reloaded before import = 0
Number of asset objects unloaded after import = 1
========================================================================
Received Import Request.
  Time of request: 2026-10-07T19:21:27.0672694Z
  Time since last request: 0.0005277 seconds.
  importAddress: GUID: 5da62a0c1c5218c4aa16b74546a7822d - Path: Packages/com.unity.ext.nunit/README.md - Importer: ScriptedImporter/UnityEditor.QuickSearchModule:UnityEditor.Search:ASIAI0B
Importing 'GUID: 5da62a0c1c5218c4aa16b74546a7822d - Path: Packages/com.unity.ext.nunit/README.md - Importer: ScriptedImporter/UnityEditor.QuickSearchModule:UnityEditor.Search:ASIAI0B' with importer (ScriptedImporter : UnityEditor.QuickSearchModule:UnityEditor.Search:ASIAI0B)
Imported 'GUID: 5da62a0c1c5218c4aa16b74546a7822d' -> (Import Result ID: '74fa9ab41696bca50c9a14f3fb49c365') in 0.006 seconds [static and dynamic dependencies]. Details - ImportResultOutputID=2e55fae17362c6639c2011732d65cad3 DependenciesID=e09f40296e40e9c1ed285d5df28e12b2 StaticDependenciesID=5d8bc61f64dbd4fa75966526429e0174 
Number of updated asset objects reloaded before import = 0
Number of asset objects unloaded after import = 1
========================================================================
Received Import Request.
  Time of request: 2026-10-07T19:21:27.0738595Z
  Time since last request: 0.0005042 seconds.
  importAddress: GUID: 829d4d6bc39fd1044ba4c5fc2a9c911f - Path: Packages/com.unity.ide.visualstudio/Editor/SolutionProperties.cs - Importer: ScriptedImporter/UnityEditor.QuickSearchModule:UnityEditor.Search:ASIAI0B
Importing 'GUID: 829d4d6bc39fd1044ba4c5fc2a9c911f - Path: Packages/com.unity.ide.visualstudio/Editor/SolutionProperties.cs - Importer: ScriptedImporter/UnityEditor.QuickSearchModule:UnityEditor.Search:ASIAI0B' with importer (ScriptedImporter : UnityEditor.QuickSearchModule:UnityEditor.Search:ASIAI0B)
Imported 'GUID: 829d4d6bc39fd1044ba4c5fc2a9c911f' -> (Import Result ID: 'b70e60c21f0243f449139aba8e9701a1') in 0.004 seconds [static and dynamic dependencies]. Details - ImportResultOutputID=bfeed17ecaaf6ce02912897b362c9914 DependenciesID=a1b0474ba6a932cd4f79c44fee61f893 StaticDependenciesID=ab9b11b720f6040acc16d7ae6a50a0f0 
Number of updated asset objects reloaded before import = 0
Number of asset objects unloaded after import = 0
========================================================================
Received Import Request.
  Time of request: 2026-10-07T19:21:27.0790926Z
  Time since last request: 0.0007745 seconds.
  importAddress: GUID: d85e5eeaf8f135aeaaebdc8aa3cff6c3 - Path: Packages/com.unity.modules.umbra/package.json - Importer: ScriptedImporter/UnityEditor.QuickSearchModule:UnityEditor.Search:ASIAI0B
Importing 'GUID: d85e5eeaf8f135aeaaebdc8aa3cff6c3 - Path: Packages/com.unity.modules.umbra/package.json - Importer: ScriptedImporter/UnityEditor.QuickSearchModule:UnityEditor.Search:ASIAI0B' with importer (ScriptedImporter : UnityEditor.QuickSearchModule:UnityEditor.Search:ASIAI0B)
Imported 'GUID: d85e5eeaf8f135aeaaebdc8aa3cff6c3' -> (Import Result ID: '959be428678a8e4b5616fe13bb1f4927') in 0.003 seconds [static and dynamic dependencies]. Details - ImportResultOutputID=2c7992e0a80bd6006042058d2e3b6cdd DependenciesID=58bba9e53fcdb6391bd57cbf8d611d24 StaticDependenciesID=8ce44548a7ecac9141a6b05bdcef3a0e 
Number of updated asset objects reloaded before import = 0
Number of asset objects unloaded after import = 1
========================================================================
Received Import Request.
  Time of request: 2026-10-07T19:21:27.0831864Z
  Time since last request: 0.0004376 seconds.
  importAddress: GUID: 4d34a9510a5b9d21381c93e73867a193 - Path: Packages/com.unity.ide.rider/Rider/Editor/Util/RiderPathUtil.cs - Importer: ScriptedImporter/UnityEditor.QuickSearchModule:UnityEditor.Search:ASIAI0B
Importing 'GUID: 4d34a9510a5b9d21381c93e73867a193 - Path: Packages/com.unity.ide.rider/Rider/Editor/Util/RiderPathUtil.cs - Importer: ScriptedImporter/UnityEditor.QuickSearchModule:UnityEditor.Search:ASIAI0B' with importer (ScriptedImporter : UnityEditor.QuickSearchModule:UnityEditor.Search:ASIAI0B)
Imported 'GUID: 4d34a9510a5b9d21381c93e73867a193' -> (Import Result ID: '500f0e2f49c7a396fa61289ceae8e043') in 0.004 seconds [static and dynamic dependencies]. Details - ImportResultOutputID=9a00c48dae63f3310f06a5062dbf2e91 DependenciesID=0a07099cc5596d7120aa95162e8af5a7 StaticDependenciesID=6820f256cd0ba3030648a539c1f2e8a7 
Number of updated asset objects reloaded before import = 0
Number of asset objects unloaded after import = 0
========================================================================
Received Import Request.
  Time of request: 2026-10-07T19:21:27.0879596Z
  Time since last request: 0.0006124 seconds.
  importAddress: GUID: be7ef402265a7a549b2e43c11d1a22c5 - Path: Packages/com.unity.ide.visualstudio/Editor/VisualStudioForWindowsInstallation.cs - Importer: ScriptedImporter/UnityEditor.QuickSearchModule:UnityEditor.Search:ASIAI0B
Importing 'GUID: be7ef402265a7a549b2e43c11d1a22c5 - Path: Packages/com.unity.ide.visualstudio/Editor/VisualStudioForWindowsInstallation.cs - Importer: ScriptedImporter/UnityEditor.QuickSearchModule:UnityEditor.Search:ASIAI0B' with importer (ScriptedImporter : UnityEditor.QuickSearchModule:UnityEditor.Search:ASIAI0B)
Imported 'GUID: be7ef402265a7a549b2e43c11d1a22c5' -> (Import Result ID: '52ae3ac3b7d3e66e3ee56aa96731714e') in 0.003 seconds [static and dynamic dependencies]. Details - ImportResultOutputID=2ffd1d526ef6fc8dcda10b38bd8584dc DependenciesID=32c125d6ff364a4c2a76458eddce8a13 StaticDependenciesID=9e6ee67a2e94bb8cc243d54175e3810a 
Number of updated asset objects reloaded before import = 0
Number of asset objects unloaded after import = 0
========================================================================
Received Import Request.
  Time of request: 2026-10-07T19:21:27.0923271Z
  Time since last request: 0.0005939 seconds.
  importAddress: GUID: 302b1bdfb7a645db994491799832912b - Path: Packages/com.unity.ide.rider/Rider/Editor/Util/StringBuilderExtensions.cs - Importer: ScriptedImporter/UnityEditor.QuickSearchModule:UnityEditor.Search:ASIAI0B
Importing 'GUID: 302b1bdfb7a645db994491799832912b - Path: Packages/com.unity.ide.rider/Rider/Editor/Util/StringBuilderExtensions.cs - Importer: ScriptedImporter/UnityEditor.QuickSearchModule:UnityEditor.Search:ASIAI0B' with importer (ScriptedImporter : UnityEditor.QuickSearchModule:UnityEditor.Search:ASIAI0B)
Imported 'GUID: 302b1bdfb7a645db994491799832912b' -> (Import Result ID: 'cc7b17499d00e7a87985cc4eab7ab4b1') in 0.004 seconds [static and dynamic dependencies]. Details - ImportResultOutputID=8ef89439ac5df5e83636764374d0d96e DependenciesID=fe57267ee1f75376e18f82d99c711d93 StaticDependenciesID=ea0be73b87450d95979d426409757142 
Number of updated asset objects reloaded before import = 0
Number of asset objects unloaded after import = 0
========================================================================
Received Import Request.
  Time of request: 2026-10-07T19:21:27.0967893Z
  Time since last request: 0.0005781 seconds.
  importAddress: GUID: 4b518b37798c97b0f860962cbf615533 - Path: Packages/com.unity.modules.unitywebrequestaudio/package.json - Importer: ScriptedImporter/UnityEditor.QuickSearchModule:UnityEditor.Search:ASIAI0B
Importing 'GUID: 4b518b37798c97b0f860962cbf615533 - Path: Packages/com.unity.modules.unitywebrequestaudio/package.json - Importer: ScriptedImporter/UnityEditor.QuickSearchModule:UnityEditor.Search:ASIAI0B' with importer (ScriptedImporter : UnityEditor.QuickSearchModule:UnityEditor.Search:ASIAI0B)
Imported 'GUID: 4b518b37798c97b0f860962cbf615533' -> (Import Result ID: 'a69fea10af18a635cdf415ee684e9c23') in 0.004 seconds [static and dynamic dependencies]. Details - ImportResultOutputID=a4f538fe1f5ae3810ad54d5ec1b7a5a1 DependenciesID=94ff5518ae28dee4be93ca9fe29ac158 StaticDependenciesID=d51f18f6a004804847bfd7f5f64b1f66 
Number of updated asset objects reloaded before import = 0
Number of asset objects unloaded after import = 1
========================================================================
Received Import Request.
  Time of request: 2026-10-07T19:21:27.1013672Z
  Time since last request: 0.0006117 seconds.
  importAddress: GUID: 656f74f6edaa396458412b9e3903d8cd - Path: Packages/com.unity.ide.visualstudio/package.json - Importer: ScriptedImporter/UnityEditor.QuickSearchModule:UnityEditor.Search:ASIAI0B
Importing 'GUID: 656f74f6edaa396458412b9e3903d8cd - Path: Packages/com.unity.ide.visualstudio/package.json - Importer: ScriptedImporter/UnityEditor.QuickSearchModule:UnityEditor.Search:ASIAI0B' with importer (ScriptedImporter : UnityEditor.QuickSearchModule:UnityEditor.Search:ASIAI0B)
Imported 'GUID: 656f74f6edaa396458412b9e3903d8cd' -> (Import Result ID: 'fdc56deb56463c241487ba6b0d51a62b') in 0.003 seconds [static and dynamic dependencies]. Details - ImportResultOutputID=06f0d06d0754924c09ece6dc975cb94a DependenciesID=0e68754cf9fb97216b82ac0539c9a4be StaticDependenciesID=d3cb8fcd7d69fa697ace438d5b9e163f 
Number of updated asset objects reloaded before import = 0
Number of asset objects unloaded after import = 1
========================================================================
Received Import Request.
  Time of request: 2026-10-07T19:21:27.105261Z
  Time since last request: 0.0004673 seconds.
  importAddress: GUID: 082fbee38a82835433261a5e9c00e267 - Path: Packages/com.unity.modules.cloth/package.ModuleCompilationTrigger - Importer: ScriptedImporter/UnityEditor.QuickSearchModule:UnityEditor.Search:ASIAI0B
Importing 'GUID: 082fbee38a82835433261a5e9c00e267 - Path: Packages/com.unity.modules.cloth/package.ModuleCompilationTrigger - Importer: ScriptedImporter/UnityEditor.QuickSearchModule:UnityEditor.Search:ASIAI0B' with importer (ScriptedImporter : UnityEditor.QuickSearchModule:UnityEditor.Search:ASIAI0B)
Imported 'GUID: 082fbee38a82835433261a5e9c00e267' -> (Import Result ID: '4abe7d9bbfb684f660f0b9893d09c879') in 0.006 seconds [static and dynamic dependencies]. Details - ImportResultOutputID=604a75923035d3b38d2356733a70c170 DependenciesID=48234c26d025700d9965215110ee1ac7 StaticDependenciesID=d6d914ef22be1f92b6f8c80272c7038b 
Number of updated asset objects reloaded before import = 0
Number of asset objects unloaded after import = 1
========================================================================
Received Import Request.
  Time of request: 2026-10-07T19:21:27.1119188Z
  Time since last request: 0.0003727 seconds.
  importAddress: GUID: 7610600f5c83e01041a6fe849d39279f - Path: Packages/com.unity.modules.unitywebrequestassetbundle/package.ModuleCompilationTrigger - Importer: ScriptedImporter/UnityEditor.QuickSearchModule:UnityEditor.Search:ASIAI0B
Importing 'GUID: 7610600f5c83e01041a6fe849d39279f - Path: Packages/com.unity.modules.unitywebrequestassetbundle/package.ModuleCompilationTrigger - Importer: ScriptedImporter/UnityEditor.QuickSearchModule:UnityEditor.Search:ASIAI0B' with importer (ScriptedImporter : UnityEditor.QuickSearchModule:UnityEditor.Search:ASIAI0B)
Imported 'GUID: 7610600f5c83e01041a6fe849d39279f' -> (Import Result ID: 'f27e7576e3e4d9b88d595933ff150fe7') in 0.004 seconds [static and dynamic dependencies]. Details - ImportResultOutputID=6ca1bc3d31f51635ca0f65b5d2f261dd DependenciesID=29a0f1663a0bdfa75313e5c58273c5d8 StaticDependenciesID=da6804b9c9db5b9475a77886f047caae 
Number of updated asset objects reloaded before import = 0
Number of asset objects unloaded after import = 1
========================================================================
Received Import Request.
  Time of request: 2026-10-07T19:21:27.1170744Z
  Time since last request: 0.0005571 seconds.
  importAddress: GUID: f0f13f2ab3d6d13cfc6e4656824bfca8 - Path: Packages/com.unity.modules.ai/package.json - Importer: ScriptedImporter/UnityEditor.QuickSearchModule:UnityEditor.Search:ASIAI0B
Importing 'GUID: f0f13f2ab3d6d13cfc6e4656824bfca8 - Path: Packages/com.unity.modules.ai/package.json - Importer: ScriptedImporter/UnityEditor.QuickSearchModule:UnityEditor.Search:ASIAI0B' with importer (ScriptedImporter : UnityEditor.QuickSearchModule:UnityEditor.Search:ASIAI0B)
Imported 'GUID: f0f13f2ab3d6d13cfc6e4656824bfca8' -> (Import Result ID: '7d9b799074f2cff569abbc88bd7f4b42') in 0.005 seconds [static and dynamic dependencies]. Details - ImportResultOutputID=e717e6f067775fc877eab5c8b6653d70 DependenciesID=cd90e26b9f8b66bbe83ae7cc5e292d39 StaticDependenciesID=052f4f9822eb001dec942712e0e241f9 
Number of updated asset objects reloaded before import = 0
Number of asset objects unloaded after import = 1
========================================================================
Received Import Request.
  Time of request: 2026-10-07T19:21:27.1225539Z
  Time since last request: 0.0005482 seconds.
  importAddress: GUID: a52391bc44c477f40a547ed4ef3b9560 - Path: Packages/com.unity.ide.rider/Rider/Editor/UnitTesting - Importer: ScriptedImporter/UnityEditor.QuickSearchModule:UnityEditor.Search:ASIAI0B
Importing 'GUID: a52391bc44c477f40a547ed4ef3b9560 - Path: Packages/com.unity.ide.rider/Rider/Editor/UnitTesting - Importer: ScriptedImporter/UnityEditor.QuickSearchModule:UnityEditor.Search:ASIAI0B' with importer (ScriptedImporter : UnityEditor.QuickSearchModule:UnityEditor.Search:ASIAI0B)
Imported 'GUID: a52391bc44c477f40a547ed4ef3b9560' -> (Import Result ID: 'bd3102d56b2e765c67c3d899af5b69e1') in 0.003 seconds [static and dynamic dependencies]. Details - ImportResultOutputID=6f007325aca795e58dbed5ac806f66f2 DependenciesID=e4ffa4a6677ae938c5b33648b5823eec StaticDependenciesID=836d43c23aa28e8f3dcb8a38e87bba8f 
Number of updated asset objects reloaded before import = 0
Number of asset objects unloaded after import = 1
========================================================================
Received Import Request.
  Time of request: 2026-10-07T19:21:27.1274255Z
  Time since last request: 0.0009796 seconds.
  importAddress: GUID: b83f06ac0c0696e9563230865ca72b81 - Path: Packages/com.unity.modules.wind/package.json - Importer: ScriptedImporter/UnityEditor.QuickSearchModule:UnityEditor.Search:ASIAI0B
Importing 'GUID: b83f06ac0c0696e9563230865ca72b81 - Path: Packages/com.unity.modules.wind/package.json - Importer: ScriptedImporter/UnityEditor.QuickSearchModule:UnityEditor.Search:ASIAI0B' with importer (ScriptedImporter : UnityEditor.QuickSearchModule:UnityEditor.Search:ASIAI0B)
Imported 'GUID: b83f06ac0c0696e9563230865ca72b81' -> (Import Result ID: 'f82015876345bdb9b0b22efecc1bd0a2') in 0.004 seconds [static and dynamic dependencies]. Details - ImportResultOutputID=75bccd58fa4583fe7ed3f35d74f2c44d DependenciesID=7e25f148fa2fa172b04496994aa47417 StaticDependenciesID=4e7cbf2b100c267ec833df0b67eebf2b 
Number of updated asset objects reloaded before import = 0
Number of asset objects unloaded after import = 1
========================================================================
Received Import Request.
  Time of request: 2026-10-07T19:21:27.1338381Z
  Time since last request: 0.001816 seconds.
  importAddress: GUID: 2f820130c86c28547a0f1a2f4c73155b - Path: Packages/com.unity.ide.visualstudio/Editor/Messaging - Importer: ScriptedImporter/UnityEditor.QuickSearchModule:UnityEditor.Search:ASIAI0B
Importing 'GUID: 2f820130c86c28547a0f1a2f4c73155b - Path: Packages/com.unity.ide.visualstudio/Editor/Messaging - Importer: ScriptedImporter/UnityEditor.QuickSearchModule:UnityEditor.Search:ASIAI0B' with importer (ScriptedImporter : UnityEditor.QuickSearchModule:UnityEditor.Search:ASIAI0B)
Imported 'GUID: 2f820130c86c28547a0f1a2f4c73155b' -> (Import Result ID: 'ac15508b176bff60d4650c7656032032') in 0.003 seconds [static and dynamic dependencies]. Details - ImportResultOutputID=cd3aa770147f1ab157cd1e29dbad40ad DependenciesID=94c3515d9c0d18b2cef9bce59c11047c StaticDependenciesID=8757c9adc76f955708045899de2d37c9 
Number of updated asset objects reloaded before import = 0
Number of asset objects unloaded after import = 1
========================================================================
Received Import Request.
  Time of request: 2026-10-07T19:21:27.1379473Z
  Time since last request: 0.0006913 seconds.
  importAddress: GUID: f3edbdc86577af648a23263aa75161e1 - Path: Packages/com.unity.ide.visualstudio/Editor/Messaging/MessageType.cs - Importer: ScriptedImporter/UnityEditor.QuickSearchModule:UnityEditor.Search:ASIAI0B
Importing 'GUID: f3edbdc86577af648a23263aa75161e1 - Path: Packages/com.unity.ide.visualstudio/Editor/Messaging/MessageType.cs - Importer: ScriptedImporter/UnityEditor.QuickSearchModule:UnityEditor.Search:ASIAI0B' with importer (ScriptedImporter : UnityEditor.QuickSearchModule:UnityEditor.Search:ASIAI0B)
Imported 'GUID: f3edbdc86577af648a23263aa75161e1' -> (Import Result ID: 'edbc9e4ceed6cb003622fdc6ce7debf2') in 0.004 seconds [static and dynamic dependencies]. Details - ImportResultOutputID=9ea005807cfc767fb2bc29f2d6f6efd4 DependenciesID=e9df802a785354f7054f3a0c4b61b5b8 StaticDependenciesID=c35bf390fba4004a4c809d5f1a13b81b 
Number of updated asset objects reloaded before import = 0
Number of asset objects unloaded after import = 0
========================================================================
Received Import Request.
  Time of request: 2026-10-07T19:21:27.1427524Z
  Time since last request: 0.0009913 seconds.
  importAddress: GUID: 1bdab5b8331b4506bf4eae379235c053 - Path: Packages/com.unity.ide.rider/Rider/Editor/ProjectGeneration/IFileIO.cs - Importer: ScriptedImporter/UnityEditor.QuickSearchModule:UnityEditor.Search:ASIAI0B
Importing 'GUID: 1bdab5b8331b4506bf4eae379235c053 - Path: Packages/com.unity.ide.rider/Rider/Editor/ProjectGeneration/IFileIO.cs - Importer: ScriptedImporter/UnityEditor.QuickSearchModule:UnityEditor.Search:ASIAI0B' with importer (ScriptedImporter : UnityEditor.QuickSearchModule:UnityEditor.Search:ASIAI0B)
Imported 'GUID: 1bdab5b8331b4506bf4eae379235c053' -> (Import Result ID: '32c007a930bf3abe23e44f3509c61152') in 0.004 seconds [static and dynamic dependencies]. Details - ImportResultOutputID=4166b39fdc27004ce265dae3d3be4bf3 DependenciesID=df7d7eed55fc7e25ba4f5c421322384b StaticDependenciesID=100895fe6b7fb81f2c8d15784bed3683 
Number of updated asset objects reloaded before import = 0
Number of asset objects unloaded after import = 0
========================================================================
Received Import Request.
  Time of request: 2026-10-07T19:21:27.1473444Z
  Time since last request: 0.0003861 seconds.
  importAddress: GUID: 9f3705b95d031e84c82f140d8e980867 - Path: Packages/com.unity.ide.visualstudio/Editor/ProjectGeneration/ProjectGeneration.cs - Importer: ScriptedImporter/UnityEditor.QuickSearchModule:UnityEditor.Search:ASIAI0B
Importing 'GUID: 9f3705b95d031e84c82f140d8e980867 - Path: Packages/com.unity.ide.visualstudio/Editor/ProjectGeneration/ProjectGeneration.cs - Importer: ScriptedImporter/UnityEditor.QuickSearchModule:UnityEditor.Search:ASIAI0B' with importer (ScriptedImporter : UnityEditor.QuickSearchModule:UnityEditor.Search:ASIAI0B)
Imported 'GUID: 9f3705b95d031e84c82f140d8e980867' -> (Import Result ID: '11725b2ef55f474152e354d284600beb') in 0.003 seconds [static and dynamic dependencies]. Details - ImportResultOutputID=44e93a67b5bac03d50a7ad963f8a4142 DependenciesID=5cb03f3ddefd8a4dc5dac3af763236bf StaticDependenciesID=5f06c893cc081fa02ad0832eefbc837e 
Number of updated asset objects reloaded before import = 0
Number of asset objects unloaded after import = 0
========================================================================
Received Import Request.
  Time of request: 2026-10-07T19:21:27.1515933Z
  Time since last request: 0.00047 seconds.
  importAddress: GUID: bfcb3ba499f7d452b92d9a9cc3378788 - Path: Packages/com.unity.ext.nunit/Third Party Notices.md - Importer: ScriptedImporter/UnityEditor.QuickSearchModule:UnityEditor.Search:ASIAI0B
Importing 'GUID: bfcb3ba499f7d452b92d9a9cc3378788 - Path: Packages/com.unity.ext.nunit/Third Party Notices.md - Importer: ScriptedImporter/UnityEditor.QuickSearchModule:UnityEditor.Search:ASIAI0B' with importer (ScriptedImporter : UnityEditor.QuickSearchModule:UnityEditor.Search:ASIAI0B)
Imported 'GUID: bfcb3ba499f7d452b92d9a9cc3378788' -> (Import Result ID: 'aba0a1e20bdbda36ebf0f727efe7e826') in 0.004 seconds [static and dynamic dependencies]. Details - ImportResultOutputID=5bbd302deb2976e8d9701e86a5c24630 DependenciesID=c52a4aa9010d3f952d2d943f03afb175 StaticDependenciesID=5ea4e75e3ebee083ce250fba7517ef65 
Number of updated asset objects reloaded before import = 0
Number of asset objects unloaded after import = 1
========================================================================
Received Import Request.
  Time of request: 2026-10-07T19:21:27.1565782Z
  Time since last request: 0.0006366 seconds.
  importAddress: GUID: 6f1dc05fb6e7d3e4f89ae9ca482735be - Path: Packages/com.unity.ide.visualstudio/Editor/FileUtility.cs - Importer: ScriptedImporter/UnityEditor.QuickSearchModule:UnityEditor.Search:ASIAI0B
Importing 'GUID: 6f1dc05fb6e7d3e4f89ae9ca482735be - Path: Packages/com.unity.ide.visualstudio/Editor/FileUtility.cs - Importer: ScriptedImporter/UnityEditor.QuickSearchModule:UnityEditor.Search:ASIAI0B' with importer (ScriptedImporter : UnityEditor.QuickSearchModule:UnityEditor.Search:ASIAI0B)
Imported 'GUID: 6f1dc05fb6e7d3e4f89ae9ca482735be' -> (Import Result ID: '963e585dcb79abf72762c4ab73e0e244') in 0.004 seconds [static and dynamic dependencies]. Details - ImportResultOutputID=38368e1859ed63a72b62774d6d15d8bb DependenciesID=1975893a6f582071d1dfa228aa24d0a6 StaticDependenciesID=d1b0efddbc23a55b4ae3386bd79e7a3b 
Number of updated asset objects reloaded before import = 0
Number of asset objects unloaded after import = 0
========================================================================
Received Import Request.
  Time of request: 2026-10-07T19:21:27.1622556Z
  Time since last request: 0.0016069 seconds.
  importAddress: GUID: c94f13e05ef0a7a49bdd39f197f39e5e - Path: Packages/com.unity.ide.visualstudio/Editor/ProjectGeneration/GeneratorFactory.cs - Importer: ScriptedImporter/UnityEditor.QuickSearchModule:UnityEditor.Search:ASIAI0B
Importing 'GUID: c94f13e05ef0a7a49bdd39f197f39e5e - Path: Packages/com.unity.ide.visualstudio/Editor/ProjectGeneration/GeneratorFactory.cs - Importer: ScriptedImporter/UnityEditor.QuickSearchModule:UnityEditor.Search:ASIAI0B' with importer (ScriptedImporter : UnityEditor.QuickSearchModule:UnityEditor.Search:ASIAI0B)
Imported 'GUID: c94f13e05ef0a7a49bdd39f197f39e5e' -> (Import Result ID: '1b10a2c49d93369e04cc596026c99a80') in 0.006 seconds [static and dynamic dependencies]. Details - ImportResultOutputID=e51d968fa96c65a0d5449263e747f4f4 DependenciesID=05e1229175a2cb4215d193d8e07c972b StaticDependenciesID=ee8b78e7a4e0bd0254b91da2db51981a 
Number of updated asset objects reloaded before import = 0
Number of asset objects unloaded after import = 0
========================================================================
Received Import Request.
  Time of request: 2026-10-07T19:21:27.1693973Z
  Time since last request: 0.0009524 seconds.
  importAddress: GUID: 56c8c6e437b14f8e9a91e9832c11bc1a - Path: Packages/com.unity.ide.rider/Rider/Editor/ProjectGeneration/AssemblyNameProvider.cs - Importer: ScriptedImporter/UnityEditor.QuickSearchModule:UnityEditor.Search:ASIAI0B
Importing 'GUID: 56c8c6e437b14f8e9a91e9832c11bc1a - Path: Packages/com.unity.ide.rider/Rider/Editor/ProjectGeneration/AssemblyNameProvider.cs - Importer: ScriptedImporter/UnityEditor.QuickSearchModule:UnityEditor.Search:ASIAI0B' with importer (ScriptedImporter : UnityEditor.QuickSearchModule:UnityEditor.Search:ASIAI0B)
Imported 'GUID: 56c8c6e437b14f8e9a91e9832c11bc1a' -> (Import Result ID: '2d9fc1eb0b3486ffa07b1bc57414634d') in 0.003 seconds [static and dynamic dependencies]. Details - ImportResultOutputID=701900c0027bf97db5e436ed10a91284 DependenciesID=c0d3e558380c2c8a7259e104fc49573f StaticDependenciesID=99c2bcef8555391e91a626b85ecb6122 
Number of updated asset objects reloaded before import = 0
Number of asset objects unloaded after import = 0
========================================================================
Received Import Request.
  Time of request: 2026-10-07T19:21:27.1735484Z
  Time since last request: 0.0006483 seconds.
  importAddress: GUID: f6674c38820d12a49ac116d416521d85 - Path: Packages/com.unity.ide.visualstudio/Editor/Messaging/TcpClient.cs - Importer: ScriptedImporter/UnityEditor.QuickSearchModule:UnityEditor.Search:ASIAI0B
Importing 'GUID: f6674c38820d12a49ac116d416521d85 - Path: Packages/com.unity.ide.visualstudio/Editor/Messaging/TcpClient.cs - Importer: ScriptedImporter/UnityEditor.QuickSearchModule:UnityEditor.Search:ASIAI0B' with importer (ScriptedImporter : UnityEditor.QuickSearchModule:UnityEditor.Search:ASIAI0B)
Imported 'GUID: f6674c38820d12a49ac116d416521d85' -> (Import Result ID: '78bebe5820ff502160aca3837b2178e1') in 0.007 seconds [static and dynamic dependencies]. Details - ImportResultOutputID=45e9a502a2c1421a5518e902f23c7e6e DependenciesID=82424f2755bee3bd8abf76e2feb7e786 StaticDependenciesID=52f1d5a4fbae75c22c42a5d7d96d34a8 
Number of updated asset objects reloaded before import = 0
Number of asset objects unloaded after import = 0
========================================================================
Received Import Request.
  Time of request: 2026-10-07T19:21:27.1819444Z
  Time since last request: 0.000667 seconds.
  importAddress: GUID: 1be5c96ff30e6ec40876f28fd9ab7e24 - Path: Packages/com.unity.ide.visualstudio/Editor/VisualStudioCodeInstallation.cs - Importer: ScriptedImporter/UnityEditor.QuickSearchModule:UnityEditor.Search:ASIAI0B
Importing 'GUID: 1be5c96ff30e6ec40876f28fd9ab7e24 - Path: Packages/com.unity.ide.visualstudio/Editor/VisualStudioCodeInstallation.cs - Importer: ScriptedImporter/UnityEditor.QuickSearchModule:UnityEditor.Search:ASIAI0B' with importer (ScriptedImporter : UnityEditor.QuickSearchModule:UnityEditor.Search:ASIAI0B)
Imported 'GUID: 1be5c96ff30e6ec40876f28fd9ab7e24' -> (Import Result ID: '65e68f91f6ce4a4e4aba196d581d48af') in 0.007 seconds [static and dynamic dependencies]. Details - ImportResultOutputID=45368a81920f92115c3731c9458fa452 DependenciesID=89a19c97a833c654b2f2f71ed91e7fd8 StaticDependenciesID=72f65e66275443690abc183a25e5f4a6 
Number of updated asset objects reloaded before import = 0
Number of asset objects unloaded after import = 0
========================================================================
Received Import Request.
  Time of request: 2026-10-07T19:21:27.1904495Z
  Time since last request: 0.0015365 seconds.
  importAddress: GUID: b6029123aa4ab4e0481a4b3ad8a15af9 - Path: Packages/com.unity.ide.rider/ValidationExceptions.json - Importer: ScriptedImporter/UnityEditor.QuickSearchModule:UnityEditor.Search:ASIAI0B
Importing 'GUID: b6029123aa4ab4e0481a4b3ad8a15af9 - Path: Packages/com.unity.ide.rider/ValidationExceptions.json - Importer: ScriptedImporter/UnityEditor.QuickSearchModule:UnityEditor.Search:ASIAI0B' with importer (ScriptedImporter : UnityEditor.QuickSearchModule:UnityEditor.Search:ASIAI0B)
Imported 'GUID: b6029123aa4ab4e0481a4b3ad8a15af9' -> (Import Result ID: 'bb53d397437b92e67defe4a936bdafb0') in 0.009 seconds [static and dynamic dependencies]. Details - ImportResultOutputID=00d7e4e1aefb69f360341c8d26203eb6 DependenciesID=e8e0d54f3a7ea41a30dcedf4f4d26be5 StaticDependenciesID=59555656a037a00c407709f2975ea20a 
Number of updated asset objects reloaded before import = 0
Number of asset objects unloaded after import = 1
========================================================================
Received Import Request.
  Time of request: 2026-10-07T19:21:27.2008005Z
  Time since last request: 0.0008128 seconds.
  importAddress: GUID: 7f9f1d015d7a8ba46b7d71acfcda3ae7 - Path: Packages/com.unity.ide.visualstudio/Editor/Testing - Importer: ScriptedImporter/UnityEditor.QuickSearchModule:UnityEditor.Search:ASIAI0B
Importing 'GUID: 7f9f1d015d7a8ba46b7d71acfcda3ae7 - Path: Packages/com.unity.ide.visualstudio/Editor/Testing - Importer: ScriptedImporter/UnityEditor.QuickSearchModule:UnityEditor.Search:ASIAI0B' with importer (ScriptedImporter : UnityEditor.QuickSearchModule:UnityEditor.Search:ASIAI0B)
Imported 'GUID: 7f9f1d015d7a8ba46b7d71acfcda3ae7' -> (Import Result ID: 'c53f1ac0971d1eeb97a4dd4b4ec03189') in 0.004 seconds [static and dynamic dependencies]. Details - ImportResultOutputID=be7981cb3ccb309f735f3e6ba27fb5cc DependenciesID=065b0ef1ba18791052e5a3f91cac0bcb StaticDependenciesID=4a61b3b081284af5206dc0021be4bb11 
Number of updated asset objects reloaded before import = 0
Number of asset objects unloaded after import = 1
========================================================================
Received Import Request.
  Time of request: 2026-10-07T19:21:27.206763Z
  Time since last request: 0.0012491 seconds.
  importAddress: GUID: 30b312a167534621b316172253b08723 - Path: Packages/com.unity.modules.subsystems/package.json - Importer: ScriptedImporter/UnityEditor.QuickSearchModule:UnityEditor.Search:ASIAI0B
Importing 'GUID: 30b312a167534621b316172253b08723 - Path: Packages/com.unity.modules.subsystems/package.json - Importer: ScriptedImporter/UnityEditor.QuickSearchModule:UnityEditor.Search:ASIAI0B' with importer (ScriptedImporter : UnityEditor.QuickSearchModule:UnityEditor.Search:ASIAI0B)
Imported 'GUID: 30b312a167534621b316172253b08723' -> (Import Result ID: 'd7385c463ca984f78b7d7fb972feaf90') in 0.003 seconds [static and dynamic dependencies]. Details - ImportResultOutputID=d81cf4b8aa743aafabb4a932f89b01c8 DependenciesID=d28626a5c23e0d8bd0a88612d99b7b3b StaticDependenciesID=adc2964cb8babdf9926bb193a822355c 
Number of updated asset objects reloaded before import = 0
Number of asset objects unloaded after import = 1
========================================================================
Received Import Request.
  Time of request: 2026-10-07T19:21:27.2122346Z
  Time since last request: 0.0020534 seconds.
  importAddress: GUID: 1af35a910338381f753e8a985eb5daab - Path: Packages/com.unity.modules.adaptiveperformance/package.ModuleCompilationTrigger - Importer: ScriptedImporter/UnityEditor.QuickSearchModule:UnityEditor.Search:ASIAI0B
Importing 'GUID: 1af35a910338381f753e8a985eb5daab - Path: Packages/com.unity.modules.adaptiveperformance/package.ModuleCompilationTrigger - Importer: ScriptedImporter/UnityEditor.QuickSearchModule:UnityEditor.Search:ASIAI0B' with importer (ScriptedImporter : UnityEditor.QuickSearchModule:UnityEditor.Search:ASIAI0B)
Imported 'GUID: 1af35a910338381f753e8a985eb5daab' -> (Import Result ID: 'dc38b596712945971f19d4e76457ca7a') in 0.005 seconds [static and dynamic dependencies]. Details - ImportResultOutputID=63ff7959b1525b778a3b749e59c1abf0 DependenciesID=5bebe7405a69832ac91d8b6ecbb65be4 StaticDependenciesID=4c0692735f441086e64f65cbe59b32eb 
Number of updated asset objects reloaded before import = 0
Number of asset objects unloaded after import = 1
========================================================================
Received Import Request.
  Time of request: 2026-10-07T19:21:27.2177272Z
  Time since last request: 0.000658 seconds.
  importAddress: GUID: 7652904b1008e324fb7cfb952ea87656 - Path: Packages/com.unity.ide.visualstudio/Editor/ProjectGeneration/GUIDProvider.cs - Importer: ScriptedImporter/UnityEditor.QuickSearchModule:UnityEditor.Search:ASIAI0B
Importing 'GUID: 7652904b1008e324fb7cfb952ea87656 - Path: Packages/com.unity.ide.visualstudio/Editor/ProjectGeneration/GUIDProvider.cs - Importer: ScriptedImporter/UnityEditor.QuickSearchModule:UnityEditor.Search:ASIAI0B' with importer (ScriptedImporter : UnityEditor.QuickSearchModule:UnityEditor.Search:ASIAI0B)
Imported 'GUID: 7652904b1008e324fb7cfb952ea87656' -> (Import Result ID: '0cac636f903c1bf3c7d58736881c529d') in 0.004 seconds [static and dynamic dependencies]. Details - ImportResultOutputID=e81334ed1ebc8a801c5e24db561a3543 DependenciesID=63d144fcc798e855352d702157495a35 StaticDependenciesID=e207820d8705f8d8e914076bc1e44838 
Number of updated asset objects reloaded before import = 0
Number of asset objects unloaded after import = 0
========================================================================
Received Import Request.
  Time of request: 2026-10-07T19:21:27.223162Z
  Time since last request: 0.00064 seconds.
  importAddress: GUID: 275143c81d816ef4286fdc67aabc20c8 - Path: Packages/com.unity.ide.visualstudio/Editor/Messaging/MessageEventArgs.cs - Importer: ScriptedImporter/UnityEditor.QuickSearchModule:UnityEditor.Search:ASIAI0B
Importing 'GUID: 275143c81d816ef4286fdc67aabc20c8 - Path: Packages/com.unity.ide.visualstudio/Editor/Messaging/MessageEventArgs.cs - Importer: ScriptedImporter/UnityEditor.QuickSearchModule:UnityEditor.Search:ASIAI0B' with importer (ScriptedImporter : UnityEditor.QuickSearchModule:UnityEditor.Search:ASIAI0B)
Imported 'GUID: 275143c81d816ef4286fdc67aabc20c8' -> (Import Result ID: 'b0d91ee0bb8bc794ecec33cd120eabdd') in 0.009 seconds [static and dynamic dependencies]. Details - ImportResultOutputID=998b57ed35bd340c4de1814f8cc8f80b DependenciesID=13d3a4a6a11a46f53b248e32e9810592 StaticDependenciesID=67b2e9316787c68a434a27d96dd13842 
Number of updated asset objects reloaded before import = 0
Number of asset objects unloaded after import = 0
========================================================================
Received Import Request.
  Time of request: 2026-10-07T19:21:27.2332035Z
  Time since last request: 0.0005618 seconds.
  importAddress: GUID: 9129183a42052cd43b9c284d6dbd541e - Path: Packages/com.unity.ide.rider/Rider - Importer: ScriptedImporter/UnityEditor.QuickSearchModule:UnityEditor.Search:ASIAI0B
Importing 'GUID: 9129183a42052cd43b9c284d6dbd541e - Path: Packages/com.unity.ide.rider/Rider - Importer: ScriptedImporter/UnityEditor.QuickSearchModule:UnityEditor.Search:ASIAI0B' with importer (ScriptedImporter : UnityEditor.QuickSearchModule:UnityEditor.Search:ASIAI0B)
Imported 'GUID: 9129183a42052cd43b9c284d6dbd541e' -> (Import Result ID: '128c03d92c9b15ac37d83458d7628ac6') in 0.007 seconds [static and dynamic dependencies]. Details - ImportResultOutputID=1a16986147e5c2ca6047993c2e24ec8d DependenciesID=5dda95805a3b1cc353979002c2454a5c StaticDependenciesID=3b17bd4f0b250152ea60a90818a32cce 
Number of updated asset objects reloaded before import = 0
Number of asset objects unloaded after import = 1
========================================================================
Received Import Request.
  Time of request: 2026-10-07T19:21:27.2416274Z
  Time since last request: 0.0007855 seconds.
  importAddress: GUID: bfd567a3d1631a761bca9e99fa53d86d - Path: Packages/com.unity.modules.ui/package.json - Importer: ScriptedImporter/UnityEditor.QuickSearchModule:UnityEditor.Search:ASIAI0B
Importing 'GUID: bfd567a3d1631a761bca9e99fa53d86d - Path: Packages/com.unity.modules.ui/package.json - Importer: ScriptedImporter/UnityEditor.QuickSearchModule:UnityEditor.Search:ASIAI0B' with importer (ScriptedImporter : UnityEditor.QuickSearchModule:UnityEditor.Search:ASIAI0B)
Imported 'GUID: bfd567a3d1631a761bca9e99fa53d86d' -> (Import Result ID: 'cafd60d634fec12456e53f1b9fa20db6') in 0.010 seconds [static and dynamic dependencies]. Details - ImportResultOutputID=474b9dc455f726ff6a8670175dae623e DependenciesID=aecf2b6d0b81cc3c9dac91f8aee037b9 StaticDependenciesID=5665ac281a6fa6c81c2ec828f5aa95e0 
Number of updated asset objects reloaded before import = 0
Number of asset objects unloaded after import = 1
========================================================================
Received Import Request.
  Time of request: 2026-10-07T19:21:27.2533341Z
  Time since last request: 0.0015114 seconds.
  importAddress: GUID: 57537f08f8e923f488e4aadabb831c9b - Path: Packages/com.unity.ide.visualstudio/Editor/ProjectGeneration/AssemblyNameProvider.cs - Importer: ScriptedImporter/UnityEditor.QuickSearchModule:UnityEditor.Search:ASIAI0B
Importing 'GUID: 57537f08f8e923f488e4aadabb831c9b - Path: Packages/com.unity.ide.visualstudio/Editor/ProjectGeneration/AssemblyNameProvider.cs - Importer: ScriptedImporter/UnityEditor.QuickSearchModule:UnityEditor.Search:ASIAI0B' with importer (ScriptedImporter : UnityEditor.QuickSearchModule:UnityEditor.Search:ASIAI0B)
Imported 'GUID: 57537f08f8e923f488e4aadabb831c9b' -> (Import Result ID: '6a06f97e96bd48e36f9b46fcab9618b5') in 0.003 seconds [static and dynamic dependencies]. Details - ImportResultOutputID=3b6c7405c1b0498fa84dfa84414ed1ea DependenciesID=30a00c3b5f9400e8a8643cff45f98fac StaticDependenciesID=a6bd3271999ee73e0f3014648bf6d1a4 
Number of updated asset objects reloaded before import = 0
Number of asset objects unloaded after import = 0
========================================================================
Received Import Request.
  Time of request: 2026-10-07T19:21:27.2606762Z
  Time since last request: 0.0037949 seconds.
  importAddress: GUID: d528c8c98d269ca44a06cd9624a03945 - Path: Packages/com.unity.ide.rider/Rider/Editor/com.unity.ide.rider.asmdef - Importer: ScriptedImporter/UnityEditor.QuickSearchModule:UnityEditor.Search:ASIAI0B
Importing 'GUID: d528c8c98d269ca44a06cd9624a03945 - Path: Packages/com.unity.ide.rider/Rider/Editor/com.unity.ide.rider.asmdef - Importer: ScriptedImporter/UnityEditor.QuickSearchModule:UnityEditor.Search:ASIAI0B' with importer (ScriptedImporter : UnityEditor.QuickSearchModule:UnityEditor.Search:ASIAI0B)
Imported 'GUID: d528c8c98d269ca44a06cd9624a03945' -> (Import Result ID: '76ac1a6e75231977f30c26ab3324502a') in 0.010 seconds [static and dynamic dependencies]. Details - ImportResultOutputID=43a64bd9f45faf3609d2493a0ad94853 DependenciesID=5b74ecf96f38c833ca50af6a149b6b7f StaticDependenciesID=b55d1a53b5886448f197aeac712926b8 
Number of updated asset objects reloaded before import = 0
Number of asset objects unloaded after import = 1
========================================================================
Received Import Request.
  Time of request: 2026-10-07T19:21:27.272378Z
  Time since last request: 0.001103 seconds.
  importAddress: GUID: 92a378669877c05c6071d0fed687bb95 - Path: Packages/com.unity.modules.tilemap/package.json - Importer: ScriptedImporter/UnityEditor.QuickSearchModule:UnityEditor.Search:ASIAI0B
Importing 'GUID: 92a378669877c05c6071d0fed687bb95 - Path: Packages/com.unity.modules.tilemap/package.json - Importer: ScriptedImporter/UnityEditor.QuickSearchModule:UnityEditor.Search:ASIAI0B' with importer (ScriptedImporter : UnityEditor.QuickSearchModule:UnityEditor.Search:ASIAI0B)
Imported 'GUID: 92a378669877c05c6071d0fed687bb95' -> (Import Result ID: '896907a1bfaea5baeada3ebe6857270d') in 0.006 seconds [static and dynamic dependencies]. Details - ImportResultOutputID=8dc108b4c9cfaa9e11eb32f466c60ad2 DependenciesID=75efe7c59456428e6d07ef51d2d61402 StaticDependenciesID=3c3d5b0d44586d9f3fe949f09f9927c6 
Number of updated asset objects reloaded before import = 0
Number of asset objects unloaded after import = 1
========================================================================
Received Import Request.
  Time of request: 2026-10-07T19:21:27.2971479Z
  Time since last request: 0.0185039 seconds.
  importAddress: GUID: fbbb1ee655846b043baf6c3502b5ce49 - Path: Packages/com.unity.ide.visualstudio/Editor/SolutionParser.cs - Importer: ScriptedImporter/UnityEditor.QuickSearchModule:UnityEditor.Search:ASIAI0B
Importing 'GUID: fbbb1ee655846b043baf6c3502b5ce49 - Path: Packages/com.unity.ide.visualstudio/Editor/SolutionParser.cs - Importer: ScriptedImporter/UnityEditor.QuickSearchModule:UnityEditor.Search:ASIAI0B' with importer (ScriptedImporter : UnityEditor.QuickSearchModule:UnityEditor.Search:ASIAI0B)
Imported 'GUID: fbbb1ee655846b043baf6c3502b5ce49' -> (Import Result ID: 'cf917485bd26ae8dd7195b7b20b6b99a') in 0.003 seconds [static and dynamic dependencies]. Details - ImportResultOutputID=4a38b60fa80459f75163e97793a8c186 DependenciesID=5c2919924b8568c4d7360d8b54289f2c StaticDependenciesID=106d8e1187beb9cbc40bd8672bc0fdd0 
Number of updated asset objects reloaded before import = 0
Number of asset objects unloaded after import = 0
========================================================================
Received Import Request.
  Time of request: 2026-10-07T19:21:27.30177Z
  Time since last request: 0.0010869 seconds.
  importAddress: GUID: 5c1b8a755d2c97640bbb207c43f4cf61 - Path: Packages/com.unity.ide.visualstudio/Editor/SolutionProjectEntry.cs - Importer: ScriptedImporter/UnityEditor.QuickSearchModule:UnityEditor.Search:ASIAI0B
Importing 'GUID: 5c1b8a755d2c97640bbb207c43f4cf61 - Path: Packages/com.unity.ide.visualstudio/Editor/SolutionProjectEntry.cs - Importer: ScriptedImporter/UnityEditor.QuickSearchModule:UnityEditor.Search:ASIAI0B' with importer (ScriptedImporter : UnityEditor.QuickSearchModule:UnityEditor.Search:ASIAI0B)
Imported 'GUID: 5c1b8a755d2c97640bbb207c43f4cf61' -> (Import Result ID: '3d5b2bff6c097c91bd37b52c34c23aed') in 0.004 seconds [static and dynamic dependencies]. Details - ImportResultOutputID=66fa2481c1b269e8f2259d5d6973301d DependenciesID=3e315faabc4e68666f11636f62f5cb86 StaticDependenciesID=6f7372d976256c7163d1b26cac882ce8 
Number of updated asset objects reloaded before import = 0
Number of asset objects unloaded after import = 0
========================================================================
Received Import Request.
  Time of request: 2026-10-07T19:21:27.3070382Z
  Time since last request: 0.000646 seconds.
  importAddress: GUID: f079e3afd077fb94fa2bda74d6409499 - Path: Packages/com.unity.ide.rider/Rider/Editor/RiderScriptEditorData.cs - Importer: ScriptedImporter/UnityEditor.QuickSearchModule:UnityEditor.Search:ASIAI0B
Importing 'GUID: f079e3afd077fb94fa2bda74d6409499 - Path: Packages/com.unity.ide.rider/Rider/Editor/RiderScriptEditorData.cs - Importer: ScriptedImporter/UnityEditor.QuickSearchModule:UnityEditor.Search:ASIAI0B' with importer (ScriptedImporter : UnityEditor.QuickSearchModule:UnityEditor.Search:ASIAI0B)
Imported 'GUID: f079e3afd077fb94fa2bda74d6409499' -> (Import Result ID: '64c727e9f2239d2bc7babda68bff3a44') in 0.004 seconds [static and dynamic dependencies]. Details - ImportResultOutputID=daa19e1d88d4b336000f550e3782f6b4 DependenciesID=2643f3ef5e381af15c7a4e2ca5cb44ca StaticDependenciesID=5f505744ad378ea8edc9008a9c127781 
Number of updated asset objects reloaded before import = 0
Number of asset objects unloaded after import = 0
========================================================================
Received Import Request.
  Time of request: 2026-10-07T19:21:27.312544Z
  Time since last request: 0.001061 seconds.
  importAddress: GUID: cd78ce5b75b8be84d8b94cd99903161f - Path: Packages/com.unity.ide.visualstudio/CONTRIBUTING.md - Importer: ScriptedImporter/UnityEditor.QuickSearchModule:UnityEditor.Search:ASIAI0B
Importing 'GUID: cd78ce5b75b8be84d8b94cd99903161f - Path: Packages/com.unity.ide.visualstudio/CONTRIBUTING.md - Importer: ScriptedImporter/UnityEditor.QuickSearchModule:UnityEditor.Search:ASIAI0B' with importer (ScriptedImporter : UnityEditor.QuickSearchModule:UnityEditor.Search:ASIAI0B)
Imported 'GUID: cd78ce5b75b8be84d8b94cd99903161f' -> (Import Result ID: '8dd2829ee47dd1c00b0f5cc4a7fafc04') in 0.006 seconds [static and dynamic dependencies]. Details - ImportResultOutputID=4fcc030ccc0dc4837a78be1785243267 DependenciesID=88c6c44aad726e72811f471197183ce9 StaticDependenciesID=63307be857f669f18ce8b0d5673a9c3f 
Number of updated asset objects reloaded before import = 0
Number of asset objects unloaded after import = 1
========================================================================
Received Import Request.
  Time of request: 2026-10-07T19:21:27.3204025Z
  Time since last request: 0.0011915 seconds.
  importAddress: GUID: a962d501f44484c37814dbad5ed605e9 - Path: Packages/com.unity.ext.nunit/net472 - Importer: ScriptedImporter/UnityEditor.QuickSearchModule:UnityEditor.Search:ASIAI0B
Importing 'GUID: a962d501f44484c37814dbad5ed605e9 - Path: Packages/com.unity.ext.nunit/net472 - Importer: ScriptedImporter/UnityEditor.QuickSearchModule:UnityEditor.Search:ASIAI0B' with importer (ScriptedImporter : UnityEditor.QuickSearchModule:UnityEditor.Search:ASIAI0B)
Imported 'GUID: a962d501f44484c37814dbad5ed605e9' -> (Import Result ID: '4c450fa9043a1b96ba8f2b388a957cd8') in 0.003 seconds [static and dynamic dependencies]. Details - ImportResultOutputID=2c1263264541b6513f601108bfd132a1 DependenciesID=139c1387282cf948aafe79e5c760cddf StaticDependenciesID=5762929bd318748adaecd824d9e291a8 
Number of updated asset objects reloaded before import = 0
Number of asset objects unloaded after import = 1
========================================================================
Received Import Request.
  Time of request: 2026-10-07T19:21:27.3248203Z
  Time since last request: 0.000756 seconds.
  importAddress: GUID: 4745d06d5a7ca576dcf9e5e67b417652 - Path: Packages/com.unity.modules.accessibility/package.ModuleCompilationTrigger - Importer: ScriptedImporter/UnityEditor.QuickSearchModule:UnityEditor.Search:ASIAI0B
Importing 'GUID: 4745d06d5a7ca576dcf9e5e67b417652 - Path: Packages/com.unity.modules.accessibility/package.ModuleCompilationTrigger - Importer: ScriptedImporter/UnityEditor.QuickSearchModule:UnityEditor.Search:ASIAI0B' with importer (ScriptedImporter : UnityEditor.QuickSearchModule:UnityEditor.Search:ASIAI0B)
Imported 'GUID: 4745d06d5a7ca576dcf9e5e67b417652' -> (Import Result ID: '35b89ea86575701069d5974617476c89') in 0.005 seconds [static and dynamic dependencies]. Details - ImportResultOutputID=bba06a7131581402e9d93c13858c27ba DependenciesID=a1dc252442408ff0214c1c9b0248bf71 StaticDependenciesID=0773c35d79e34e391bb10f2559f41582 
Number of updated asset objects reloaded before import = 0
Number of asset objects unloaded after import = 1
========================================================================
Received Import Request.
  Time of request: 2026-10-07T19:21:27.3312285Z
  Time since last request: 0.000764 seconds.
  importAddress: GUID: af4c2c762e1d8e949a6bc458973df6e7 - Path: Packages/com.unity.ide.visualstudio/Editor/Solution.cs - Importer: ScriptedImporter/UnityEditor.QuickSearchModule:UnityEditor.Search:ASIAI0B
Importing 'GUID: af4c2c762e1d8e949a6bc458973df6e7 - Path: Packages/com.unity.ide.visualstudio/Editor/Solution.cs - Importer: ScriptedImporter/UnityEditor.QuickSearchModule:UnityEditor.Search:ASIAI0B' with importer (ScriptedImporter : UnityEditor.QuickSearchModule:UnityEditor.Search:ASIAI0B)
Imported 'GUID: af4c2c762e1d8e949a6bc458973df6e7' -> (Import Result ID: 'd6fd091d8cc2e19c6b4c8952968f6048') in 0.008 seconds [static and dynamic dependencies]. Details - ImportResultOutputID=4ea8a88a6900fa2d7f3b1cd5e943d48d DependenciesID=64185c8fc025fe8d74f8e039a3fbd17b StaticDependenciesID=bf7c231a4353163c0bdaa5e9b175e53c 
Number of updated asset objects reloaded before import = 0
Number of asset objects unloaded after import = 0
========================================================================
Received Import Request.
  Time of request: 2026-10-07T19:21:27.3402148Z
  Time since last request: 0.0007105 seconds.
  importAddress: GUID: 4a707af59e3522d43afe34dfc4429b86 - Path: Packages/com.unity.ide.visualstudio/Editor - Importer: ScriptedImporter/UnityEditor.QuickSearchModule:UnityEditor.Search:ASIAI0B
Importing 'GUID: 4a707af59e3522d43afe34dfc4429b86 - Path: Packages/com.unity.ide.visualstudio/Editor - Importer: ScriptedImporter/UnityEditor.QuickSearchModule:UnityEditor.Search:ASIAI0B' with importer (ScriptedImporter : UnityEditor.QuickSearchModule:UnityEditor.Search:ASIAI0B)
Imported 'GUID: 4a707af59e3522d43afe34dfc4429b86' -> (Import Result ID: 'c2d7500f92aa7a19c3d43ab7bf143d54') in 0.005 seconds [static and dynamic dependencies]. Details - ImportResultOutputID=5f236e505bcaf579e69cb25a901dce2b DependenciesID=cc294b56e72fda65682744e0216ed5f3 StaticDependenciesID=f219e1ec9c664d9ebf4435d835dc0c08 
Number of updated asset objects reloaded before import = 0
Number of asset objects unloaded after import = 1
========================================================================
Received Import Request.
  Time of request: 2026-10-07T19:21:27.3461711Z
  Time since last request: 0.0005948 seconds.
  importAddress: GUID: 9b1a5759726ef9d39a0ab82047b615f1 - Path: Packages/com.unity.modules.hierarchycore/package.json - Importer: ScriptedImporter/UnityEditor.QuickSearchModule:UnityEditor.Search:ASIAI0B
Importing 'GUID: 9b1a5759726ef9d39a0ab82047b615f1 - Path: Packages/com.unity.modules.hierarchycore/package.json - Importer: ScriptedImporter/UnityEditor.QuickSearchModule:UnityEditor.Search:ASIAI0B' with importer (ScriptedImporter : UnityEditor.QuickSearchModule:UnityEditor.Search:ASIAI0B)
Imported 'GUID: 9b1a5759726ef9d39a0ab82047b615f1' -> (Import Result ID: '2fe0a2e4af9c0bee6343cfb3c2ee3a74') in 0.004 seconds [static and dynamic dependencies]. Details - ImportResultOutputID=e8476cf7379776f458a9b92c44ba8fae DependenciesID=ee74547f21b735bc247a14359a6d691f StaticDependenciesID=393610e06d243bf50cdd74a9523d05dd 
Number of updated asset objects reloaded before import = 0
Number of asset objects unloaded after import = 1
========================================================================
Received Import Request.
  Time of request: 2026-10-07T19:21:27.3511727Z
  Time since last request: 0.0006837 seconds.
  importAddress: GUID: 22608619ec9a4b1db7417e80c3123098 - Path: Packages/com.unity.ide.rider/Rider/Editor/Util/UnityVersionUtils.cs - Importer: ScriptedImporter/UnityEditor.QuickSearchModule:UnityEditor.Search:ASIAI0B
Importing 'GUID: 22608619ec9a4b1db7417e80c3123098 - Path: Packages/com.unity.ide.rider/Rider/Editor/Util/UnityVersionUtils.cs - Importer: ScriptedImporter/UnityEditor.QuickSearchModule:UnityEditor.Search:ASIAI0B' with importer (ScriptedImporter : UnityEditor.QuickSearchModule:UnityEditor.Search:ASIAI0B)
Imported 'GUID: 22608619ec9a4b1db7417e80c3123098' -> (Import Result ID: '324822bebadb7a93471abd3227927778') in 0.003 seconds [static and dynamic dependencies]. Details - ImportResultOutputID=e46a807ba94148a93984ca0504918319 DependenciesID=7d17927da471bc0b6757b45e41c53c79 StaticDependenciesID=59f87dbdc273195a8803ac5ef708dfa0 
Number of updated asset objects reloaded before import = 0
Number of asset objects unloaded after import = 0
========================================================================
Received Import Request.
  Time of request: 2026-10-07T19:21:27.355088Z
  Time since last request: 0.0004864 seconds.
  importAddress: GUID: 5598b14661b5f4c43bed757f34b6d172 - Path: Packages/com.unity.ide.rider/LICENSE.md - Importer: ScriptedImporter/UnityEditor.QuickSearchModule:UnityEditor.Search:ASIAI0B
Importing 'GUID: 5598b14661b5f4c43bed757f34b6d172 - Path: Packages/com.unity.ide.rider/LICENSE.md - Importer: ScriptedImporter/UnityEditor.QuickSearchModule:UnityEditor.Search:ASIAI0B' with importer (ScriptedImporter : UnityEditor.QuickSearchModule:UnityEditor.Search:ASIAI0B)
Imported 'GUID: 5598b14661b5f4c43bed757f34b6d172' -> (Import Result ID: '27320b101da299083961eb0418085166') in 0.003 seconds [static and dynamic dependencies]. Details - ImportResultOutputID=c360e5dda2927656803f00782d3efebb DependenciesID=1327b82cd590f2d74538770d483b45e3 StaticDependenciesID=88e609e4c365ab29b95acb9153535373 
Number of updated asset objects reloaded before import = 0
Number of asset objects unloaded after import = 1
========================================================================
Received Import Request.
  Time of request: 2026-10-07T19:21:27.3596136Z
  Time since last request: 0.0009002 seconds.
  importAddress: GUID: ae87256f29d9c8b50490f4caf75b2c41 - Path: Packages/com.unity.modules.unitywebrequestwww/package.ModuleCompilationTrigger - Importer: ScriptedImporter/UnityEditor.QuickSearchModule:UnityEditor.Search:ASIAI0B
Importing 'GUID: ae87256f29d9c8b50490f4caf75b2c41 - Path: Packages/com.unity.modules.unitywebrequestwww/package.ModuleCompilationTrigger - Importer: ScriptedImporter/UnityEditor.QuickSearchModule:UnityEditor.Search:ASIAI0B' with importer (ScriptedImporter : UnityEditor.QuickSearchModule:UnityEditor.Search:ASIAI0B)
Imported 'GUID: ae87256f29d9c8b50490f4caf75b2c41' -> (Import Result ID: '54cc03e3b4ea4e82f135f12b9d62fd90') in 0.004 seconds [static and dynamic dependencies]. Details - ImportResultOutputID=654f1a14b19fae9e0416b9bfa0081387 DependenciesID=63a1deb4331d9575684b8d9bf5f12e6a StaticDependenciesID=eb4e3a50dacc9f90825863fa92873db2 
Number of updated asset objects reloaded before import = 0
Number of asset objects unloaded after import = 1
========================================================================
Received Import Request.
  Time of request: 2026-10-07T19:21:27.3649795Z
  Time since last request: 0.0009884 seconds.
  importAddress: GUID: ea3ec41b33345cd4f9298a51abdaa198 - Path: Packages/com.unity.ide.rider/Rider/Editor/JetBrains.Rider.PathLocator.dll - Importer: ScriptedImporter/UnityEditor.QuickSearchModule:UnityEditor.Search:ASIAI0B
Importing 'GUID: ea3ec41b33345cd4f9298a51abdaa198 - Path: Packages/com.unity.ide.rider/Rider/Editor/JetBrains.Rider.PathLocator.dll - Importer: ScriptedImporter/UnityEditor.QuickSearchModule:UnityEditor.Search:ASIAI0B' with importer (ScriptedImporter : UnityEditor.QuickSearchModule:UnityEditor.Search:ASIAI0B)
Imported 'GUID: ea3ec41b33345cd4f9298a51abdaa198' -> (Import Result ID: '679cacd398b197e2b0fd6e8fdd45d2f1') in 0.027 seconds [static and dynamic dependencies]. Details - ImportResultOutputID=e327e2971104902cbbf95900d011b54d DependenciesID=f3b0bef7057145871652d242478a78ce StaticDependenciesID=2fbb4f564e404a0d5ae7dc93fd7dc9fb 
Number of updated asset objects reloaded before import = 0
Number of asset objects unloaded after import = 0
========================================================================
Received Import Request.
  Time of request: 2026-10-07T19:21:27.3936365Z
  Time since last request: 0.0009853 seconds.
  importAddress: GUID: 5e726086cd652f82087d59d67d2c24cd - Path: Packages/com.unity.ide.rider/Rider/Editor/Util - Importer: ScriptedImporter/UnityEditor.QuickSearchModule:UnityEditor.Search:ASIAI0B
Importing 'GUID: 5e726086cd652f82087d59d67d2c24cd - Path: Packages/com.unity.ide.rider/Rider/Editor/Util - Importer: ScriptedImporter/UnityEditor.QuickSearchModule:UnityEditor.Search:ASIAI0B' with importer (ScriptedImporter : UnityEditor.QuickSearchModule:UnityEditor.Search:ASIAI0B)
Imported 'GUID: 5e726086cd652f82087d59d67d2c24cd' -> (Import Result ID: '493bc86b09631a51336158f6c2d4c279') in 0.004 seconds [static and dynamic dependencies]. Details - ImportResultOutputID=b97f81156d940b2520571d40bce6f5a7 DependenciesID=43e24c65d6d2128c46359d2978ac08c1 StaticDependenciesID=58b4d3c7e88e947983f9c421807be880 
Number of updated asset objects reloaded before import = 0
Number of asset objects unloaded after import = 1
========================================================================
Received Import Request.
  Time of request: 2026-10-07T19:21:27.3979353Z
  Time since last request: 0.0004272 seconds.
  importAddress: GUID: 2479a4656ed89570ebd1de1fdda3dae5 - Path: Packages/com.unity.modules.timelinefoundation/package.json - Importer: ScriptedImporter/UnityEditor.QuickSearchModule:UnityEditor.Search:ASIAI0B
Importing 'GUID: 2479a4656ed89570ebd1de1fdda3dae5 - Path: Packages/com.unity.modules.timelinefoundation/package.json - Importer: ScriptedImporter/UnityEditor.QuickSearchModule:UnityEditor.Search:ASIAI0B' with importer (ScriptedImporter : UnityEditor.QuickSearchModule:UnityEditor.Search:ASIAI0B)
Imported 'GUID: 2479a4656ed89570ebd1de1fdda3dae5' -> (Import Result ID: 'af9ed5ca876be5eb00e09759cc2a5358') in 0.003 seconds [static and dynamic dependencies]. Details - ImportResultOutputID=3a8a6850a5d9cdd8cff5adaf57007605 DependenciesID=cc4d25bc08e5136a5f945b334fae801d StaticDependenciesID=b245a96ddabba4cde03ac16a0778137f 
Number of updated asset objects reloaded before import = 0
Number of asset objects unloaded after import = 1
========================================================================
Received Import Request.
  Time of request: 2026-10-07T19:21:27.402284Z
  Time since last request: 0.0006263 seconds.
  importAddress: GUID: 66c95bb3c74257f41bae2622511dc02d - Path: Packages/com.unity.ide.rider/package.json - Importer: ScriptedImporter/UnityEditor.QuickSearchModule:UnityEditor.Search:ASIAI0B
Importing 'GUID: 66c95bb3c74257f41bae2622511dc02d - Path: Packages/com.unity.ide.rider/package.json - Importer: ScriptedImporter/UnityEditor.QuickSearchModule:UnityEditor.Search:ASIAI0B' with importer (ScriptedImporter : UnityEditor.QuickSearchModule:UnityEditor.Search:ASIAI0B)
Imported 'GUID: 66c95bb3c74257f41bae2622511dc02d' -> (Import Result ID: '667640ede86ae1ed1e722e3d4200e99e') in 0.003 seconds [static and dynamic dependencies]. Details - ImportResultOutputID=8c58948967deee192b3e9238db4a9712 DependenciesID=367d34c43e5401150756ec29a2be3067 StaticDependenciesID=5adeb46c2782c951ed12aa18540cabea 
Number of updated asset objects reloaded before import = 0
Number of asset objects unloaded after import = 1
========================================================================
Received Import Request.
  Time of request: 2026-10-07T19:21:27.4063876Z
  Time since last request: 0.000527 seconds.
  importAddress: GUID: d791d407901442e49862d3aa783ce8af - Path: Packages/com.unity.ide.visualstudio/Editor/AssemblyInfo.cs - Importer: ScriptedImporter/UnityEditor.QuickSearchModule:UnityEditor.Search:ASIAI0B
Importing 'GUID: d791d407901442e49862d3aa783ce8af - Path: Packages/com.unity.ide.visualstudio/Editor/AssemblyInfo.cs - Importer: ScriptedImporter/UnityEditor.QuickSearchModule:UnityEditor.Search:ASIAI0B' with importer (ScriptedImporter : UnityEditor.QuickSearchModule:UnityEditor.Search:ASIAI0B)
Imported 'GUID: d791d407901442e49862d3aa783ce8af' -> (Import Result ID: '23eeacfcd3c818c4c00aa150f4943911') in 0.004 seconds [static and dynamic dependencies]. Details - ImportResultOutputID=29c84ee537ce2fed4fa03f4e3adeb3a5 DependenciesID=e96d9b96092bc130d901d90275c75eec StaticDependenciesID=f0a5237ab4600258cb2c268420a76757 
Number of updated asset objects reloaded before import = 0
Number of asset objects unloaded after import = 0
========================================================================
Received Import Request.
  Time of request: 2026-10-07T19:21:27.4119955Z
  Time since last request: 0.0012064 seconds.
  importAddress: GUID: 354fde95fe0643b09509e5fcee350b33 - Path: Packages/com.unity.ide.rider/Rider/Editor/Properties - Importer: ScriptedImporter/UnityEditor.QuickSearchModule:UnityEditor.Search:ASIAI0B
Importing 'GUID: 354fde95fe0643b09509e5fcee350b33 - Path: Packages/com.unity.ide.rider/Rider/Editor/Properties - Importer: ScriptedImporter/UnityEditor.QuickSearchModule:UnityEditor.Search:ASIAI0B' with importer (ScriptedImporter : UnityEditor.QuickSearchModule:UnityEditor.Search:ASIAI0B)
Imported 'GUID: 354fde95fe0643b09509e5fcee350b33' -> (Import Result ID: 'bb47b66ed01ef1b6548ac05e0ef9f511') in 0.003 seconds [static and dynamic dependencies]. Details - ImportResultOutputID=e26407f461c6c1272ef8d1521ba8279e DependenciesID=db3ab86bd75afd13f1d68f8289b48b01 StaticDependenciesID=0e38992295555bca77853f5e312c77ba 
Number of updated asset objects reloaded before import = 0
Number of asset objects unloaded after import = 1
========================================================================
Received Import Request.
  Time of request: 2026-10-07T19:21:27.4158462Z
  Time since last request: 0.0004436 seconds.
  importAddress: GUID: d2ec2d1228c8e67cdd913cb5609176a2 - Path: Packages/com.unity.modules.unitywebrequest/package.ModuleCompilationTrigger - Importer: ScriptedImporter/UnityEditor.QuickSearchModule:UnityEditor.Search:ASIAI0B
Importing 'GUID: d2ec2d1228c8e67cdd913cb5609176a2 - Path: Packages/com.unity.modules.unitywebrequest/package.ModuleCompilationTrigger - Importer: ScriptedImporter/UnityEditor.QuickSearchModule:UnityEditor.Search:ASIAI0B' with importer (ScriptedImporter : UnityEditor.QuickSearchModule:UnityEditor.Search:ASIAI0B)
Imported 'GUID: d2ec2d1228c8e67cdd913cb5609176a2' -> (Import Result ID: '6da6210629dd5db896efccaf6f26b66b') in 0.003 seconds [static and dynamic dependencies]. Details - ImportResultOutputID=4b63ce68ae260fe5699172e0d09d80ab DependenciesID=6268980d1bf8c6428d109813ed4241bf StaticDependenciesID=e63084c41a3db9f78a45de69829556d6 
Number of updated asset objects reloaded before import = 0
Number of asset objects unloaded after import = 1
========================================================================
Received Import Request.
  Time of request: 2026-10-07T19:21:27.4197636Z
  Time since last request: 0.0006327 seconds.
  importAddress: GUID: 8e6c7ea7c059fb547b6723aaf225900b - Path: Packages/com.unity.ide.visualstudio/Editor/Image.cs - Importer: ScriptedImporter/UnityEditor.QuickSearchModule:UnityEditor.Search:ASIAI0B
Importing 'GUID: 8e6c7ea7c059fb547b6723aaf225900b - Path: Packages/com.unity.ide.visualstudio/Editor/Image.cs - Importer: ScriptedImporter/UnityEditor.QuickSearchModule:UnityEditor.Search:ASIAI0B' with importer (ScriptedImporter : UnityEditor.QuickSearchModule:UnityEditor.Search:ASIAI0B)
Imported 'GUID: 8e6c7ea7c059fb547b6723aaf225900b' -> (Import Result ID: 'b528aa61243432b072e0db9204aab488') in 0.003 seconds [static and dynamic dependencies]. Details - ImportResultOutputID=f2be4b86ca682ae0c64d2ed9c90ea487 DependenciesID=2372187268d24baf2e3d2a79fa1e69e0 StaticDependenciesID=91c0c25da761d6d25f4f0a4f7293a5f7 
Number of updated asset objects reloaded before import = 0
Number of asset objects unloaded after import = 0
========================================================================
Received Import Request.
  Time of request: 2026-10-07T19:21:27.4237648Z
  Time since last request: 0.0005941 seconds.
  importAddress: GUID: 5eea837708474d7e9c1cb4b2eca0213f - Path: Packages/com.unity.ide.rider/Rider/Editor/ProjectGeneration/IAssemblyNameProvider.cs - Importer: ScriptedImporter/UnityEditor.QuickSearchModule:UnityEditor.Search:ASIAI0B
Importing 'GUID: 5eea837708474d7e9c1cb4b2eca0213f - Path: Packages/com.unity.ide.rider/Rider/Editor/ProjectGeneration/IAssemblyNameProvider.cs - Importer: ScriptedImporter/UnityEditor.QuickSearchModule:UnityEditor.Search:ASIAI0B' with importer (ScriptedImporter : UnityEditor.QuickSearchModule:UnityEditor.Search:ASIAI0B)
Imported 'GUID: 5eea837708474d7e9c1cb4b2eca0213f' -> (Import Result ID: '3268ac0ae7a43069297a210bef755705') in 0.006 seconds [static and dynamic dependencies]. Details - ImportResultOutputID=a1a7dcb4e8c2ade69ff3db6abf4c551a DependenciesID=c6352c0e9e93937ad8a2ad834c617daf StaticDependenciesID=2050e3ea1688389df424014e1cf87339 
Number of updated asset objects reloaded before import = 0
Number of asset objects unloaded after import = 0
========================================================================
Received Import Request.
  Time of request: 2026-10-07T19:21:27.4306354Z
  Time since last request: 0.0004968 seconds.
  importAddress: GUID: 51fa60bb2bd1e5bc74e8cc95a7bfd5b7 - Path: Packages/com.unity.modules.ui/package.ModuleCompilationTrigger - Importer: ScriptedImporter/UnityEditor.QuickSearchModule:UnityEditor.Search:ASIAI0B
Importing 'GUID: 51fa60bb2bd1e5bc74e8cc95a7bfd5b7 - Path: Packages/com.unity.modules.ui/package.ModuleCompilationTrigger - Importer: ScriptedImporter/UnityEditor.QuickSearchModule:UnityEditor.Search:ASIAI0B' with importer (ScriptedImporter : UnityEditor.QuickSearchModule:UnityEditor.Search:ASIAI0B)
Imported 'GUID: 51fa60bb2bd1e5bc74e8cc95a7bfd5b7' -> (Import Result ID: 'dd8c17649063ea9e49028706d0dcceaf') in 0.003 seconds [static and dynamic dependencies]. Details - ImportResultOutputID=25707d4473761caa1d0eba6343e4dfda DependenciesID=62c571b773e208c563473090519f1671 StaticDependenciesID=355c113e24f2a30ac4c21f31f923e244 
Number of updated asset objects reloaded before import = 0
Number of asset objects unloaded after import = 1
========================================================================
Received Import Request.
  Time of request: 2026-10-07T19:21:27.4343776Z
  Time since last request: 0.0003722 seconds.
  importAddress: GUID: 5e83f8baac96eaa47bdd9ca781cd2002 - Path: Packages/com.unity.ide.rider/CONTRIBUTING.md - Importer: ScriptedImporter/UnityEditor.QuickSearchModule:UnityEditor.Search:ASIAI0B
Importing 'GUID: 5e83f8baac96eaa47bdd9ca781cd2002 - Path: Packages/com.unity.ide.rider/CONTRIBUTING.md - Importer: ScriptedImporter/UnityEditor.QuickSearchModule:UnityEditor.Search:ASIAI0B' with importer (ScriptedImporter : UnityEditor.QuickSearchModule:UnityEditor.Search:ASIAI0B)
Imported 'GUID: 5e83f8baac96eaa47bdd9ca781cd2002' -> (Import Result ID: '1ac8a24aa2bdb372da9eea621706a4b4') in 0.003 seconds [static and dynamic dependencies]. Details - ImportResultOutputID=c072b13a0dbeaf0069382b44ffcf9d99 DependenciesID=0a46eb7b5aebe0614c7644ee1a946b6d StaticDependenciesID=0e00f147a7e0385d9985a46d5c7febac 
Number of updated asset objects reloaded before import = 0
Number of asset objects unloaded after import = 1
========================================================================
Received Import Request.
  Time of request: 2026-10-07T19:21:27.4383289Z
  Time since last request: 0.0003374 seconds.
  importAddress: GUID: 8645aa9c3c74fb34ba9499e14fb332b5 - Path: Packages/com.unity.ide.rider/CHANGELOG.md - Importer: ScriptedImporter/UnityEditor.QuickSearchModule:UnityEditor.Search:ASIAI0B
Importing 'GUID: 8645aa9c3c74fb34ba9499e14fb332b5 - Path: Packages/com.unity.ide.rider/CHANGELOG.md - Importer: ScriptedImporter/UnityEditor.QuickSearchModule:UnityEditor.Search:ASIAI0B' with importer (ScriptedImporter : UnityEditor.QuickSearchModule:UnityEditor.Search:ASIAI0B)
Imported 'GUID: 8645aa9c3c74fb34ba9499e14fb332b5' -> (Import Result ID: '121a382cbdb713df3e0839fd84e0e229') in 0.003 seconds [static and dynamic dependencies]. Details - ImportResultOutputID=8ac24e5e47a143ac57ede65a0ab3980f DependenciesID=bf28577d4f77ef2e61d24fd84ca14d5e StaticDependenciesID=7ad06c7496a4feab74b344b0b5a72e75 
Number of updated asset objects reloaded before import = 0
Number of asset objects unloaded after import = 1
========================================================================
Received Import Request.
  Time of request: 2026-10-07T19:21:27.4422103Z
  Time since last request: 0.0003336 seconds.
  importAddress: GUID: 39cb9ab8a3b2452cbf58ffbea841d203 - Path: Packages/com.unity.ide.rider/Rider/Editor/ProjectGeneration/IGenerator.cs - Importer: ScriptedImporter/UnityEditor.QuickSearchModule:UnityEditor.Search:ASIAI0B
Importing 'GUID: 39cb9ab8a3b2452cbf58ffbea841d203 - Path: Packages/com.unity.ide.rider/Rider/Editor/ProjectGeneration/IGenerator.cs - Importer: ScriptedImporter/UnityEditor.QuickSearchModule:UnityEditor.Search:ASIAI0B' with importer (ScriptedImporter : UnityEditor.QuickSearchModule:UnityEditor.Search:ASIAI0B)
Imported 'GUID: 39cb9ab8a3b2452cbf58ffbea841d203' -> (Import Result ID: '15844ba9cb4a9fe45b41f3c9964c27ec') in 0.008 seconds [static and dynamic dependencies]. Details - ImportResultOutputID=6e190904290cc47ddf6a14cbc7c9821a DependenciesID=e7d53d5cdf8ffba6ca018643415b3359 StaticDependenciesID=339728fce32d8b746de62697d1c1be28 
Number of updated asset objects reloaded before import = 0
Number of asset objects unloaded after import = 0
========================================================================
Received Import Request.
  Time of request: 2026-10-07T19:21:27.4507563Z
  Time since last request: 0.0005447 seconds.
  importAddress: GUID: c6c8b2f6152bd1348ae35f9f95719f75 - Path: Packages/com.unity.ide.visualstudio/Editor/AsyncOperation.cs - Importer: ScriptedImporter/UnityEditor.QuickSearchModule:UnityEditor.Search:ASIAI0B
Importing 'GUID: c6c8b2f6152bd1348ae35f9f95719f75 - Path: Packages/com.unity.ide.visualstudio/Editor/AsyncOperation.cs - Importer: ScriptedImporter/UnityEditor.QuickSearchModule:UnityEditor.Search:ASIAI0B' with importer (ScriptedImporter : UnityEditor.QuickSearchModule:UnityEditor.Search:ASIAI0B)
Imported 'GUID: c6c8b2f6152bd1348ae35f9f95719f75' -> (Import Result ID: 'e5a15582b49b00c116221df6522683b4') in 0.004 seconds [static and dynamic dependencies]. Details - ImportResultOutputID=d3a7135608db0108444de8ae377359f9 DependenciesID=95161c7073bb447af12a6e182454c178 StaticDependenciesID=0c946c74af469a4a7147880d8856fd79 
Number of updated asset objects reloaded before import = 0
Number of asset objects unloaded after import = 0
========================================================================
Received Import Request.
  Time of request: 2026-10-07T19:21:27.4552613Z
  Time since last request: 0.0004877 seconds.
  importAddress: GUID: d0e3ad91972c66f5238f5b9b7d5ae58a - Path: Packages/com.unity.modules.unitywebrequesttexture/package.json - Importer: ScriptedImporter/UnityEditor.QuickSearchModule:UnityEditor.Search:ASIAI0B
Importing 'GUID: d0e3ad91972c66f5238f5b9b7d5ae58a - Path: Packages/com.unity.modules.unitywebrequesttexture/package.json - Importer: ScriptedImporter/UnityEditor.QuickSearchModule:UnityEditor.Search:ASIAI0B' with importer (ScriptedImporter : UnityEditor.QuickSearchModule:UnityEditor.Search:ASIAI0B)
Imported 'GUID: d0e3ad91972c66f5238f5b9b7d5ae58a' -> (Import Result ID: '8a7db758ac220bad9b655e92956f3691') in 0.006 seconds [static and dynamic dependencies]. Details - ImportResultOutputID=b47569a258424d27fc929bee9d10ab7a DependenciesID=c9c587c6a238e5bbe8c0bcd4538a96e1 StaticDependenciesID=6d42179dd6f1f4706d1a14192712fd61 
Number of updated asset objects reloaded before import = 0
Number of asset objects unloaded after import = 1
========================================================================
Received Import Request.
  Time of request: 2026-10-07T19:21:27.4620764Z
  Time since last request: 0.0005732 seconds.
  importAddress: GUID: 58aa570dbe0761f43b25ff6c2265bbe2 - Path: Packages/com.unity.ide.rider/Rider/Editor/UnitTesting/TestsCallback.cs - Importer: ScriptedImporter/UnityEditor.QuickSearchModule:UnityEditor.Search:ASIAI0B
Importing 'GUID: 58aa570dbe0761f43b25ff6c2265bbe2 - Path: Packages/com.unity.ide.rider/Rider/Editor/UnitTesting/TestsCallback.cs - Importer: ScriptedImporter/UnityEditor.QuickSearchModule:UnityEditor.Search:ASIAI0B' with importer (ScriptedImporter : UnityEditor.QuickSearchModule:UnityEditor.Search:ASIAI0B)
Imported 'GUID: 58aa570dbe0761f43b25ff6c2265bbe2' -> (Import Result ID: '41b437cc0e845514028c2cd6e0a22d47') in 0.004 seconds [static and dynamic dependencies]. Details - ImportResultOutputID=12877adb27e33896cb4e756319c5169e DependenciesID=df515df1e1198becb3e2276c400620a6 StaticDependenciesID=4edd442768478bd19398e3356fd1ce31 
Number of updated asset objects reloaded before import = 0
Number of asset objects unloaded after import = 0
========================================================================
Received Import Request.
  Time of request: 2026-10-07T19:21:27.4667783Z
  Time since last request: 0.0007766 seconds.
  importAddress: GUID: 42fe78c8fe682715a2cb531422e6ccb3 - Path: Packages/com.unity.modules.imgui/package.json - Importer: ScriptedImporter/UnityEditor.QuickSearchModule:UnityEditor.Search:ASIAI0B
Importing 'GUID: 42fe78c8fe682715a2cb531422e6ccb3 - Path: Packages/com.unity.modules.imgui/package.json - Importer: ScriptedImporter/UnityEditor.QuickSearchModule:UnityEditor.Search:ASIAI0B' with importer (ScriptedImporter : UnityEditor.QuickSearchModule:UnityEditor.Search:ASIAI0B)
Imported 'GUID: 42fe78c8fe682715a2cb531422e6ccb3' -> (Import Result ID: 'a97b081d9245622abcfd2353218ee56a') in 0.005 seconds [static and dynamic dependencies]. Details - ImportResultOutputID=80596414ab4a0d91302622f30cf47e31 DependenciesID=7f05c2620fcd6ad04fa00a38414a7fb0 StaticDependenciesID=d7653791652ad6375b01860fe3acd282 
Number of updated asset objects reloaded before import = 0
Number of asset objects unloaded after import = 1
========================================================================
Received Import Request.
  Time of request: 2026-10-07T19:21:27.4731393Z
  Time since last request: 0.0004058 seconds.
  importAddress: GUID: e59094b434ebb46e6844f02ec9c4dc42 - Path: Packages/com.unity.ext.nunit/net472/unity-custom/nunit.framework.dll - Importer: ScriptedImporter/UnityEditor.QuickSearchModule:UnityEditor.Search:ASIAI0B
Importing 'GUID: e59094b434ebb46e6844f02ec9c4dc42 - Path: Packages/com.unity.ext.nunit/net472/unity-custom/nunit.framework.dll - Importer: ScriptedImporter/UnityEditor.QuickSearchModule:UnityEditor.Search:ASIAI0B' with importer (ScriptedImporter : UnityEditor.QuickSearchModule:UnityEditor.Search:ASIAI0B)
Imported 'GUID: e59094b434ebb46e6844f02ec9c4dc42' -> (Import Result ID: '70931c2371b91f10e4424399f5f586f5') in 0.007 seconds [static and dynamic dependencies]. Details - ImportResultOutputID=862e262afeab50a25ee81315a89d043b DependenciesID=a2924f00079c4f4e02dca7f791a1bee8 StaticDependenciesID=e9330e421aedcfa3b3df20c1285f2454 
Number of updated asset objects reloaded before import = 0
Number of asset objects unloaded after import = 0
========================================================================
Received Import Request.
  Time of request: 2026-10-07T19:21:27.4809615Z
  Time since last request: 0.000566 seconds.
  importAddress: GUID: 1b393f6b29a9ee84c803af1ab4944b71 - Path: Packages/com.unity.ide.rider/Rider/Editor - Importer: ScriptedImporter/UnityEditor.QuickSearchModule:UnityEditor.Search:ASIAI0B
Importing 'GUID: 1b393f6b29a9ee84c803af1ab4944b71 - Path: Packages/com.unity.ide.rider/Rider/Editor - Importer: ScriptedImporter/UnityEditor.QuickSearchModule:UnityEditor.Search:ASIAI0B' with importer (ScriptedImporter : UnityEditor.QuickSearchModule:UnityEditor.Search:ASIAI0B)
Imported 'GUID: 1b393f6b29a9ee84c803af1ab4944b71' -> (Import Result ID: '393ac1211279da5df3a9b45faf0c1952') in 0.004 seconds [static and dynamic dependencies]. Details - ImportResultOutputID=c26c51f40eb5137d4113e1eae1880145 DependenciesID=dc174bf7f660af80ba67b2c23780bb92 StaticDependenciesID=9e3286deeeaedf6c33893bdcf4dbbe70 
Number of updated asset objects reloaded before import = 0
Number of asset objects unloaded after import = 1
========================================================================
Received Import Request.
  Time of request: 2026-10-07T19:21:27.4857952Z
  Time since last request: 0.0002139 seconds.
  importAddress: GUID: 957a5f2d2660a894d926660de2a9d577 - Path: Packages/com.unity.ide.visualstudio/Editor/ProcessRunner.cs - Importer: ScriptedImporter/UnityEditor.QuickSearchModule:UnityEditor.Search:ASIAI0B
Importing 'GUID: 957a5f2d2660a894d926660de2a9d577 - Path: Packages/com.unity.ide.visualstudio/Editor/ProcessRunner.cs - Importer: ScriptedImporter/UnityEditor.QuickSearchModule:UnityEditor.Search:ASIAI0B' with importer (ScriptedImporter : UnityEditor.QuickSearchModule:UnityEditor.Search:ASIAI0B)
Imported 'GUID: 957a5f2d2660a894d926660de2a9d577' -> (Import Result ID: '727afac217f60a82fa7aa7f40c06c7b0') in 0.005 seconds [static and dynamic dependencies]. Details - ImportResultOutputID=6245194fe562385f5960bf5dae207b0d DependenciesID=1f74fca62dd74822b25c800be05e5014 StaticDependenciesID=fdd4ce773787bfcf048f0dd0f89c2134 
Number of updated asset objects reloaded before import = 0
Number of asset objects unloaded after import = 0
========================================================================
Received Import Request.
  Time of request: 2026-10-07T19:21:27.4912442Z
  Time since last request: 0.000576 seconds.
  importAddress: GUID: 43674d438e19b89d7fe6af07234f3252 - Path: Packages/com.unity.modules.accessibility/package.json - Importer: ScriptedImporter/UnityEditor.QuickSearchModule:UnityEditor.Search:ASIAI0B
Importing 'GUID: 43674d438e19b89d7fe6af07234f3252 - Path: Packages/com.unity.modules.accessibility/package.json - Importer: ScriptedImporter/UnityEditor.QuickSearchModule:UnityEditor.Search:ASIAI0B' with importer (ScriptedImporter : UnityEditor.QuickSearchModule:UnityEditor.Search:ASIAI0B)
Imported 'GUID: 43674d438e19b89d7fe6af07234f3252' -> (Import Result ID: 'bfdbf09486feac906c22d3ba6908d86a') in 0.004 seconds [static and dynamic dependencies]. Details - ImportResultOutputID=bea4194c79f4606e4686648cc1bda7fb DependenciesID=7c37aff8050e4a822fb3fcbd31094bc9 StaticDependenciesID=85cdeba069c9091aa3d6eb934ea685d3 
Number of updated asset objects reloaded before import = 0
Number of asset objects unloaded after import = 1
========================================================================
Received Import Request.
  Time of request: 2026-10-07T19:21:27.4958679Z
  Time since last request: 0.0005548 seconds.
  importAddress: GUID: 3fdd83b151eb8d25c5e2f82fc39dcb04 - Path: Packages/com.unity.modules.unitywebrequest/package.json - Importer: ScriptedImporter/UnityEditor.QuickSearchModule:UnityEditor.Search:ASIAI0B
Importing 'GUID: 3fdd83b151eb8d25c5e2f82fc39dcb04 - Path: Packages/com.unity.modules.unitywebrequest/package.json - Importer: ScriptedImporter/UnityEditor.QuickSearchModule:UnityEditor.Search:ASIAI0B' with importer (ScriptedImporter : UnityEditor.QuickSearchModule:UnityEditor.Search:ASIAI0B)
Imported 'GUID: 3fdd83b151eb8d25c5e2f82fc39dcb04' -> (Import Result ID: '6d49d6d9fa28826967f04e938a6b0573') in 0.015 seconds [static and dynamic dependencies]. Details - ImportResultOutputID=e07327dc7935e3e02f3eef0b9ac8fc96 DependenciesID=eeca4518d2d755de4cf1980ebe962cfd StaticDependenciesID=2cbd97fef42f242f5f63070ed565ce0f 
Number of updated asset objects reloaded before import = 0
Number of asset objects unloaded after import = 1
========================================================================
Received Import Request.
  Time of request: 2026-10-07T19:21:27.5117521Z
  Time since last request: 0.0007482 seconds.
  importAddress: GUID: 2adec19fac7df68adf1fd6eb83197bb1 - Path: Packages/com.unity.modules.wind/package.ModuleCompilationTrigger - Importer: ScriptedImporter/UnityEditor.QuickSearchModule:UnityEditor.Search:ASIAI0B
Importing 'GUID: 2adec19fac7df68adf1fd6eb83197bb1 - Path: Packages/com.unity.modules.wind/package.ModuleCompilationTrigger - Importer: ScriptedImporter/UnityEditor.QuickSearchModule:UnityEditor.Search:ASIAI0B' with importer (ScriptedImporter : UnityEditor.QuickSearchModule:UnityEditor.Search:ASIAI0B)
Imported 'GUID: 2adec19fac7df68adf1fd6eb83197bb1' -> (Import Result ID: 'd4e414c5e8215a45851c1e1a1961b233') in 0.005 seconds [static and dynamic dependencies]. Details - ImportResultOutputID=b1eb68d2849514ae353666a6cdebc6e0 DependenciesID=79366367278f23e6f817d6fd681abe18 StaticDependenciesID=dfdbd655a0b124df233fb2b0d7c5e76b 
Number of updated asset objects reloaded before import = 0
Number of asset objects unloaded after import = 1
========================================================================
Received Import Request.
  Time of request: 2026-10-07T19:21:27.5181329Z
  Time since last request: 0.0007957 seconds.
  importAddress: GUID: 38cb3a4a17d2cfd41926da95ce675934 - Path: Packages/com.unity.ide.visualstudio/Editor/Messaging/UdpSocket.cs - Importer: ScriptedImporter/UnityEditor.QuickSearchModule:UnityEditor.Search:ASIAI0B
Importing 'GUID: 38cb3a4a17d2cfd41926da95ce675934 - Path: Packages/com.unity.ide.visualstudio/Editor/Messaging/UdpSocket.cs - Importer: ScriptedImporter/UnityEditor.QuickSearchModule:UnityEditor.Search:ASIAI0B' with importer (ScriptedImporter : UnityEditor.QuickSearchModule:UnityEditor.Search:ASIAI0B)
Imported 'GUID: 38cb3a4a17d2cfd41926da95ce675934' -> (Import Result ID: 'd20f3bb10e002cbff68d3a3f40cc0b1e') in 0.004 seconds [static and dynamic dependencies]. Details - ImportResultOutputID=60530e28983293f2ac93994667484b66 DependenciesID=d3818048acb73593939dbdf794c85288 StaticDependenciesID=e96bfa9236f6d298c68fc20189d1a6e7 
Number of updated asset objects reloaded before import = 0
Number of asset objects unloaded after import = 0
========================================================================
Received Import Request.
  Time of request: 2026-10-07T19:21:27.522995Z
  Time since last request: 0.0004372 seconds.
  importAddress: GUID: d104359075a97392b803d3d5aebc77f7 - Path: Packages/com.unity.modules.hierarchycore/package.ModuleCompilationTrigger - Importer: ScriptedImporter/UnityEditor.QuickSearchModule:UnityEditor.Search:ASIAI0B
Importing 'GUID: d104359075a97392b803d3d5aebc77f7 - Path: Packages/com.unity.modules.hierarchycore/package.ModuleCompilationTrigger - Importer: ScriptedImporter/UnityEditor.QuickSearchModule:UnityEditor.Search:ASIAI0B' with importer (ScriptedImporter : UnityEditor.QuickSearchModule:UnityEditor.Search:ASIAI0B)
Imported 'GUID: d104359075a97392b803d3d5aebc77f7' -> (Import Result ID: '7a0aa13daaaee41b9f8bd2ff9c4770c0') in 0.004 seconds [static and dynamic dependencies]. Details - ImportResultOutputID=6f7060b7b573affc535607ec21dfbadd DependenciesID=eb2aba5f9a666fdfd1cad56b9802d02d StaticDependenciesID=5dc55b71367751f7fc3d19551edc3e0d 
Number of updated asset objects reloaded before import = 0
Number of asset objects unloaded after import = 1
========================================================================
Received Import Request.
  Time of request: 2026-10-07T19:21:27.5282855Z
  Time since last request: 0.0008581 seconds.
  importAddress: GUID: d6a2e6e4803de7b43baacdc355fc144d - Path: Packages/com.unity.test-framework/package.json - Importer: ScriptedImporter/UnityEditor.QuickSearchModule:UnityEditor.Search:ASIAI0B
Importing 'GUID: d6a2e6e4803de7b43baacdc355fc144d - Path: Packages/com.unity.test-framework/package.json - Importer: ScriptedImporter/UnityEditor.QuickSearchModule:UnityEditor.Search:ASIAI0B' with importer (ScriptedImporter : UnityEditor.QuickSearchModule:UnityEditor.Search:ASIAI0B)
Imported 'GUID: d6a2e6e4803de7b43baacdc355fc144d' -> (Import Result ID: '25314a3b7c3f61cd8d5ba29cc88e0b36') in 0.004 seconds [static and dynamic dependencies]. Details - ImportResultOutputID=3c4a9fc001775580d4777ecf2302262e DependenciesID=3fe6901b1d455f377e4d6a359dc5e604 StaticDependenciesID=1e38a0013f57cc36aaebf963336912f2 
Number of updated asset objects reloaded before import = 0
Number of asset objects unloaded after import = 1
========================================================================
Received Import Request.
  Time of request: 2026-10-07T19:21:27.5338264Z
  Time since last request: 0.0003499 seconds.
  importAddress: GUID: f7a8357347c80dc69c08d0b1a05e2122 - Path: Packages/com.unity.modules.physics2d/package.json - Importer: ScriptedImporter/UnityEditor.QuickSearchModule:UnityEditor.Search:ASIAI0B
Importing 'GUID: f7a8357347c80dc69c08d0b1a05e2122 - Path: Packages/com.unity.modules.physics2d/package.json - Importer: ScriptedImporter/UnityEditor.QuickSearchModule:UnityEditor.Search:ASIAI0B' with importer (ScriptedImporter : UnityEditor.QuickSearchModule:UnityEditor.Search:ASIAI0B)
Imported 'GUID: f7a8357347c80dc69c08d0b1a05e2122' -> (Import Result ID: '1831102f0054ce161236da60e9c305ec') in 0.004 seconds [static and dynamic dependencies]. Details - ImportResultOutputID=bcaedf6e0ea8c4dc9915ba763ffb8e3a DependenciesID=f4c821c425ec12508ef6097e03526afe StaticDependenciesID=7c2351fb923cf44a148fda174ccbf1eb 
Number of updated asset objects reloaded before import = 0
Number of asset objects unloaded after import = 1
========================================================================
Received Import Request.
  Time of request: 2026-10-07T19:21:27.5388508Z
  Time since last request: 0.0005357 seconds.
  importAddress: GUID: c4095d72f77fbb64ea39b8b3ca246622 - Path: Packages/com.unity.ide.rider/Rider/Editor/RiderScriptEditor.cs - Importer: ScriptedImporter/UnityEditor.QuickSearchModule:UnityEditor.Search:ASIAI0B
Importing 'GUID: c4095d72f77fbb64ea39b8b3ca246622 - Path: Packages/com.unity.ide.rider/Rider/Editor/RiderScriptEditor.cs - Importer: ScriptedImporter/UnityEditor.QuickSearchModule:UnityEditor.Search:ASIAI0B' with importer (ScriptedImporter : UnityEditor.QuickSearchModule:UnityEditor.Search:ASIAI0B)
Imported 'GUID: c4095d72f77fbb64ea39b8b3ca246622' -> (Import Result ID: '73685abfac9578cf68ae9bf0caf9e0f2') in 0.014 seconds [static and dynamic dependencies]. Details - ImportResultOutputID=65275582619f5b5d7d8361f73c23a453 DependenciesID=f813691e961441c6c7f3d797964f6195 StaticDependenciesID=cfd42b8c473fa9cb7a30927c6ebe4614 
Number of updated asset objects reloaded before import = 0
Number of asset objects unloaded after import = 0
========================================================================
Received Import Request.
  Time of request: 2026-10-07T19:21:27.5545061Z
  Time since last request: 0.0007937 seconds.
  importAddress: GUID: 8cfde1a59fb35574189691a9de1df93b - Path: Packages/com.unity.ide.rider/Rider/Editor/ProjectGeneration/GUIDProvider.cs - Importer: ScriptedImporter/UnityEditor.QuickSearchModule:UnityEditor.Search:ASIAI0B
Importing 'GUID: 8cfde1a59fb35574189691a9de1df93b - Path: Packages/com.unity.ide.rider/Rider/Editor/ProjectGeneration/GUIDProvider.cs - Importer: ScriptedImporter/UnityEditor.QuickSearchModule:UnityEditor.Search:ASIAI0B' with importer (ScriptedImporter : UnityEditor.QuickSearchModule:UnityEditor.Search:ASIAI0B)
Imported 'GUID: 8cfde1a59fb35574189691a9de1df93b' -> (Import Result ID: '1890399b08ffe0c7353048599e4b7445') in 0.004 seconds [static and dynamic dependencies]. Details - ImportResultOutputID=0df70f8ea8c39c932dc42530983b0562 DependenciesID=9c85fd02d1ff063283493703e65c464f StaticDependenciesID=dd44038d8004ef8b126550bf9bdcd54b 
Number of updated asset objects reloaded before import = 0
Number of asset objects unloaded after import = 0
========================================================================
Received Import Request.
  Time of request: 2026-10-07T19:21:27.5599394Z
  Time since last request: 0.0009299 seconds.
  importAddress: GUID: e1ef8466c8fd01a549f10baa4d51fa17 - Path: Packages/com.unity.modules.assetbundle/package.json - Importer: ScriptedImporter/UnityEditor.QuickSearchModule:UnityEditor.Search:ASIAI0B
Importing 'GUID: e1ef8466c8fd01a549f10baa4d51fa17 - Path: Packages/com.unity.modules.assetbundle/package.json - Importer: ScriptedImporter/UnityEditor.QuickSearchModule:UnityEditor.Search:ASIAI0B' with importer (ScriptedImporter : UnityEditor.QuickSearchModule:UnityEditor.Search:ASIAI0B)
Imported 'GUID: e1ef8466c8fd01a549f10baa4d51fa17' -> (Import Result ID: '9b3d116a278b98248f022816f75ed4d6') in 0.006 seconds [static and dynamic dependencies]. Details - ImportResultOutputID=f6fba68124a6435899f2b8bafb446300 DependenciesID=e8eed78129bc589f748f861d50487cc5 StaticDependenciesID=21011e34acf66fe92144399405a03d64 
Number of updated asset objects reloaded before import = 0
Number of asset objects unloaded after import = 1
========================================================================
Received Import Request.
  Time of request: 2026-10-07T19:21:27.5668861Z
  Time since last request: 0.0006669 seconds.
  importAddress: GUID: f9413c47b3a14a64e8810ce76d1a6032 - Path: Packages/com.unity.ide.rider/Rider/Editor/UnitTesting/TestEvent.cs - Importer: ScriptedImporter/UnityEditor.QuickSearchModule:UnityEditor.Search:ASIAI0B
Importing 'GUID: f9413c47b3a14a64e8810ce76d1a6032 - Path: Packages/com.unity.ide.rider/Rider/Editor/UnitTesting/TestEvent.cs - Importer: ScriptedImporter/UnityEditor.QuickSearchModule:UnityEditor.Search:ASIAI0B' with importer (ScriptedImporter : UnityEditor.QuickSearchModule:UnityEditor.Search:ASIAI0B)
Imported 'GUID: f9413c47b3a14a64e8810ce76d1a6032' -> (Import Result ID: 'a051e9ffc2309da48856a766062eaeb4') in 0.007 seconds [static and dynamic dependencies]. Details - ImportResultOutputID=a520cec3d4223af0d34990b18a99d0de DependenciesID=0966ac6f2653f5d52c1d7ca0648c5a52 StaticDependenciesID=ac5de9cad8067c81d4a6fcb3630faba6 
Number of updated asset objects reloaded before import = 0
Number of asset objects unloaded after import = 0
========================================================================
Received Import Request.
  Time of request: 2026-10-07T19:21:27.5751376Z
  Time since last request: 0.0008346 seconds.
  importAddress: GUID: aeb8068359664ab5a8d6420381f87510 - Path: Packages/com.unity.ide.rider/Rider/Editor/LogFileOpener.cs - Importer: ScriptedImporter/UnityEditor.QuickSearchModule:UnityEditor.Search:ASIAI0B
Importing 'GUID: aeb8068359664ab5a8d6420381f87510 - Path: Packages/com.unity.ide.rider/Rider/Editor/LogFileOpener.cs - Importer: ScriptedImporter/UnityEditor.QuickSearchModule:UnityEditor.Search:ASIAI0B' with importer (ScriptedImporter : UnityEditor.QuickSearchModule:UnityEditor.Search:ASIAI0B)
Imported 'GUID: aeb8068359664ab5a8d6420381f87510' -> (Import Result ID: '9b7fee79bc279b147ff5cc871f224710') in 0.010 seconds [static and dynamic dependencies]. Details - ImportResultOutputID=4b6af3f41798d99cfba257c5c3a227eb DependenciesID=2ffc54902a08aa94c6e9286410c35dbb StaticDependenciesID=ee8f7612d5af721c33f12680ef87cf30 
Number of updated asset objects reloaded before import = 0
Number of asset objects unloaded after import = 0
========================================================================
Received Import Request.
  Time of request: 2026-10-07T19:21:27.5860316Z
  Time since last request: 0.0005572 seconds.
  importAddress: GUID: fa7011e2ea1ff024083fea2179f3df08 - Path: Packages/com.unity.ide.visualstudio/Editor/ProjectGeneration/ProjectProperties.cs - Importer: ScriptedImporter/UnityEditor.QuickSearchModule:UnityEditor.Search:ASIAI0B
Importing 'GUID: fa7011e2ea1ff024083fea2179f3df08 - Path: Packages/com.unity.ide.visualstudio/Editor/ProjectGeneration/ProjectProperties.cs - Importer: ScriptedImporter/UnityEditor.QuickSearchModule:UnityEditor.Search:ASIAI0B' with importer (ScriptedImporter : UnityEditor.QuickSearchModule:UnityEditor.Search:ASIAI0B)
Imported 'GUID: fa7011e2ea1ff024083fea2179f3df08' -> (Import Result ID: 'a1899b4456af1963e81de1066997988f') in 0.011 seconds [static and dynamic dependencies]. Details - ImportResultOutputID=68ee94730737ab26a5de0918d084695e DependenciesID=07db2808587760e82bb008de6f426562 StaticDependenciesID=ce24b8a982318755e32eda01f11ee282 
Number of updated asset objects reloaded before import = 0
Number of asset objects unloaded after import = 0
========================================================================
Received Import Request.
  Time of request: 2026-10-07T19:21:27.5992191Z
  Time since last request: 0.001261 seconds.
  importAddress: GUID: 5b17896803f77494da73d73448fb6cb4 - Path: Packages/com.unity.ide.visualstudio/Editor/VSWhere - Importer: ScriptedImporter/UnityEditor.QuickSearchModule:UnityEditor.Search:ASIAI0B
Importing 'GUID: 5b17896803f77494da73d73448fb6cb4 - Path: Packages/com.unity.ide.visualstudio/Editor/VSWhere - Importer: ScriptedImporter/UnityEditor.QuickSearchModule:UnityEditor.Search:ASIAI0B' with importer (ScriptedImporter : UnityEditor.QuickSearchModule:UnityEditor.Search:ASIAI0B)
Imported 'GUID: 5b17896803f77494da73d73448fb6cb4' -> (Import Result ID: 'd32d8fc499bedc367e2693cbd47fd22f') in 0.013 seconds [static and dynamic dependencies]. Details - ImportResultOutputID=d3d7de4ca2be7ca512b293e96b9679ae DependenciesID=519c4ebd67fc1a510c031f1ee330d53f StaticDependenciesID=2774feda2b7bbe4ce83dcb1d28234368 
Number of updated asset objects reloaded before import = 0
Number of asset objects unloaded after import = 1
========================================================================
Received Import Request.
  Time of request: 2026-10-07T19:21:27.6154889Z
  Time since last request: 0.003362 seconds.
  importAddress: GUID: db8e609a39b9b231fccc54e5fa4cbd1b - Path: Packages/com.unity.modules.animation/package.ModuleCompilationTrigger - Importer: ScriptedImporter/UnityEditor.QuickSearchModule:UnityEditor.Search:ASIAI0B
Importing 'GUID: db8e609a39b9b231fccc54e5fa4cbd1b - Path: Packages/com.unity.modules.animation/package.ModuleCompilationTrigger - Importer: ScriptedImporter/UnityEditor.QuickSearchModule:UnityEditor.Search:ASIAI0B' with importer (ScriptedImporter : UnityEditor.QuickSearchModule:UnityEditor.Search:ASIAI0B)
Imported 'GUID: db8e609a39b9b231fccc54e5fa4cbd1b' -> (Import Result ID: 'df5c7984e988197d0c1d074336be77d7') in 0.003 seconds [static and dynamic dependencies]. Details - ImportResultOutputID=4a87be0f7ff31b719e18e554ea7e745a DependenciesID=a2c79c020a7789be817b948d11ba799a StaticDependenciesID=d520a4917c51b7e324df00a2aa0d127b 
Number of updated asset objects reloaded before import = 0
Number of asset objects unloaded after import = 1
========================================================================
Received Import Request.
  Time of request: 2026-10-07T19:21:27.6214998Z
  Time since last request: 0.0020863 seconds.
  importAddress: GUID: 1a4266815e998967becf686f9c71f0a6 - Path: Packages/com.unity.modules.physics/package.json - Importer: ScriptedImporter/UnityEditor.QuickSearchModule:UnityEditor.Search:ASIAI0B
Importing 'GUID: 1a4266815e998967becf686f9c71f0a6 - Path: Packages/com.unity.modules.physics/package.json - Importer: ScriptedImporter/UnityEditor.QuickSearchModule:UnityEditor.Search:ASIAI0B' with importer (ScriptedImporter : UnityEditor.QuickSearchModule:UnityEditor.Search:ASIAI0B)
Imported 'GUID: 1a4266815e998967becf686f9c71f0a6' -> (Import Result ID: 'b16fe7630b6d16624d7d31cb438d9bb9') in 0.004 seconds [static and dynamic dependencies]. Details - ImportResultOutputID=cebac0142933b87c54745abaf1cc0b40 DependenciesID=b368daec682791484b08a535126c471f StaticDependenciesID=ff350efe6ea46f2cb700efeb84d8779d 
Number of updated asset objects reloaded before import = 0
Number of asset objects unloaded after import = 1
========================================================================
Received Import Request.
  Time of request: 2026-10-07T19:21:27.6265681Z
  Time since last request: 0.0008749 seconds.
  importAddress: GUID: ec02776fe29df900b897106d61977735 - Path: Packages/com.unity.modules.director/package.json - Importer: ScriptedImporter/UnityEditor.QuickSearchModule:UnityEditor.Search:ASIAI0B
Importing 'GUID: ec02776fe29df900b897106d61977735 - Path: Packages/com.unity.modules.director/package.json - Importer: ScriptedImporter/UnityEditor.QuickSearchModule:UnityEditor.Search:ASIAI0B' with importer (ScriptedImporter : UnityEditor.QuickSearchModule:UnityEditor.Search:ASIAI0B)
Imported 'GUID: ec02776fe29df900b897106d61977735' -> (Import Result ID: '67ad199772ad74d37fd4dd07586b5d2a') in 0.004 seconds [static and dynamic dependencies]. Details - ImportResultOutputID=f341fb3b902316bcf4a3a4c8b1276e9d DependenciesID=d461316f0a8619ee1670007675ecd962 StaticDependenciesID=e1f8425cfd9d4a7ee017ea8425639c93 
Number of updated asset objects reloaded before import = 0
Number of asset objects unloaded after import = 1
========================================================================
Received Import Request.
  Time of request: 2026-10-07T19:21:27.6318377Z
  Time since last request: 0.0009432 seconds.
  importAddress: GUID: 71e7167b55a3448b38774a3bb6e05bac - Path: Packages/com.unity.modules.timelinefoundation/package.ModuleCompilationTrigger - Importer: ScriptedImporter/UnityEditor.QuickSearchModule:UnityEditor.Search:ASIAI0B
Importing 'GUID: 71e7167b55a3448b38774a3bb6e05bac - Path: Packages/com.unity.modules.timelinefoundation/package.ModuleCompilationTrigger - Importer: ScriptedImporter/UnityEditor.QuickSearchModule:UnityEditor.Search:ASIAI0B' with importer (ScriptedImporter : UnityEditor.QuickSearchModule:UnityEditor.Search:ASIAI0B)
Imported 'GUID: 71e7167b55a3448b38774a3bb6e05bac' -> (Import Result ID: '7748ad026a95749a316add39dec80ddb') in 0.009 seconds [static and dynamic dependencies]. Details - ImportResultOutputID=6e03fa4b023d62b6cc9469f68c599fc2 DependenciesID=82a2fb1d5e8954f3694c5ba8453f1111 StaticDependenciesID=9969ab2123f79674d728a930d5d0d458 
Number of updated asset objects reloaded before import = 0
Number of asset objects unloaded after import = 1
========================================================================
Received Import Request.
  Time of request: 2026-10-07T19:21:27.6423193Z
  Time since last request: 0.0000488 seconds.
  importAddress: GUID: e8aed47cdce10fd4cae32fefa2c34f8f - Path: Packages/com.unity.ide.visualstudio/Editor/ProjectGeneration/SdkStyleProjectGeneration.cs - Importer: ScriptedImporter/UnityEditor.QuickSearchModule:UnityEditor.Search:ASIAI0B
Importing 'GUID: e8aed47cdce10fd4cae32fefa2c34f8f - Path: Packages/com.unity.ide.visualstudio/Editor/ProjectGeneration/SdkStyleProjectGeneration.cs - Importer: ScriptedImporter/UnityEditor.QuickSearchModule:UnityEditor.Search:ASIAI0B' with importer (ScriptedImporter : UnityEditor.QuickSearchModule:UnityEditor.Search:ASIAI0B)
Imported 'GUID: e8aed47cdce10fd4cae32fefa2c34f8f' -> (Import Result ID: '626a1a342f4b448ecb9d4ede84f7443c') in 0.012 seconds [static and dynamic dependencies]. Details - ImportResultOutputID=9ffb8a5f6e5a460094abbbe80df0442f DependenciesID=21d2ea63cda85ceb3316d3f589376f21 StaticDependenciesID=cdb61d07e900e11386e9d25705638139 
Number of updated asset objects reloaded before import = 0
Number of asset objects unloaded after import = 0
========================================================================
Received Import Request.
  Time of request: 2026-10-07T19:21:27.6571357Z
  Time since last request: 0.0028987 seconds.
  importAddress: GUID: dab656c79e1985c40b31faebcda44442 - Path: Packages/com.unity.ide.rider/Rider/Editor/Discovery.cs - Importer: ScriptedImporter/UnityEditor.QuickSearchModule:UnityEditor.Search:ASIAI0B
Importing 'GUID: dab656c79e1985c40b31faebcda44442 - Path: Packages/com.unity.ide.rider/Rider/Editor/Discovery.cs - Importer: ScriptedImporter/UnityEditor.QuickSearchModule:UnityEditor.Search:ASIAI0B' with importer (ScriptedImporter : UnityEditor.QuickSearchModule:UnityEditor.Search:ASIAI0B)
Imported 'GUID: dab656c79e1985c40b31faebcda44442' -> (Import Result ID: 'f47d7182543b15063fcc66cbb86a8876') in 0.007 seconds [static and dynamic dependencies]. Details - ImportResultOutputID=bf70f07db2f8d5e2dcbf9eb387a63432 DependenciesID=93f18f8cb755ef851f9162e3ffe87eaa StaticDependenciesID=13d971ea5c898823bf94471a2d7f00f4 
Number of updated asset objects reloaded before import = 0
Number of asset objects unloaded after import = 0
========================================================================
Received Import Request.
  Time of request: 2026-10-07T19:21:27.6657041Z
  Time since last request: 0.0016599 seconds.
  importAddress: GUID: 78af99d0156944f293b020b49a6830c2 - Path: Packages/com.unity.ide.rider/Rider/Editor/ProjectGeneration/ProjectGenerationFlag.cs - Importer: ScriptedImporter/UnityEditor.QuickSearchModule:UnityEditor.Search:ASIAI0B
Importing 'GUID: 78af99d0156944f293b020b49a6830c2 - Path: Packages/com.unity.ide.rider/Rider/Editor/ProjectGeneration/ProjectGenerationFlag.cs - Importer: ScriptedImporter/UnityEditor.QuickSearchModule:UnityEditor.Search:ASIAI0B' with importer (ScriptedImporter : UnityEditor.QuickSearchModule:UnityEditor.Search:ASIAI0B)
Imported 'GUID: 78af99d0156944f293b020b49a6830c2' -> (Import Result ID: '5d00231271a2f0570020b2d876543faf') in 0.008 seconds [static and dynamic dependencies]. Details - ImportResultOutputID=32c51a9d8c15513180f34d4aa795e6e5 DependenciesID=ec6e1897f87399c4f0f63806120fdfe1 StaticDependenciesID=58be56378d5fcacc7dc66871ee780479 
Number of updated asset objects reloaded before import = 0
Number of asset objects unloaded after import = 0
========================================================================
Received Import Request.
  Time of request: 2026-10-07T19:21:27.675883Z
  Time since last request: 0.0018754 seconds.
  importAddress: GUID: de1c9ea7b82c9904d9e5fba2ee70a998 - Path: Packages/com.unity.ide.visualstudio/Editor/Messaging/Message.cs - Importer: ScriptedImporter/UnityEditor.QuickSearchModule:UnityEditor.Search:ASIAI0B
Importing 'GUID: de1c9ea7b82c9904d9e5fba2ee70a998 - Path: Packages/com.unity.ide.visualstudio/Editor/Messaging/Message.cs - Importer: ScriptedImporter/UnityEditor.QuickSearchModule:UnityEditor.Search:ASIAI0B' with importer (ScriptedImporter : UnityEditor.QuickSearchModule:UnityEditor.Search:ASIAI0B)
Imported 'GUID: de1c9ea7b82c9904d9e5fba2ee70a998' -> (Import Result ID: 'ced3abcf8597d253647fcb25250ee128') in 0.004 seconds [static and dynamic dependencies]. Details - ImportResultOutputID=9942261d43b880aa1f088b828e2987be DependenciesID=3af7e692c165227abdb494841d0e0d24 StaticDependenciesID=e5543497115bb2bf25a01f2f9707c0ab 
Number of updated asset objects reloaded before import = 0
Number of asset objects unloaded after import = 0
========================================================================
Received Import Request.
  Time of request: 2026-10-07T19:21:27.6803964Z
  Time since last request: 0.0005882 seconds.
  importAddress: GUID: a1c42005fe7c5d78585a77ce396a5eea - Path: Packages/com.unity.modules.tilemap/package.ModuleCompilationTrigger - Importer: ScriptedImporter/UnityEditor.QuickSearchModule:UnityEditor.Search:ASIAI0B
Importing 'GUID: a1c42005fe7c5d78585a77ce396a5eea - Path: Packages/com.unity.modules.tilemap/package.ModuleCompilationTrigger - Importer: ScriptedImporter/UnityEditor.QuickSearchModule:UnityEditor.Search:ASIAI0B' with importer (ScriptedImporter : UnityEditor.QuickSearchModule:UnityEditor.Search:ASIAI0B)
Imported 'GUID: a1c42005fe7c5d78585a77ce396a5eea' -> (Import Result ID: '20283755d599689742697ee839dc0209') in 0.003 seconds [static and dynamic dependencies]. Details - ImportResultOutputID=c8e6b06a89981fd2e3cdd387bec350b0 DependenciesID=02d29dd9a18244069dc95321822b441c StaticDependenciesID=5281e496bed0576d168e555ecb76e387 
Number of updated asset objects reloaded before import = 0
Number of asset objects unloaded after import = 1
========================================================================
Received Import Request.
  Time of request: 2026-10-07T19:21:27.6842045Z
  Time since last request: 0.0006577 seconds.
  importAddress: GUID: cd561f5f687aed43bf280c27a84f79e3 - Path: Packages/com.unity.modules.screencapture/package.ModuleCompilationTrigger - Importer: ScriptedImporter/UnityEditor.QuickSearchModule:UnityEditor.Search:ASIAI0B
Importing 'GUID: cd561f5f687aed43bf280c27a84f79e3 - Path: Packages/com.unity.modules.screencapture/package.ModuleCompilationTrigger - Importer: ScriptedImporter/UnityEditor.QuickSearchModule:UnityEditor.Search:ASIAI0B' with importer (ScriptedImporter : UnityEditor.QuickSearchModule:UnityEditor.Search:ASIAI0B)
Imported 'GUID: cd561f5f687aed43bf280c27a84f79e3' -> (Import Result ID: '6585280d1b4e782de9eea0b14cb693f0') in 0.003 seconds [static and dynamic dependencies]. Details - ImportResultOutputID=28ee7a7d95a9601134836c6a7a55fab8 DependenciesID=0a4dd58d0cc5891a03603ea5ded75b05 StaticDependenciesID=a82331820c8374872cf079a9fc455569 
Number of updated asset objects reloaded before import = 0
Number of asset objects unloaded after import = 1
========================================================================
Received Import Request.
  Time of request: 2026-10-07T19:21:27.687538Z
  Time since last request: 0.0004091 seconds.
  importAddress: GUID: 78e5667e52329c3ceef41288763404ae - Path: Packages/com.unity.modules.vectorgraphics/package.json - Importer: ScriptedImporter/UnityEditor.QuickSearchModule:UnityEditor.Search:ASIAI0B
Importing 'GUID: 78e5667e52329c3ceef41288763404ae - Path: Packages/com.unity.modules.vectorgraphics/package.json - Importer: ScriptedImporter/UnityEditor.QuickSearchModule:UnityEditor.Search:ASIAI0B' with importer (ScriptedImporter : UnityEditor.QuickSearchModule:UnityEditor.Search:ASIAI0B)
Imported 'GUID: 78e5667e52329c3ceef41288763404ae' -> (Import Result ID: '2c1b23797857ad4ee65e8e82d5a062bc') in 0.004 seconds [static and dynamic dependencies]. Details - ImportResultOutputID=4803c839bdc161e4fc3a54a97081754a DependenciesID=69c7fafbaed58062c4b0d4b9871fccbf StaticDependenciesID=87762379db59e719f985c0797a242fb9 
Number of updated asset objects reloaded before import = 0
Number of asset objects unloaded after import = 1
========================================================================
Received Import Request.
  Time of request: 2026-10-07T19:21:27.6927335Z
  Time since last request: 0.0006669 seconds.
  importAddress: GUID: 40bf3cec17fa0b49fe04443c8332d638 - Path: Packages/com.unity.modules.jsonserialize/package.json - Importer: ScriptedImporter/UnityEditor.QuickSearchModule:UnityEditor.Search:ASIAI0B
Importing 'GUID: 40bf3cec17fa0b49fe04443c8332d638 - Path: Packages/com.unity.modules.jsonserialize/package.json - Importer: ScriptedImporter/UnityEditor.QuickSearchModule:UnityEditor.Search:ASIAI0B' with importer (ScriptedImporter : UnityEditor.QuickSearchModule:UnityEditor.Search:ASIAI0B)
Imported 'GUID: 40bf3cec17fa0b49fe04443c8332d638' -> (Import Result ID: 'dffc0d6b18e9d7aef1e6970fcac999c9') in 0.004 seconds [static and dynamic dependencies]. Details - ImportResultOutputID=6edbb52e84a6a671b89ff90d8472a653 DependenciesID=15e5ad6ed806551112ad8954db4b6bc2 StaticDependenciesID=802e8406a621ae29fa3623b6d2d9b635 
Number of updated asset objects reloaded before import = 0
Number of asset objects unloaded after import = 1
========================================================================
Received Import Request.
  Time of request: 2026-10-07T19:21:27.6973177Z
  Time since last request: 0.0006469 seconds.
  importAddress: GUID: 0b59b40c84c6a5348a188c16b17c7b40 - Path: Packages/com.unity.ide.visualstudio/Editor/Testing/TestRunnerApiListener.cs - Importer: ScriptedImporter/UnityEditor.QuickSearchModule:UnityEditor.Search:ASIAI0B
Importing 'GUID: 0b59b40c84c6a5348a188c16b17c7b40 - Path: Packages/com.unity.ide.visualstudio/Editor/Testing/TestRunnerApiListener.cs - Importer: ScriptedImporter/UnityEditor.QuickSearchModule:UnityEditor.Search:ASIAI0B' with importer (ScriptedImporter : UnityEditor.QuickSearchModule:UnityEditor.Search:ASIAI0B)
Imported 'GUID: 0b59b40c84c6a5348a188c16b17c7b40' -> (Import Result ID: 'f152f1fe32e4278c07796d7331f53a3e') in 0.010 seconds [static and dynamic dependencies]. Details - ImportResultOutputID=e14cfd3df397d5b52bc380a867dcea7c DependenciesID=c3e209781e5b3461fc45b7ff6194bc4e StaticDependenciesID=bf0bcb064199ab2babb78d93b4f18b1a 
Number of updated asset objects reloaded before import = 0
Number of asset objects unloaded after import = 0
========================================================================
Received Import Request.
  Time of request: 2026-10-07T19:21:27.7082511Z
  Time since last request: 0.0007864 seconds.
  importAddress: GUID: 042dc296246916648e55a43d0eeb2036 - Path: Packages/com.unity.modules.audio/package.ModuleCompilationTrigger - Importer: ScriptedImporter/UnityEditor.QuickSearchModule:UnityEditor.Search:ASIAI0B
Importing 'GUID: 042dc296246916648e55a43d0eeb2036 - Path: Packages/com.unity.modules.audio/package.ModuleCompilationTrigger - Importer: ScriptedImporter/UnityEditor.QuickSearchModule:UnityEditor.Search:ASIAI0B' with importer (ScriptedImporter : UnityEditor.QuickSearchModule:UnityEditor.Search:ASIAI0B)
Imported 'GUID: 042dc296246916648e55a43d0eeb2036' -> (Import Result ID: '4ef5aae9af8189786e8092195c6842d6') in 0.003 seconds [static and dynamic dependencies]. Details - ImportResultOutputID=e3a69288fac2d691e335e8e98c7bf882 DependenciesID=cf83fd4ca8ea7877a3147ba2362a55a6 StaticDependenciesID=2dd84b9191d41c56a8c6f4723de2b220 
Number of updated asset objects reloaded before import = 0
Number of asset objects unloaded after import = 1
========================================================================
Received Import Request.
  Time of request: 2026-10-07T19:21:27.7125481Z
  Time since last request: 0.0005465 seconds.
  importAddress: GUID: 71bb46b59a9a7a346bbab1e185c723df - Path: Packages/com.unity.ide.rider/Rider/Editor/LoggingLevel.cs - Importer: ScriptedImporter/UnityEditor.QuickSearchModule:UnityEditor.Search:ASIAI0B
Importing 'GUID: 71bb46b59a9a7a346bbab1e185c723df - Path: Packages/com.unity.ide.rider/Rider/Editor/LoggingLevel.cs - Importer: ScriptedImporter/UnityEditor.QuickSearchModule:UnityEditor.Search:ASIAI0B' with importer (ScriptedImporter : UnityEditor.QuickSearchModule:UnityEditor.Search:ASIAI0B)
Imported 'GUID: 71bb46b59a9a7a346bbab1e185c723df' -> (Import Result ID: 'bb6db37685804101d5120ad96003a991') in 0.003 seconds [static and dynamic dependencies]. Details - ImportResultOutputID=154d31fe6e6c7fe829e39f8a43be806c DependenciesID=c8ebcbab8f5ddffe1c7f593bc2c788e1 StaticDependenciesID=434b7e9eaf9b78a1327a12a4477d4897 
Number of updated asset objects reloaded before import = 0
Number of asset objects unloaded after import = 0
========================================================================
Received Import Request.
  Time of request: 2026-10-07T19:21:27.7161713Z
  Time since last request: 0.0005846 seconds.
  importAddress: GUID: 5c3b27069cb3ddf42ba1260eeefcdd1c - Path: Packages/com.unity.ide.rider/Rider/Editor/UnitTesting/RiderTestRunner.cs - Importer: ScriptedImporter/UnityEditor.QuickSearchModule:UnityEditor.Search:ASIAI0B
Importing 'GUID: 5c3b27069cb3ddf42ba1260eeefcdd1c - Path: Packages/com.unity.ide.rider/Rider/Editor/UnitTesting/RiderTestRunner.cs - Importer: ScriptedImporter/UnityEditor.QuickSearchModule:UnityEditor.Search:ASIAI0B' with importer (ScriptedImporter : UnityEditor.QuickSearchModule:UnityEditor.Search:ASIAI0B)
Imported 'GUID: 5c3b27069cb3ddf42ba1260eeefcdd1c' -> (Import Result ID: 'f737402d5f91ba9580531eb3f7060406') in 0.003 seconds [static and dynamic dependencies]. Details - ImportResultOutputID=fbea70babc21438eb2a969b5c423d566 DependenciesID=a213ee5ae79f1fb8e2c0939dcebfc35c StaticDependenciesID=d4b4e5d5149e00dfa4d77fd423205ff6 
Number of updated asset objects reloaded before import = 0
Number of asset objects unloaded after import = 0
========================================================================
Received Import Request.
  Time of request: 2026-10-07T19:21:27.7197159Z
  Time since last request: 0.0004833 seconds.
  importAddress: GUID: 26a4f29db434fd79025c91f6126382cc - Path: Packages/com.unity.modules.unityanalytics/package.json - Importer: ScriptedImporter/UnityEditor.QuickSearchModule:UnityEditor.Search:ASIAI0B
Importing 'GUID: 26a4f29db434fd79025c91f6126382cc - Path: Packages/com.unity.modules.unityanalytics/package.json - Importer: ScriptedImporter/UnityEditor.QuickSearchModule:UnityEditor.Search:ASIAI0B' with importer (ScriptedImporter : UnityEditor.QuickSearchModule:UnityEditor.Search:ASIAI0B)
Imported 'GUID: 26a4f29db434fd79025c91f6126382cc' -> (Import Result ID: 'a8cc1e9c7a53b664896e565dcd0a9d34') in 0.004 seconds [static and dynamic dependencies]. Details - ImportResultOutputID=40b64de08d5dfcab47c57504e2a248ea DependenciesID=96ccfe1c4910de89549c042923f7b8ed StaticDependenciesID=f2b0f2e16dd0651d6257999d4eeb4bec 
Number of updated asset objects reloaded before import = 0
Number of asset objects unloaded after import = 1
========================================================================
Received Import Request.
  Time of request: 2026-10-07T19:21:27.7243498Z
  Time since last request: 0.000894 seconds.
  importAddress: GUID: 32e50e97779a4753a461190076119a99 - Path: Packages/com.unity.ide.rider/Rider/Editor/ProjectGeneration/PackageManagerTracker.cs - Importer: ScriptedImporter/UnityEditor.QuickSearchModule:UnityEditor.Search:ASIAI0B
Importing 'GUID: 32e50e97779a4753a461190076119a99 - Path: Packages/com.unity.ide.rider/Rider/Editor/ProjectGeneration/PackageManagerTracker.cs - Importer: ScriptedImporter/UnityEditor.QuickSearchModule:UnityEditor.Search:ASIAI0B' with importer (ScriptedImporter : UnityEditor.QuickSearchModule:UnityEditor.Search:ASIAI0B)
Imported 'GUID: 32e50e97779a4753a461190076119a99' -> (Import Result ID: 'a5ec3e692f9afff61f5dfb3cc6205120') in 0.004 seconds [static and dynamic dependencies]. Details - ImportResultOutputID=e63a01a10c3dbb86bec9b01c4a9e2a3f DependenciesID=03963c3b8ea4f74c82697930822c4fc2 StaticDependenciesID=7654e5d4fc5f3ed57e94aca488a51ae6 
Number of updated asset objects reloaded before import = 0
Number of asset objects unloaded after import = 0
========================================================================
Received Import Request.
  Time of request: 2026-10-07T19:21:27.7655144Z
  Time since last request: 0.0332841 seconds.
  importAddress: GUID: 43a3aec217baa9644a7cf34b5f93fed9 - Path: Packages/com.unity.test-framework/UnityEngine.TestRunner/Utils/AssemblyProvider/PlayerTestAssemblyProvider.cs - Importer: ScriptedImporter/UnityEditor.QuickSearchModule:UnityEditor.Search:ASIAI0B
Importing 'GUID: 43a3aec217baa9644a7cf34b5f93fed9 - Path: Packages/com.unity.test-framework/UnityEngine.TestRunner/Utils/AssemblyProvider/PlayerTestAssemblyProvider.cs - Importer: ScriptedImporter/UnityEditor.QuickSearchModule:UnityEditor.Search:ASIAI0B' with importer (ScriptedImporter : UnityEditor.QuickSearchModule:UnityEditor.Search:ASIAI0B)
Imported 'GUID: 43a3aec217baa9644a7cf34b5f93fed9' -> (Import Result ID: 'b8a9f24c243cee5dc0686704c42f989a') in 0.005 seconds [static and dynamic dependencies]. Details - ImportResultOutputID=e99a4cf7c3a55a88bae2d4bb4847361e DependenciesID=a75e1ec6d7ff3f2b914e03fb0cced0ee StaticDependenciesID=3013864770d0aa5150487f627f109328 
Number of updated asset objects reloaded before import = 0
Number of asset objects unloaded after import = 0
========================================================================
Received Import Request.
  Time of request: 2026-10-07T19:21:27.7718278Z
  Time since last request: 0.0007112 seconds.
  importAddress: GUID: b9308b762484008498bb5cd1886aa491 - Path: Packages/com.unity.ide.visualstudio/Editor/Symbols.cs - Importer: ScriptedImporter/UnityEditor.QuickSearchModule:UnityEditor.Search:ASIAI0B
Importing 'GUID: b9308b762484008498bb5cd1886aa491 - Path: Packages/com.unity.ide.visualstudio/Editor/Symbols.cs - Importer: ScriptedImporter/UnityEditor.QuickSearchModule:UnityEditor.Search:ASIAI0B' with importer (ScriptedImporter : UnityEditor.QuickSearchModule:UnityEditor.Search:ASIAI0B)
Imported 'GUID: b9308b762484008498bb5cd1886aa491' -> (Import Result ID: '23e243f16355939bbcd7c0abf212ab4b') in 0.006 seconds [static and dynamic dependencies]. Details - ImportResultOutputID=5c1088419d9d1de3999b771c8455b602 DependenciesID=7e394cd1b288e8453593c7e89127ddb8 StaticDependenciesID=8446454f55a612c5d10c3459278298a8 
Number of updated asset objects reloaded before import = 0
Number of asset objects unloaded after import = 0
========================================================================
Received Import Request.
  Time of request: 2026-10-07T19:21:27.7784593Z
  Time since last request: 0.000689 seconds.
  importAddress: GUID: 45471ad7b8c1f964da5e3c07d57fbf4f - Path: Packages/com.unity.ide.rider/Rider/Editor/PostProcessors/RiderAssetPostprocessor.cs - Importer: ScriptedImporter/UnityEditor.QuickSearchModule:UnityEditor.Search:ASIAI0B
Importing 'GUID: 45471ad7b8c1f964da5e3c07d57fbf4f - Path: Packages/com.unity.ide.rider/Rider/Editor/PostProcessors/RiderAssetPostprocessor.cs - Importer: ScriptedImporter/UnityEditor.QuickSearchModule:UnityEditor.Search:ASIAI0B' with importer (ScriptedImporter : UnityEditor.QuickSearchModule:UnityEditor.Search:ASIAI0B)
Imported 'GUID: 45471ad7b8c1f964da5e3c07d57fbf4f' -> (Import Result ID: '7de49a1739cedaa8cc8680d27b8a9b33') in 0.006 seconds [static and dynamic dependencies]. Details - ImportResultOutputID=dd86867f3c1314670c9a3b3dce47bff1 DependenciesID=f3b33cccf565214551457def2e2f6f56 StaticDependenciesID=04ea68439a3ecbbfcbaba85c18b619af 
Number of updated asset objects reloaded before import = 0
Number of asset objects unloaded after import = 0
========================================================================
Received Import Request.
  Time of request: 2026-10-07T19:21:27.7860107Z
  Time since last request: 0.0005669 seconds.
  importAddress: GUID: 41b2d972bdac29e4a89ef08b3b52c248 - Path: Packages/com.unity.ide.visualstudio/Editor/COMIntegration/Release - Importer: ScriptedImporter/UnityEditor.QuickSearchModule:UnityEditor.Search:ASIAI0B
Importing 'GUID: 41b2d972bdac29e4a89ef08b3b52c248 - Path: Packages/com.unity.ide.visualstudio/Editor/COMIntegration/Release - Importer: ScriptedImporter/UnityEditor.QuickSearchModule:UnityEditor.Search:ASIAI0B' with importer (ScriptedImporter : UnityEditor.QuickSearchModule:UnityEditor.Search:ASIAI0B)
Imported 'GUID: 41b2d972bdac29e4a89ef08b3b52c248' -> (Import Result ID: '6fd94c8ebd482d421ec179fe792d9f24') in 0.008 seconds [static and dynamic dependencies]. Details - ImportResultOutputID=33a79697ee0e35845ece3bacbd9e4ff4 DependenciesID=53dff3dd23d4a40a0474afc331a9845b StaticDependenciesID=5216cb9cf69349f1869a9f63eb3be13a 
Number of updated asset objects reloaded before import = 0
Number of asset objects unloaded after import = 1
========================================================================
Received Import Request.
  Time of request: 2026-10-07T19:21:27.7948548Z
  Time since last request: 0.0008125 seconds.
  importAddress: GUID: 0173aff8c07e06b42af07ebdd7f08032 - Path: Packages/com.unity.ide.visualstudio/Editor/VisualStudioEditor.cs - Importer: ScriptedImporter/UnityEditor.QuickSearchModule:UnityEditor.Search:ASIAI0B
Importing 'GUID: 0173aff8c07e06b42af07ebdd7f08032 - Path: Packages/com.unity.ide.visualstudio/Editor/VisualStudioEditor.cs - Importer: ScriptedImporter/UnityEditor.QuickSearchModule:UnityEditor.Search:ASIAI0B' with importer (ScriptedImporter : UnityEditor.QuickSearchModule:UnityEditor.Search:ASIAI0B)
Imported 'GUID: 0173aff8c07e06b42af07ebdd7f08032' -> (Import Result ID: '9f2b900037a91eb87ecad5c304490b17') in 0.005 seconds [static and dynamic dependencies]. Details - ImportResultOutputID=56dd1720d72ce37c2e632c51d9273c1c DependenciesID=dae826a0bfd723e8b114bcfc120efc0f StaticDependenciesID=f28b5af2710b42a66149e2c624e19aca 
Number of updated asset objects reloaded before import = 0
Number of asset objects unloaded after import = 0
========================================================================
Received Import Request.
  Time of request: 2026-10-07T19:21:27.8003788Z
  Time since last request: 0.0004749 seconds.
  importAddress: GUID: 96d14b71b907bb52333b2886e665aba6 - Path: Packages/com.unity.modules.video/package.json - Importer: ScriptedImporter/UnityEditor.QuickSearchModule:UnityEditor.Search:ASIAI0B
Importing 'GUID: 96d14b71b907bb52333b2886e665aba6 - Path: Packages/com.unity.modules.video/package.json - Importer: ScriptedImporter/UnityEditor.QuickSearchModule:UnityEditor.Search:ASIAI0B' with importer (ScriptedImporter : UnityEditor.QuickSearchModule:UnityEditor.Search:ASIAI0B)
Imported 'GUID: 96d14b71b907bb52333b2886e665aba6' -> (Import Result ID: 'cf2570757bafc3749f228a54d511374f') in 0.004 seconds [static and dynamic dependencies]. Details - ImportResultOutputID=112f526e5ff7f716d6eaf636e8657804 DependenciesID=6612e5f619b2b8c7e81208ee1f593dcd StaticDependenciesID=23a4ed1058b55dd5551797192fe77050 
Number of updated asset objects reloaded before import = 0
Number of asset objects unloaded after import = 1
========================================================================
Received Import Request.
  Time of request: 2026-10-07T19:21:27.8050732Z
  Time since last request: 0.0005689 seconds.
  importAddress: GUID: 8472c6472e6d4301873871a9e8fcf952 - Path: Packages/com.unity.ide.rider/Rider/Editor/Properties/AssemblyInfo.cs - Importer: ScriptedImporter/UnityEditor.QuickSearchModule:UnityEditor.Search:ASIAI0B
Importing 'GUID: 8472c6472e6d4301873871a9e8fcf952 - Path: Packages/com.unity.ide.rider/Rider/Editor/Properties/AssemblyInfo.cs - Importer: ScriptedImporter/UnityEditor.QuickSearchModule:UnityEditor.Search:ASIAI0B' with importer (ScriptedImporter : UnityEditor.QuickSearchModule:UnityEditor.Search:ASIAI0B)
Imported 'GUID: 8472c6472e6d4301873871a9e8fcf952' -> (Import Result ID: '93f2354b636a89aae6b82c86ca78b6ba') in 0.004 seconds [static and dynamic dependencies]. Details - ImportResultOutputID=9d989e095053f01b4f2bc032ac7c9382 DependenciesID=9a583aa046943a5dda4b3c027a1b9ffd StaticDependenciesID=ee16ad6ef748ef3acc52b2b6ebe6bfdb 
Number of updated asset objects reloaded before import = 0
Number of asset objects unloaded after import = 0
========================================================================
Received Import Request.
  Time of request: 2026-10-07T19:21:27.8102258Z
  Time since last request: 0.0011647 seconds.
  importAddress: GUID: 369c09afe05d2c346af49faef943c773 - Path: Packages/com.unity.ide.visualstudio/Editor/Messaging/Serializer.cs - Importer: ScriptedImporter/UnityEditor.QuickSearchModule:UnityEditor.Search:ASIAI0B
Importing 'GUID: 369c09afe05d2c346af49faef943c773 - Path: Packages/com.unity.ide.visualstudio/Editor/Messaging/Serializer.cs - Importer: ScriptedImporter/UnityEditor.QuickSearchModule:UnityEditor.Search:ASIAI0B' with importer (ScriptedImporter : UnityEditor.QuickSearchModule:UnityEditor.Search:ASIAI0B)
Imported 'GUID: 369c09afe05d2c346af49faef943c773' -> (Import Result ID: '045ef6c9b3616eff71d2b42e16c824cf') in 0.004 seconds [static and dynamic dependencies]. Details - ImportResultOutputID=849341e0c1e78917142440a09342612e DependenciesID=97ed7ef78178fddb143fb209b20afb8f StaticDependenciesID=d099a85b4e81800ecacbe264854e4fab 
Number of updated asset objects reloaded before import = 0
Number of asset objects unloaded after import = 0
========================================================================
Received Import Request.
  Time of request: 2026-10-07T19:21:27.8153722Z
  Time since last request: 0.0005766 seconds.
  importAddress: GUID: a8c76505bcc613640ade706bdb0f1cba - Path: Packages/com.unity.ide.visualstudio/Editor/UnityInstallation.cs - Importer: ScriptedImporter/UnityEditor.QuickSearchModule:UnityEditor.Search:ASIAI0B
Importing 'GUID: a8c76505bcc613640ade706bdb0f1cba - Path: Packages/com.unity.ide.visualstudio/Editor/UnityInstallation.cs - Importer: ScriptedImporter/UnityEditor.QuickSearchModule:UnityEditor.Search:ASIAI0B' with importer (ScriptedImporter : UnityEditor.QuickSearchModule:UnityEditor.Search:ASIAI0B)
Imported 'GUID: a8c76505bcc613640ade706bdb0f1cba' -> (Import Result ID: '510b89f0333da2ade1ed970f578f0004') in 0.005 seconds [static and dynamic dependencies]. Details - ImportResultOutputID=5ce3d2fb98a4a077035f5f6d9ba183f3 DependenciesID=85ad5cdfd0e03e9930252dc7fd40cd7e StaticDependenciesID=f610610f9edc2094d7be88b12e00ec0f 
Number of updated asset objects reloaded before import = 0
Number of asset objects unloaded after import = 0
========================================================================
Received Import Request.
  Time of request: 2026-10-07T19:21:27.8213244Z
  Time since last request: 0.0002936 seconds.
  importAddress: GUID: 6022bdd5b2896a54f94123b812705321 - Path: Packages/com.unity.ide.visualstudio/CHANGELOG.md - Importer: ScriptedImporter/UnityEditor.QuickSearchModule:UnityEditor.Search:ASIAI0B
Importing 'GUID: 6022bdd5b2896a54f94123b812705321 - Path: Packages/com.unity.ide.visualstudio/CHANGELOG.md - Importer: ScriptedImporter/UnityEditor.QuickSearchModule:UnityEditor.Search:ASIAI0B' with importer (ScriptedImporter : UnityEditor.QuickSearchModule:UnityEditor.Search:ASIAI0B)
Imported 'GUID: 6022bdd5b2896a54f94123b812705321' -> (Import Result ID: '306ec6a9e4f552d621bce74c233c0708') in 0.007 seconds [static and dynamic dependencies]. Details - ImportResultOutputID=aa44a3e820d597bf040757fe7ffe1b79 DependenciesID=715f1f677cf362e1ebeebf92be0e336c StaticDependenciesID=3bd6466ca8d76aa296b17075397e6c85 
Number of updated asset objects reloaded before import = 0
Number of asset objects unloaded after import = 1
========================================================================
Received Import Request.
  Time of request: 2026-10-07T19:21:27.8303133Z
  Time since last request: 0.0016206 seconds.
  importAddress: GUID: 1fe9e6e1ae93cf64bbdfbd29300752e1 - Path: Packages/com.unity.ide.visualstudio/LICENSE.md - Importer: ScriptedImporter/UnityEditor.QuickSearchModule:UnityEditor.Search:ASIAI0B
Importing 'GUID: 1fe9e6e1ae93cf64bbdfbd29300752e1 - Path: Packages/com.unity.ide.visualstudio/LICENSE.md - Importer: ScriptedImporter/UnityEditor.QuickSearchModule:UnityEditor.Search:ASIAI0B' with importer (ScriptedImporter : UnityEditor.QuickSearchModule:UnityEditor.Search:ASIAI0B)
Imported 'GUID: 1fe9e6e1ae93cf64bbdfbd29300752e1' -> (Import Result ID: 'b86c33794220365b373953386be57e99') in 0.005 seconds [static and dynamic dependencies]. Details - ImportResultOutputID=cbe8015146ea766646eafa5ed7eec968 DependenciesID=e125015a3facaf5a63b4b6108bc8de72 StaticDependenciesID=9a6d256bf1c9df875997a59e8864f8b2 
Number of updated asset objects reloaded before import = 0
Number of asset objects unloaded after import = 1
========================================================================
Received Import Request.
  Time of request: 2026-10-07T19:21:27.8356179Z
  Time since last request: 0.0004755 seconds.
  importAddress: GUID: 3cc1ebf2abb7fef6871ad48f499b6e21 - Path: Packages/com.unity.modules.vectorgraphics/package.ModuleCompilationTrigger - Importer: ScriptedImporter/UnityEditor.QuickSearchModule:UnityEditor.Search:ASIAI0B
Importing 'GUID: 3cc1ebf2abb7fef6871ad48f499b6e21 - Path: Packages/com.unity.modules.vectorgraphics/package.ModuleCompilationTrigger - Importer: ScriptedImporter/UnityEditor.QuickSearchModule:UnityEditor.Search:ASIAI0B' with importer (ScriptedImporter : UnityEditor.QuickSearchModule:UnityEditor.Search:ASIAI0B)
Imported 'GUID: 3cc1ebf2abb7fef6871ad48f499b6e21' -> (Import Result ID: '3337c7699d3c8d4cd24b9e65d90484de') in 0.003 seconds [static and dynamic dependencies]. Details - ImportResultOutputID=59c144f99bef2949623d6cf5062d9b32 DependenciesID=8322ee279b069dfe9824cb82f066ab57 StaticDependenciesID=eb0409f06287169d3124e95f2206bf78 
Number of updated asset objects reloaded before import = 0
Number of asset objects unloaded after import = 1
========================================================================
Received Import Request.
  Time of request: 2026-10-07T19:21:27.8393582Z
  Time since last request: 0.0007949 seconds.
  importAddress: GUID: a31a332ce3485f00f7df8d987302a29c - Path: Packages/com.unity.modules.unitywebrequesttexture/package.ModuleCompilationTrigger - Importer: ScriptedImporter/UnityEditor.QuickSearchModule:UnityEditor.Search:ASIAI0B
Importing 'GUID: a31a332ce3485f00f7df8d987302a29c - Path: Packages/com.unity.modules.unitywebrequesttexture/package.ModuleCompilationTrigger - Importer: ScriptedImporter/UnityEditor.QuickSearchModule:UnityEditor.Search:ASIAI0B' with importer (ScriptedImporter : UnityEditor.QuickSearchModule:UnityEditor.Search:ASIAI0B)
Imported 'GUID: a31a332ce3485f00f7df8d987302a29c' -> (Import Result ID: '0efccd5046170e7bd3f9318fbf4c3599') in 0.004 seconds [static and dynamic dependencies]. Details - ImportResultOutputID=64a4c00efb6d2b9861b4077453318c5d DependenciesID=aced85f7d0bd927fcb0bc88e89894f39 StaticDependenciesID=abaf64b419789f969e26e1c46760e1e9 
Number of updated asset objects reloaded before import = 0
Number of asset objects unloaded after import = 1
========================================================================
Received Import Request.
  Time of request: 2026-10-07T19:21:27.8447289Z
  Time since last request: 0.0008325 seconds.
  importAddress: GUID: 5e249ae353801f043a6e4173410c6152 - Path: Packages/com.unity.ide.visualstudio/Editor/Messaging/Messenger.cs - Importer: ScriptedImporter/UnityEditor.QuickSearchModule:UnityEditor.Search:ASIAI0B
Importing 'GUID: 5e249ae353801f043a6e4173410c6152 - Path: Packages/com.unity.ide.visualstudio/Editor/Messaging/Messenger.cs - Importer: ScriptedImporter/UnityEditor.QuickSearchModule:UnityEditor.Search:ASIAI0B' with importer (ScriptedImporter : UnityEditor.QuickSearchModule:UnityEditor.Search:ASIAI0B)
Imported 'GUID: 5e249ae353801f043a6e4173410c6152' -> (Import Result ID: 'c2443aa452ada7303f723eeb957691db') in 0.004 seconds [static and dynamic dependencies]. Details - ImportResultOutputID=fba4df509b073cd3d849be5d2a3e93d0 DependenciesID=3e204157057d924ec8d227e73e1586b7 StaticDependenciesID=f8f6fb8d7000e534a5ded99d018e0951 
Number of updated asset objects reloaded before import = 0
Number of asset objects unloaded after import = 0
========================================================================
Received Import Request.
  Time of request: 2026-10-07T19:21:27.8495977Z
  Time since last request: 0.0008126 seconds.
  importAddress: GUID: 36422aa067e092e45b9820da2ee3e728 - Path: Packages/com.unity.ide.visualstudio/Editor/COMIntegration - Importer: ScriptedImporter/UnityEditor.QuickSearchModule:UnityEditor.Search:ASIAI0B
Importing 'GUID: 36422aa067e092e45b9820da2ee3e728 - Path: Packages/com.unity.ide.visualstudio/Editor/COMIntegration - Importer: ScriptedImporter/UnityEditor.QuickSearchModule:UnityEditor.Search:ASIAI0B' with importer (ScriptedImporter : UnityEditor.QuickSearchModule:UnityEditor.Search:ASIAI0B)
Imported 'GUID: 36422aa067e092e45b9820da2ee3e728' -> (Import Result ID: '73f4137c348402cdbfdf08df0f884e37') in 0.007 seconds [static and dynamic dependencies]. Details - ImportResultOutputID=1c4c3228aa0c838b312aa330ff89c22c DependenciesID=2a8f0fdce8d6c58db23b2f6fe3040ab0 StaticDependenciesID=31a4ed0781929740f152651f4d401257 
Number of updated asset objects reloaded before import = 0
Number of asset objects unloaded after import = 1
========================================================================
Received Import Request.
  Time of request: 2026-10-07T19:21:27.857367Z
  Time since last request: 0.0007232 seconds.
  importAddress: GUID: aa1c6b1a353ab464782fc1e7c051eb02 - Path: Packages/com.unity.ide.rider/Rider/Editor/UnitTesting/CallbackInitializer.cs - Importer: ScriptedImporter/UnityEditor.QuickSearchModule:UnityEditor.Search:ASIAI0B
Importing 'GUID: aa1c6b1a353ab464782fc1e7c051eb02 - Path: Packages/com.unity.ide.rider/Rider/Editor/UnitTesting/CallbackInitializer.cs - Importer: ScriptedImporter/UnityEditor.QuickSearchModule:UnityEditor.Search:ASIAI0B' with importer (ScriptedImporter : UnityEditor.QuickSearchModule:UnityEditor.Search:ASIAI0B)
Imported 'GUID: aa1c6b1a353ab464782fc1e7c051eb02' -> (Import Result ID: '9f4e6a58ae027f48134d11c9be0a6c64') in 0.004 seconds [static and dynamic dependencies]. Details - ImportResultOutputID=fdbffa254f7a1680409f45f904ba9e1c DependenciesID=a4b3898b31f7822e977db1fd8c37494b StaticDependenciesID=97f75bf503d61a3fc9cb49f2c93bd577 
Number of updated asset objects reloaded before import = 0
Number of asset objects unloaded after import = 0
========================================================================
Received Import Request.
  Time of request: 2026-10-07T19:21:27.8626431Z
  Time since last request: 0.0014173 seconds.
  importAddress: GUID: 17f093324b67f5bd57e55b546736750e - Path: Packages/com.unity.modules.particlesystem/package.ModuleCompilationTrigger - Importer: ScriptedImporter/UnityEditor.QuickSearchModule:UnityEditor.Search:ASIAI0B
Importing 'GUID: 17f093324b67f5bd57e55b546736750e - Path: Packages/com.unity.modules.particlesystem/package.ModuleCompilationTrigger - Importer: ScriptedImporter/UnityEditor.QuickSearchModule:UnityEditor.Search:ASIAI0B' with importer (ScriptedImporter : UnityEditor.QuickSearchModule:UnityEditor.Search:ASIAI0B)
Imported 'GUID: 17f093324b67f5bd57e55b546736750e' -> (Import Result ID: 'd6e3e9559f9a1a4414d53fd13b696fe3') in 0.005 seconds [static and dynamic dependencies]. Details - ImportResultOutputID=08bd5fa346d73cde7b679c1737622d11 DependenciesID=44765199b2a78dc232390fdd600f9ac7 StaticDependenciesID=8bfc18485fcad7908857799ebe235837 
Number of updated asset objects reloaded before import = 0
Number of asset objects unloaded after import = 1
========================================================================
Received Import Request.
  Time of request: 2026-10-07T19:21:27.8684816Z
  Time since last request: 0.0004034 seconds.
  importAddress: GUID: 87d720faa37005c08600090e04d8c739 - Path: Packages/com.unity.modules.particlesystem/package.json - Importer: ScriptedImporter/UnityEditor.QuickSearchModule:UnityEditor.Search:ASIAI0B
Importing 'GUID: 87d720faa37005c08600090e04d8c739 - Path: Packages/com.unity.modules.particlesystem/package.json - Importer: ScriptedImporter/UnityEditor.QuickSearchModule:UnityEditor.Search:ASIAI0B' with importer (ScriptedImporter : UnityEditor.QuickSearchModule:UnityEditor.Search:ASIAI0B)
Imported 'GUID: 87d720faa37005c08600090e04d8c739' -> (Import Result ID: '0f0f131b67eb5f37a93f0a19b089e336') in 0.003 seconds [static and dynamic dependencies]. Details - ImportResultOutputID=d29631e0d0ba0ec67779d87a4f35911a DependenciesID=75abe9e2ec774d306eb73edc6a080776 StaticDependenciesID=0019af696be2a5fddb51ac474f82cfce 
Number of updated asset objects reloaded before import = 0
Number of asset objects unloaded after import = 1
========================================================================
Received Import Request.
  Time of request: 2026-10-07T19:21:27.8722218Z
  Time since last request: 0.000307 seconds.
  importAddress: GUID: 154ace4bd16de9f4e84052ac257786d6 - Path: Packages/com.unity.ide.rider/Rider/Editor/Util/CommandLineParser.cs - Importer: ScriptedImporter/UnityEditor.QuickSearchModule:UnityEditor.Search:ASIAI0B
Importing 'GUID: 154ace4bd16de9f4e84052ac257786d6 - Path: Packages/com.unity.ide.rider/Rider/Editor/Util/CommandLineParser.cs - Importer: ScriptedImporter/UnityEditor.QuickSearchModule:UnityEditor.Search:ASIAI0B' with importer (ScriptedImporter : UnityEditor.QuickSearchModule:UnityEditor.Search:ASIAI0B)
Imported 'GUID: 154ace4bd16de9f4e84052ac257786d6' -> (Import Result ID: '7a23efacd07ce7b4c0c12a9250df2809') in 0.005 seconds [static and dynamic dependencies]. Details - ImportResultOutputID=c436624a2bbbcf279971035859cd2525 DependenciesID=165ad6cac39291b115eb3e200dd4257c StaticDependenciesID=809e02f99cc5712126be291aad4b8182 
Number of updated asset objects reloaded before import = 0
Number of asset objects unloaded after import = 0
========================================================================
Received Import Request.
  Time of request: 2026-10-07T19:21:27.8780178Z
  Time since last request: 0.0007579 seconds.
  importAddress: GUID: f5a0cc9645f0e2d4fb816156dcf3f4dd - Path: Packages/com.unity.ide.rider/Rider/Editor/RiderInitializer.cs - Importer: ScriptedImporter/UnityEditor.QuickSearchModule:UnityEditor.Search:ASIAI0B
Importing 'GUID: f5a0cc9645f0e2d4fb816156dcf3f4dd - Path: Packages/com.unity.ide.rider/Rider/Editor/RiderInitializer.cs - Importer: ScriptedImporter/UnityEditor.QuickSearchModule:UnityEditor.Search:ASIAI0B' with importer (ScriptedImporter : UnityEditor.QuickSearchModule:UnityEditor.Search:ASIAI0B)
Imported 'GUID: f5a0cc9645f0e2d4fb816156dcf3f4dd' -> (Import Result ID: '62cd04534d2e4f283c8bc7c7b8d381ad') in 0.005 seconds [static and dynamic dependencies]. Details - ImportResultOutputID=5988784f71732eafd022656678fcf19d DependenciesID=806e9991011b74466b185700f0b11b8c StaticDependenciesID=46e0a2ff02182d3c38629607fe6d06ac 
Number of updated asset objects reloaded before import = 0
Number of asset objects unloaded after import = 0
========================================================================
Received Import Request.
  Time of request: 2026-10-07T19:21:27.883519Z
  Time since last request: 0.0006426 seconds.
  importAddress: GUID: d3cbe921f7b3d9a3257e7c61a5761796 - Path: Packages/com.unity.modules.terrainphysics/package.json - Importer: ScriptedImporter/UnityEditor.QuickSearchModule:UnityEditor.Search:ASIAI0B
Importing 'GUID: d3cbe921f7b3d9a3257e7c61a5761796 - Path: Packages/com.unity.modules.terrainphysics/package.json - Importer: ScriptedImporter/UnityEditor.QuickSearchModule:UnityEditor.Search:ASIAI0B' with importer (ScriptedImporter : UnityEditor.QuickSearchModule:UnityEditor.Search:ASIAI0B)
Imported 'GUID: d3cbe921f7b3d9a3257e7c61a5761796' -> (Import Result ID: '304a5ca991402e864765916a81185f69') in 0.007 seconds [static and dynamic dependencies]. Details - ImportResultOutputID=6f2e136262cce0933a20a23940660582 DependenciesID=076d5e9c3bc073723417c8f903308f0f StaticDependenciesID=39c00021b413c8b9ac7f98e0eb7c603f 
Number of updated asset objects reloaded before import = 0
Number of asset objects unloaded after import = 1
========================================================================
Received Import Request.
  Time of request: 2026-10-07T19:21:27.8922333Z
  Time since last request: 0.0010503 seconds.
  importAddress: GUID: 14e86f88e9a8c9c448d7e7df92f2aeec - Path: Packages/com.unity.modules.physicscore2d/package.ModuleCompilationTrigger - Importer: ScriptedImporter/UnityEditor.QuickSearchModule:UnityEditor.Search:ASIAI0B
Importing 'GUID: 14e86f88e9a8c9c448d7e7df92f2aeec - Path: Packages/com.unity.modules.physicscore2d/package.ModuleCompilationTrigger - Importer: ScriptedImporter/UnityEditor.QuickSearchModule:UnityEditor.Search:ASIAI0B' with importer (ScriptedImporter : UnityEditor.QuickSearchModule:UnityEditor.Search:ASIAI0B)
Imported 'GUID: 14e86f88e9a8c9c448d7e7df92f2aeec' -> (Import Result ID: '350c95230b84f2e8b926728ff8702048') in 0.004 seconds [static and dynamic dependencies]. Details - ImportResultOutputID=155101e77f78e14904da338eeb035754 DependenciesID=01c6314a1e0653ce6e9defcf2f306698 StaticDependenciesID=cbb070f1db540cc57a2687a08f9b9945 
Number of updated asset objects reloaded before import = 0
Number of asset objects unloaded after import = 1
========================================================================
Received Import Request.
  Time of request: 2026-10-07T19:21:27.8975919Z
  Time since last request: 0.0005637 seconds.
  importAddress: GUID: 58ab3828fb407c742a48b82bc5983a87 - Path: Packages/com.unity.ide.rider/Rider/Editor/UnitTesting/SyncTestRunCallback.cs - Importer: ScriptedImporter/UnityEditor.QuickSearchModule:UnityEditor.Search:ASIAI0B
Importing 'GUID: 58ab3828fb407c742a48b82bc5983a87 - Path: Packages/com.unity.ide.rider/Rider/Editor/UnitTesting/SyncTestRunCallback.cs - Importer: ScriptedImporter/UnityEditor.QuickSearchModule:UnityEditor.Search:ASIAI0B' with importer (ScriptedImporter : UnityEditor.QuickSearchModule:UnityEditor.Search:ASIAI0B)
Imported 'GUID: 58ab3828fb407c742a48b82bc5983a87' -> (Import Result ID: '6bfa7c666ad331810ebbc4beaefb700e') in 0.005 seconds [static and dynamic dependencies]. Details - ImportResultOutputID=bf6a169341f305f3c33b45f1b8c052a2 DependenciesID=b0620030680357451ef2a1357a7c8806 StaticDependenciesID=2e24b9708d231cccd613ee00dc8ccfad 
Number of updated asset objects reloaded before import = 0
Number of asset objects unloaded after import = 0
========================================================================
Received Import Request.
  Time of request: 2026-10-07T19:21:27.9034388Z
  Time since last request: 0.0008489 seconds.
  importAddress: GUID: abe003ac6fee32e4892100a78f555011 - Path: Packages/com.unity.ide.visualstudio/Editor/Discovery.cs - Importer: ScriptedImporter/UnityEditor.QuickSearchModule:UnityEditor.Search:ASIAI0B
Importing 'GUID: abe003ac6fee32e4892100a78f555011 - Path: Packages/com.unity.ide.visualstudio/Editor/Discovery.cs - Importer: ScriptedImporter/UnityEditor.QuickSearchModule:UnityEditor.Search:ASIAI0B' with importer (ScriptedImporter : UnityEditor.QuickSearchModule:UnityEditor.Search:ASIAI0B)
Imported 'GUID: abe003ac6fee32e4892100a78f555011' -> (Import Result ID: '600736783dab8882e84589501020fef2') in 0.004 seconds [static and dynamic dependencies]. Details - ImportResultOutputID=9d76b7b8fe49150f3a6f8a14d9b29bf7 DependenciesID=c80a78aee80560606f6d2507ba996de8 StaticDependenciesID=381a2bb46ae491d792990910df6ae812 
Number of updated asset objects reloaded before import = 0
Number of asset objects unloaded after import = 0
========================================================================
Received Import Request.
  Time of request: 2026-10-07T19:21:27.9086457Z
  Time since last request: 0.0008423 seconds.
  importAddress: GUID: e2d09a26ce46dc617b54e49a534ace20 - Path: Packages/com.unity.modules.ai/package.ModuleCompilationTrigger - Importer: ScriptedImporter/UnityEditor.QuickSearchModule:UnityEditor.Search:ASIAI0B
Importing 'GUID: e2d09a26ce46dc617b54e49a534ace20 - Path: Packages/com.unity.modules.ai/package.ModuleCompilationTrigger - Importer: ScriptedImporter/UnityEditor.QuickSearchModule:UnityEditor.Search:ASIAI0B' with importer (ScriptedImporter : UnityEditor.QuickSearchModule:UnityEditor.Search:ASIAI0B)
Imported 'GUID: e2d09a26ce46dc617b54e49a534ace20' -> (Import Result ID: 'c881307156a3b7b95d96f44070eb87c6') in 0.004 seconds [static and dynamic dependencies]. Details - ImportResultOutputID=4fd04e38c462f35365e6bc68026eaaf8 DependenciesID=f234c8636d0b9544ca9c272c1dc02c9d StaticDependenciesID=a1b1515e5a66e66d52844cd71b307eff 
Number of updated asset objects reloaded before import = 0
Number of asset objects unloaded after import = 1
========================================================================
Received Import Request.
  Time of request: 2026-10-07T19:21:27.9134586Z
  Time since last request: 0.0004421 seconds.
  importAddress: GUID: 0691c2fe40564a64b3a9b7372c5eca2a - Path: Packages/com.unity.ide.rider/Rider/Editor/ProjectGeneration/ProjectPart.cs - Importer: ScriptedImporter/UnityEditor.QuickSearchModule:UnityEditor.Search:ASIAI0B
Importing 'GUID: 0691c2fe40564a64b3a9b7372c5eca2a - Path: Packages/com.unity.ide.rider/Rider/Editor/ProjectGeneration/ProjectPart.cs - Importer: ScriptedImporter/UnityEditor.QuickSearchModule:UnityEditor.Search:ASIAI0B' with importer (ScriptedImporter : UnityEditor.QuickSearchModule:UnityEditor.Search:ASIAI0B)
Imported 'GUID: 0691c2fe40564a64b3a9b7372c5eca2a' -> (Import Result ID: 'dd51ca6404ae579062572141b4b3c47f') in 0.003 seconds [static and dynamic dependencies]. Details - ImportResultOutputID=4562a321f300610b5f79be92af6a50c6 DependenciesID=da30494bb45453d7af3dc4fb1894d49c StaticDependenciesID=e6038211690c9dafd9561279a692a473 
Number of updated asset objects reloaded before import = 0
Number of asset objects unloaded after import = 0
========================================================================
Received Import Request.
  Time of request: 2026-10-07T19:21:27.9174544Z
  Time since last request: 0.0007441 seconds.
  importAddress: GUID: c88e90bad18cceb5d182d0c805883056 - Path: Packages/com.unity.modules.director/package.ModuleCompilationTrigger - Importer: ScriptedImporter/UnityEditor.QuickSearchModule:UnityEditor.Search:ASIAI0B
Importing 'GUID: c88e90bad18cceb5d182d0c805883056 - Path: Packages/com.unity.modules.director/package.ModuleCompilationTrigger - Importer: ScriptedImporter/UnityEditor.QuickSearchModule:UnityEditor.Search:ASIAI0B' with importer (ScriptedImporter : UnityEditor.QuickSearchModule:UnityEditor.Search:ASIAI0B)
Imported 'GUID: c88e90bad18cceb5d182d0c805883056' -> (Import Result ID: 'd72f419e21157069cd52c0df658ac27f') in 0.008 seconds [static and dynamic dependencies]. Details - ImportResultOutputID=3f3b69502db7ef0a8d0c3a25321b036a DependenciesID=85b37b4787a165e72dd4e69e0b72b717 StaticDependenciesID=57df4dc3a65f3bbf75b12818d8095048 
Number of updated asset objects reloaded before import = 0
Number of asset objects unloaded after import = 1
========================================================================
Received Import Request.
  Time of request: 2026-10-07T19:21:27.9267813Z
  Time since last request: 0.001256 seconds.
  importAddress: GUID: eeb21ffd7b0188542b348935f4b04fe8 - Path: Packages/com.unity.ide.visualstudio/Editor/ProjectGeneration/TypeCacheHelper.cs - Importer: ScriptedImporter/UnityEditor.QuickSearchModule:UnityEditor.Search:ASIAI0B
Importing 'GUID: eeb21ffd7b0188542b348935f4b04fe8 - Path: Packages/com.unity.ide.visualstudio/Editor/ProjectGeneration/TypeCacheHelper.cs - Importer: ScriptedImporter/UnityEditor.QuickSearchModule:UnityEditor.Search:ASIAI0B' with importer (ScriptedImporter : UnityEditor.QuickSearchModule:UnityEditor.Search:ASIAI0B)
Imported 'GUID: eeb21ffd7b0188542b348935f4b04fe8' -> (Import Result ID: 'bc81c81c9917974502c34829c0a6a084') in 0.006 seconds [static and dynamic dependencies]. Details - ImportResultOutputID=3a7f88346167d904b18648f3e173508a DependenciesID=d98051093e4278549d188586b80aa8d0 StaticDependenciesID=9e50145b83319368be22fa988cd7fc9b 
Number of updated asset objects reloaded before import = 0
Number of asset objects unloaded after import = 0
========================================================================
Received Import Request.
  Time of request: 2026-10-07T19:21:27.9336674Z
  Time since last request: 0.0004352 seconds.
  importAddress: GUID: aa290bd9a165a0543a4bf85ac73914bc - Path: Packages/com.unity.ide.rider/Rider/Editor/PostProcessors - Importer: ScriptedImporter/UnityEditor.QuickSearchModule:UnityEditor.Search:ASIAI0B
Importing 'GUID: aa290bd9a165a0543a4bf85ac73914bc - Path: Packages/com.unity.ide.rider/Rider/Editor/PostProcessors - Importer: ScriptedImporter/UnityEditor.QuickSearchModule:UnityEditor.Search:ASIAI0B' with importer (ScriptedImporter : UnityEditor.QuickSearchModule:UnityEditor.Search:ASIAI0B)
Imported 'GUID: aa290bd9a165a0543a4bf85ac73914bc' -> (Import Result ID: 'e42dec1b12acbf00044baaeca72bc8fe') in 0.004 seconds [static and dynamic dependencies]. Details - ImportResultOutputID=3e58b7b0c8f9681862dd4f1c31dfce98 DependenciesID=41d0e00001398682a38553b5c1952a45 StaticDependenciesID=e6bf1a69717b96953a21f9818a99e5a1 
Number of updated asset objects reloaded before import = 0
Number of asset objects unloaded after import = 1
========================================================================
Received Import Request.
  Time of request: 2026-10-07T19:21:27.9379821Z
  Time since last request: 0.0004036 seconds.
  importAddress: GUID: 8e1f00a9be2eb66438e2835fdf1ea11b - Path: Packages/com.unity.ide.rider/Rider/Editor/Util/SerializableVersion.cs - Importer: ScriptedImporter/UnityEditor.QuickSearchModule:UnityEditor.Search:ASIAI0B
Importing 'GUID: 8e1f00a9be2eb66438e2835fdf1ea11b - Path: Packages/com.unity.ide.rider/Rider/Editor/Util/SerializableVersion.cs - Importer: ScriptedImporter/UnityEditor.QuickSearchModule:UnityEditor.Search:ASIAI0B' with importer (ScriptedImporter : UnityEditor.QuickSearchModule:UnityEditor.Search:ASIAI0B)
Imported 'GUID: 8e1f00a9be2eb66438e2835fdf1ea11b' -> (Import Result ID: '4f8f0dbb00f1ff66c81094f79961ebfd') in 0.020 seconds [static and dynamic dependencies]. Details - ImportResultOutputID=33001535e1b907b6b543c23ca46bc578 DependenciesID=0a9311a8ece48c27f963856814ec135c StaticDependenciesID=6fb47fafda5c69346df052ba897608f5 
Number of updated asset objects reloaded before import = 0
Number of asset objects unloaded after import = 0
========================================================================
Received Import Request.
  Time of request: 2026-10-07T19:21:27.9594085Z
  Time since last request: 0.0011904 seconds.
  importAddress: GUID: b73b3de0d473d4a1c887ab31f69b1a8d - Path: Packages/com.unity.ide.visualstudio/Editor/Testing/TestAdaptor.cs - Importer: ScriptedImporter/UnityEditor.QuickSearchModule:UnityEditor.Search:ASIAI0B
Importing 'GUID: b73b3de0d473d4a1c887ab31f69b1a8d - Path: Packages/com.unity.ide.visualstudio/Editor/Testing/TestAdaptor.cs - Importer: ScriptedImporter/UnityEditor.QuickSearchModule:UnityEditor.Search:ASIAI0B' with importer (ScriptedImporter : UnityEditor.QuickSearchModule:UnityEditor.Search:ASIAI0B)
Imported 'GUID: b73b3de0d473d4a1c887ab31f69b1a8d' -> (Import Result ID: 'c0a8a1e698902e78a845c7d16f28f9a8') in 0.019 seconds [static and dynamic dependencies]. Details - ImportResultOutputID=a86cf1bff477c040ae0e7b0900332b02 DependenciesID=8a59f293f05df50c26974d1893e8af2a StaticDependenciesID=56dadde9a93d68269f5d27a62c48d21a 
Number of updated asset objects reloaded before import = 0
Number of asset objects unloaded after import = 0
========================================================================
Received Import Request.
  Time of request: 2026-10-07T19:21:27.9800112Z
  Time since last request: 0.0011122 seconds.
  importAddress: GUID: 23032f4383e95e772bce465c5896d0fd - Path: Packages/com.unity.modules.terrain/package.ModuleCompilationTrigger - Importer: ScriptedImporter/UnityEditor.QuickSearchModule:UnityEditor.Search:ASIAI0B
Importing 'GUID: 23032f4383e95e772bce465c5896d0fd - Path: Packages/com.unity.modules.terrain/package.ModuleCompilationTrigger - Importer: ScriptedImporter/UnityEditor.QuickSearchModule:UnityEditor.Search:ASIAI0B' with importer (ScriptedImporter : UnityEditor.QuickSearchModule:UnityEditor.Search:ASIAI0B)
Imported 'GUID: 23032f4383e95e772bce465c5896d0fd' -> (Import Result ID: '48839f159c41df1fbd0720268763b16b') in 0.009 seconds [static and dynamic dependencies]. Details - ImportResultOutputID=649a8b070922a95597c900841c72e51b DependenciesID=69028ee8a95cacb150277b40f4bd0125 StaticDependenciesID=7dabd71a21a0dfbe2a5fbd94328ef29b 
Number of updated asset objects reloaded before import = 0
Number of asset objects unloaded after import = 1
========================================================================
Received Import Request.
  Time of request: 2026-10-07T19:21:27.9915384Z
  Time since last request: 0.0018119 seconds.
  importAddress: GUID: f62135e79edb837b2d2ee3c524da864c - Path: Packages/com.unity.modules.video/package.ModuleCompilationTrigger - Importer: ScriptedImporter/UnityEditor.QuickSearchModule:UnityEditor.Search:ASIAI0B
Importing 'GUID: f62135e79edb837b2d2ee3c524da864c - Path: Packages/com.unity.modules.video/package.ModuleCompilationTrigger - Importer: ScriptedImporter/UnityEditor.QuickSearchModule:UnityEditor.Search:ASIAI0B' with importer (ScriptedImporter : UnityEditor.QuickSearchModule:UnityEditor.Search:ASIAI0B)
Imported 'GUID: f62135e79edb837b2d2ee3c524da864c' -> (Import Result ID: '4c258b2b45993122c3540a75b76e9601') in 0.008 seconds [static and dynamic dependencies]. Details - ImportResultOutputID=7982092623218afb777918936083a9e1 DependenciesID=11a57e01adef65bc0718bda2b7311a68 StaticDependenciesID=b812ed14093bc99b227b8e12afd87d25 
Number of updated asset objects reloaded before import = 0
Number of asset objects unloaded after import = 1
========================================================================
Received Import Request.
  Time of request: 2026-10-07T19:21:28.0039805Z
  Time since last request: 0.0029224 seconds.
  importAddress: GUID: 6d56244f8c39a851975d3c0bd432c66f - Path: Packages/com.unity.modules.terrain/package.json - Importer: ScriptedImporter/UnityEditor.QuickSearchModule:UnityEditor.Search:ASIAI0B
Importing 'GUID: 6d56244f8c39a851975d3c0bd432c66f - Path: Packages/com.unity.modules.terrain/package.json - Importer: ScriptedImporter/UnityEditor.QuickSearchModule:UnityEditor.Search:ASIAI0B' with importer (ScriptedImporter : UnityEditor.QuickSearchModule:UnityEditor.Search:ASIAI0B)
Imported 'GUID: 6d56244f8c39a851975d3c0bd432c66f' -> (Import Result ID: '3fc9aa6978bbdffffaac53f0a3f6ff72') in 0.004 seconds [static and dynamic dependencies]. Details - ImportResultOutputID=ade1595c7a27d8e068daaf78902b1ef7 DependenciesID=41653ad1aa00a30fc443f8b3b98ee0b9 StaticDependenciesID=362f434151637c23bdd6b27bbc06368f 
Number of updated asset objects reloaded before import = 0
Number of asset objects unloaded after import = 1
========================================================================
Received Import Request.
  Time of request: 2026-10-07T19:21:28.0098573Z
  Time since last request: 0.0017389 seconds.
  importAddress: GUID: 8a752aaaadd2410dd9a84e01c1bace9f - Path: Packages/com.unity.modules.uielements/package.ModuleCompilationTrigger - Importer: ScriptedImporter/UnityEditor.QuickSearchModule:UnityEditor.Search:ASIAI0B
Importing 'GUID: 8a752aaaadd2410dd9a84e01c1bace9f - Path: Packages/com.unity.modules.uielements/package.ModuleCompilationTrigger - Importer: ScriptedImporter/UnityEditor.QuickSearchModule:UnityEditor.Search:ASIAI0B' with importer (ScriptedImporter : UnityEditor.QuickSearchModule:UnityEditor.Search:ASIAI0B)
Imported 'GUID: 8a752aaaadd2410dd9a84e01c1bace9f' -> (Import Result ID: '5c9f49014681041bf1407346668626f6') in 0.006 seconds [static and dynamic dependencies]. Details - ImportResultOutputID=aa25eccb5a15ad425050fececf3d0e7c DependenciesID=e4602dda2b92f27029eb1ded52565af4 StaticDependenciesID=4661fd4d797df685a0ed0f076c1016e0 
Number of updated asset objects reloaded before import = 0
Number of asset objects unloaded after import = 1
========================================================================
Received Import Request.
  Time of request: 2026-10-07T19:21:28.0166053Z
  Time since last request: 0.0007536 seconds.
  importAddress: GUID: 8143d3a8390f2c64685e3bc272bd9e90 - Path: Packages/com.unity.ext.nunit/package.json - Importer: ScriptedImporter/UnityEditor.QuickSearchModule:UnityEditor.Search:ASIAI0B
Importing 'GUID: 8143d3a8390f2c64685e3bc272bd9e90 - Path: Packages/com.unity.ext.nunit/package.json - Importer: ScriptedImporter/UnityEditor.QuickSearchModule:UnityEditor.Search:ASIAI0B' with importer (ScriptedImporter : UnityEditor.QuickSearchModule:UnityEditor.Search:ASIAI0B)
Imported 'GUID: 8143d3a8390f2c64685e3bc272bd9e90' -> (Import Result ID: '73c34bd345145dd5ae62ef3d248189b2') in 0.004 seconds [static and dynamic dependencies]. Details - ImportResultOutputID=2079e63feb60e264223a657f4f54adea DependenciesID=22a5413f7aee805519f3963ff5d2e831 StaticDependenciesID=0ef2fda7c8a1158248623844ca968a5e 
Number of updated asset objects reloaded before import = 0
Number of asset objects unloaded after import = 1
========================================================================
Received Import Request.
  Time of request: 2026-10-07T19:21:28.0213614Z
  Time since last request: 0.0007719 seconds.
  importAddress: GUID: f7b5530092b3a7646bdc7865f1f6ee94 - Path: Packages/com.unity.ide.visualstudio/Editor/Cli.cs - Importer: ScriptedImporter/UnityEditor.QuickSearchModule:UnityEditor.Search:ASIAI0B
Importing 'GUID: f7b5530092b3a7646bdc7865f1f6ee94 - Path: Packages/com.unity.ide.visualstudio/Editor/Cli.cs - Importer: ScriptedImporter/UnityEditor.QuickSearchModule:UnityEditor.Search:ASIAI0B' with importer (ScriptedImporter : UnityEditor.QuickSearchModule:UnityEditor.Search:ASIAI0B)
Imported 'GUID: f7b5530092b3a7646bdc7865f1f6ee94' -> (Import Result ID: '8fc3a3248e23d88585a9e05b5363fb9f') in 0.004 seconds [static and dynamic dependencies]. Details - ImportResultOutputID=9c3848349dfcd22cc26cd123e59b46df DependenciesID=53fba445e7425e53c214d56d44b7c8f4 StaticDependenciesID=9b303f02f82a5fc6e298f4cbbb3dbfca 
Number of updated asset objects reloaded before import = 0
Number of asset objects unloaded after import = 0
========================================================================
Received Import Request.
  Time of request: 2026-10-07T19:21:28.0272455Z
  Time since last request: 0.0017589 seconds.
  importAddress: GUID: 585c3fb85b32bd64e8814074e754163e - Path: Packages/com.unity.ide.visualstudio/Editor/VSWhere/vswhere.exe - Importer: ScriptedImporter/UnityEditor.QuickSearchModule:UnityEditor.Search:ASIAI0B
Importing 'GUID: 585c3fb85b32bd64e8814074e754163e - Path: Packages/com.unity.ide.visualstudio/Editor/VSWhere/vswhere.exe - Importer: ScriptedImporter/UnityEditor.QuickSearchModule:UnityEditor.Search:ASIAI0B' with importer (ScriptedImporter : UnityEditor.QuickSearchModule:UnityEditor.Search:ASIAI0B)
Imported 'GUID: 585c3fb85b32bd64e8814074e754163e' -> (Import Result ID: 'aed1fb44a2e0bc412f5ead495f25b9d1') in 0.006 seconds [static and dynamic dependencies]. Details - ImportResultOutputID=13a4a2bfda04f384ad89d7f2ac1bdbce DependenciesID=54b1c62dc561c52642b37eae8405ba6d StaticDependenciesID=c69a2f143c824e8d8adada8f3ece4330 
Number of updated asset objects reloaded before import = 0
Number of asset objects unloaded after import = 1
========================================================================
Received Import Request.
  Time of request: 2026-10-07T19:21:28.034327Z
  Time since last request: 0.0010489 seconds.
  importAddress: GUID: 1bfe12aa306c0c74db4f4f1a1a0ae5ce - Path: Packages/com.unity.ide.rider/Rider/Editor/PluginSettings.cs - Importer: ScriptedImporter/UnityEditor.QuickSearchModule:UnityEditor.Search:ASIAI0B
Importing 'GUID: 1bfe12aa306c0c74db4f4f1a1a0ae5ce - Path: Packages/com.unity.ide.rider/Rider/Editor/PluginSettings.cs - Importer: ScriptedImporter/UnityEditor.QuickSearchModule:UnityEditor.Search:ASIAI0B' with importer (ScriptedImporter : UnityEditor.QuickSearchModule:UnityEditor.Search:ASIAI0B)
Imported 'GUID: 1bfe12aa306c0c74db4f4f1a1a0ae5ce' -> (Import Result ID: 'cc59f2cd325417885a6f59b1b84f3a84') in 0.011 seconds [static and dynamic dependencies]. Details - ImportResultOutputID=7182c59eb36d3c46af50b0760adb42ad DependenciesID=d18e591c0c7d2c220d1f1583a30b62a4 StaticDependenciesID=d8618b60ab36d905ec6e4097683f0d9d 
Number of updated asset objects reloaded before import = 0
Number of asset objects unloaded after import = 0
========================================================================
Received Import Request.
  Time of request: 2026-10-07T19:21:28.0465286Z
  Time since last request: 0.0006151 seconds.
  importAddress: GUID: 939b89fc6b924ea2e821fc1be1b09f56 - Path: Packages/com.unity.modules.tetgen/package.json - Importer: ScriptedImporter/UnityEditor.QuickSearchModule:UnityEditor.Search:ASIAI0B
Importing 'GUID: 939b89fc6b924ea2e821fc1be1b09f56 - Path: Packages/com.unity.modules.tetgen/package.json - Importer: ScriptedImporter/UnityEditor.QuickSearchModule:UnityEditor.Search:ASIAI0B' with importer (ScriptedImporter : UnityEditor.QuickSearchModule:UnityEditor.Search:ASIAI0B)
Imported 'GUID: 939b89fc6b924ea2e821fc1be1b09f56' -> (Import Result ID: '4bd41feb249f52605464b71af94475d4') in 0.003 seconds [static and dynamic dependencies]. Details - ImportResultOutputID=f266777b143e7e9958ad11ae8288a870 DependenciesID=4685a1dc6ecfbc0ffd3b1b3228905365 StaticDependenciesID=574a143a9ab921b5e613a1c7939118ce 
Number of updated asset objects reloaded before import = 0
Number of asset objects unloaded after import = 1
========================================================================
Received Import Request.
  Time of request: 2026-10-07T19:21:28.0509836Z
  Time since last request: 0.00102 seconds.
  importAddress: GUID: 5c1ee4056d0ac7ad3c5a16597fcaa38a - Path: Packages/com.unity.modules.physics/package.ModuleCompilationTrigger - Importer: ScriptedImporter/UnityEditor.QuickSearchModule:UnityEditor.Search:ASIAI0B
Importing 'GUID: 5c1ee4056d0ac7ad3c5a16597fcaa38a - Path: Packages/com.unity.modules.physics/package.ModuleCompilationTrigger - Importer: ScriptedImporter/UnityEditor.QuickSearchModule:UnityEditor.Search:ASIAI0B' with importer (ScriptedImporter : UnityEditor.QuickSearchModule:UnityEditor.Search:ASIAI0B)
Imported 'GUID: 5c1ee4056d0ac7ad3c5a16597fcaa38a' -> (Import Result ID: '4eb0cc5e3de74270b1f401652f777b82') in 0.006 seconds [static and dynamic dependencies]. Details - ImportResultOutputID=e5882168a67ed55a1df22e6294c03aa5 DependenciesID=b6286d7918d0742834f63d2958e3bf50 StaticDependenciesID=989cf520c6d380b5213cc8047d3d6b73 
Number of updated asset objects reloaded before import = 0
Number of asset objects unloaded after import = 1
========================================================================
Received Import Request.
  Time of request: 2026-10-07T19:21:28.0657468Z
  Time since last request: 0.0076749 seconds.
  importAddress: GUID: 553737203d61a8109f9544a97201e1aa - Path: Packages/com.unity.modules.unitywebrequestaudio/package.ModuleCompilationTrigger - Importer: ScriptedImporter/UnityEditor.QuickSearchModule:UnityEditor.Search:ASIAI0B
Importing 'GUID: 553737203d61a8109f9544a97201e1aa - Path: Packages/com.unity.modules.unitywebrequestaudio/package.ModuleCompilationTrigger - Importer: ScriptedImporter/UnityEditor.QuickSearchModule:UnityEditor.Search:ASIAI0B' with importer (ScriptedImporter : UnityEditor.QuickSearchModule:UnityEditor.Search:ASIAI0B)
Imported 'GUID: 553737203d61a8109f9544a97201e1aa' -> (Import Result ID: '4658e6f8c88d246afb6085b6f737c6e9') in 0.007 seconds [static and dynamic dependencies]. Details - ImportResultOutputID=642c3f14035e3d016368c5caa36887b0 DependenciesID=80799544fb3e2873dcd5908bac6ce36d StaticDependenciesID=5c8bd8968ceaf944600a61aac7745bfe 
Number of updated asset objects reloaded before import = 0
Number of asset objects unloaded after import = 1
========================================================================
Received Import Request.
  Time of request: 2026-10-07T19:21:28.0742641Z
  Time since last request: 0.0007765 seconds.
  importAddress: GUID: ed8e7c93c781e48df93d063a3c0d2972 - Path: Packages/com.unity.ide.visualstudio/Editor/SimpleJSON.cs - Importer: ScriptedImporter/UnityEditor.QuickSearchModule:UnityEditor.Search:ASIAI0B
Importing 'GUID: ed8e7c93c781e48df93d063a3c0d2972 - Path: Packages/com.unity.ide.visualstudio/Editor/SimpleJSON.cs - Importer: ScriptedImporter/UnityEditor.QuickSearchModule:UnityEditor.Search:ASIAI0B' with importer (ScriptedImporter : UnityEditor.QuickSearchModule:UnityEditor.Search:ASIAI0B)
Imported 'GUID: ed8e7c93c781e48df93d063a3c0d2972' -> (Import Result ID: '862e5a91a7cba7f268b139b234a9b7b3') in 0.013 seconds [static and dynamic dependencies]. Details - ImportResultOutputID=c619d526a3a668071a33bfdac3510257 DependenciesID=105d770b01d80c825ad3b7f528544602 StaticDependenciesID=cb5b738ac15d4ddada80085decaca450 
Number of updated asset objects reloaded before import = 0
Number of asset objects unloaded after import = 0
========================================================================
Received Import Request.
  Time of request: 2026-10-07T19:21:28.0909167Z
  Time since last request: 0.000871 seconds.
  importAddress: GUID: c7a8b0317f4e68556d7509828e9e211e - Path: Packages/com.unity.modules.xr/package.ModuleCompilationTrigger - Importer: ScriptedImporter/UnityEditor.QuickSearchModule:UnityEditor.Search:ASIAI0B
Importing 'GUID: c7a8b0317f4e68556d7509828e9e211e - Path: Packages/com.unity.modules.xr/package.ModuleCompilationTrigger - Importer: ScriptedImporter/UnityEditor.QuickSearchModule:UnityEditor.Search:ASIAI0B' with importer (ScriptedImporter : UnityEditor.QuickSearchModule:UnityEditor.Search:ASIAI0B)
Imported 'GUID: c7a8b0317f4e68556d7509828e9e211e' -> (Import Result ID: '5c88cc81ee91282809cbb96d39118144') in 0.005 seconds [static and dynamic dependencies]. Details - ImportResultOutputID=24e69cdfa0941c0fde40db27ffe4e71a DependenciesID=91cadc05d8b333cf7dc683c2fc025867 StaticDependenciesID=03eb84e1ab62b027f6f621207f50cc65 
Number of updated asset objects reloaded before import = 0
Number of asset objects unloaded after import = 1
========================================================================
Received Import Request.
  Time of request: 2026-10-07T19:21:28.0967122Z
  Time since last request: 0.0004829 seconds.
  importAddress: GUID: f49bbe06ffa5ae24abe32abdab430c24 - Path: Packages/com.unity.ext.nunit/CHANGELOG.md - Importer: ScriptedImporter/UnityEditor.QuickSearchModule:UnityEditor.Search:ASIAI0B
Importing 'GUID: f49bbe06ffa5ae24abe32abdab430c24 - Path: Packages/com.unity.ext.nunit/CHANGELOG.md - Importer: ScriptedImporter/UnityEditor.QuickSearchModule:UnityEditor.Search:ASIAI0B' with importer (ScriptedImporter : UnityEditor.QuickSearchModule:UnityEditor.Search:ASIAI0B)
Imported 'GUID: f49bbe06ffa5ae24abe32abdab430c24' -> (Import Result ID: 'de0431f8cba44138baa5749bdf416531') in 0.004 seconds [static and dynamic dependencies]. Details - ImportResultOutputID=1c788564608f7b5b31d5c9ed6f56e94b DependenciesID=c8e1d1a9947b42101364f4af61cc369c StaticDependenciesID=9fc133691963715e308ac748b2cacb61 
Number of updated asset objects reloaded before import = 0
Number of asset objects unloaded after import = 1
========================================================================
Received Import Request.
  Time of request: 2026-10-07T19:21:28.1016446Z
  Time since last request: 0.0006188 seconds.
  importAddress: GUID: 313cbe17019f1934397f91069831062c - Path: Packages/com.unity.ide.rider/Rider/Editor/ProjectGeneration - Importer: ScriptedImporter/UnityEditor.QuickSearchModule:UnityEditor.Search:ASIAI0B
Importing 'GUID: 313cbe17019f1934397f91069831062c - Path: Packages/com.unity.ide.rider/Rider/Editor/ProjectGeneration - Importer: ScriptedImporter/UnityEditor.QuickSearchModule:UnityEditor.Search:ASIAI0B' with importer (ScriptedImporter : UnityEditor.QuickSearchModule:UnityEditor.Search:ASIAI0B)
Imported 'GUID: 313cbe17019f1934397f91069831062c' -> (Import Result ID: '1cbf3f578de820d8944686554652a4bd') in 0.004 seconds [static and dynamic dependencies]. Details - ImportResultOutputID=84a24b8a4f963698d95d5a58927aab52 DependenciesID=e620ba68ab58aedab91e53b9407e50f9 StaticDependenciesID=157c1f2134562cf001fd6ed0a8910781 
Number of updated asset objects reloaded before import = 0
Number of asset objects unloaded after import = 1
========================================================================
Received Import Request.
  Time of request: 2026-10-07T19:21:28.1065908Z
  Time since last request: 0.0000952 seconds.
  importAddress: GUID: 953fab16d15d5885b3600fcd6388b2ad - Path: Packages/com.unity.modules.imageconversion/package.json - Importer: ScriptedImporter/UnityEditor.QuickSearchModule:UnityEditor.Search:ASIAI0B
Importing 'GUID: 953fab16d15d5885b3600fcd6388b2ad - Path: Packages/com.unity.modules.imageconversion/package.json - Importer: ScriptedImporter/UnityEditor.QuickSearchModule:UnityEditor.Search:ASIAI0B' with importer (ScriptedImporter : UnityEditor.QuickSearchModule:UnityEditor.Search:ASIAI0B)
Imported 'GUID: 953fab16d15d5885b3600fcd6388b2ad' -> (Import Result ID: '97bd8d27be6806aa937243ac7b20200a') in 0.009 seconds [static and dynamic dependencies]. Details - ImportResultOutputID=5214632d20c92c44bb39292b27894e04 DependenciesID=23b017120aea03e3f9a4c5a8b6431abf StaticDependenciesID=9e35928ff6cb7e4620bd30e6d46deedd 
Number of updated asset objects reloaded before import = 0
Number of asset objects unloaded after import = 1
========================================================================
Received Import Request.
  Time of request: 2026-10-07T19:21:28.1176984Z
  Time since last request: 0.0004955 seconds.
  importAddress: GUID: 6afb166a156df2d20433d981f4bb2832 - Path: Packages/com.unity.modules.vehicles/package.json - Importer: ScriptedImporter/UnityEditor.QuickSearchModule:UnityEditor.Search:ASIAI0B
Importing 'GUID: 6afb166a156df2d20433d981f4bb2832 - Path: Packages/com.unity.modules.vehicles/package.json - Importer: ScriptedImporter/UnityEditor.QuickSearchModule:UnityEditor.Search:ASIAI0B' with importer (ScriptedImporter : UnityEditor.QuickSearchModule:UnityEditor.Search:ASIAI0B)
Imported 'GUID: 6afb166a156df2d20433d981f4bb2832' -> (Import Result ID: 'a410ab2848c5eb1e899f785387898127') in 0.009 seconds [static and dynamic dependencies]. Details - ImportResultOutputID=f7b721eb26941ddceaf1112aa99622d0 DependenciesID=583e385c8b469382d549c110e9576a1b StaticDependenciesID=747805d0f65bb6168b9bc1a8c061c9b7 
Number of updated asset objects reloaded before import = 0
Number of asset objects unloaded after import = 1
========================================================================
Received Import Request.
  Time of request: 2026-10-07T19:21:28.1280927Z
  Time since last request: 0.0007357 seconds.
  importAddress: GUID: cbccb6292dce08a489e6e742243154e7 - Path: Packages/com.unity.ide.visualstudio/Editor/KnownAssemblies.cs - Importer: ScriptedImporter/UnityEditor.QuickSearchModule:UnityEditor.Search:ASIAI0B
Importing 'GUID: cbccb6292dce08a489e6e742243154e7 - Path: Packages/com.unity.ide.visualstudio/Editor/KnownAssemblies.cs - Importer: ScriptedImporter/UnityEditor.QuickSearchModule:UnityEditor.Search:ASIAI0B' with importer (ScriptedImporter : UnityEditor.QuickSearchModule:UnityEditor.Search:ASIAI0B)
Imported 'GUID: cbccb6292dce08a489e6e742243154e7' -> (Import Result ID: '9b37f9ae2fc5c0c6c18aca946d54299d') in 0.012 seconds [static and dynamic dependencies]. Details - ImportResultOutputID=1b524bb0398b29dfd0c658e8cd10d108 DependenciesID=08fa40ff3d7fe4a9e97c1d08a8c60210 StaticDependenciesID=429cab6edd00a141d0da504c6a079817 
Number of updated asset objects reloaded before import = 0
Number of asset objects unloaded after import = 0
========================================================================
Received Import Request.
  Time of request: 2026-10-07T19:21:28.1415977Z
  Time since last request: 0.0007006 seconds.
  importAddress: GUID: 788fbcfc0abc6c54b9504cfee3176c22 - Path: Packages/com.unity.ide.visualstudio/ValidationExceptions.json - Importer: ScriptedImporter/UnityEditor.QuickSearchModule:UnityEditor.Search:ASIAI0B
Importing 'GUID: 788fbcfc0abc6c54b9504cfee3176c22 - Path: Packages/com.unity.ide.visualstudio/ValidationExceptions.json - Importer: ScriptedImporter/UnityEditor.QuickSearchModule:UnityEditor.Search:ASIAI0B' with importer (ScriptedImporter : UnityEditor.QuickSearchModule:UnityEditor.Search:ASIAI0B)
Imported 'GUID: 788fbcfc0abc6c54b9504cfee3176c22' -> (Import Result ID: '630a1f7c4060263b75f6dac7881cabf8') in 0.005 seconds [static and dynamic dependencies]. Details - ImportResultOutputID=3f69ce2e36b7b997f9abbd50407917d6 DependenciesID=5bfc57448df510d978bb5b3cdb43e781 StaticDependenciesID=6bda5ebc57ccde3f81d83fd7994c09f2 
Number of updated asset objects reloaded before import = 0
Number of asset objects unloaded after import = 1
========================================================================
Received Import Request.
  Time of request: 2026-10-07T19:21:28.1475838Z
  Time since last request: 0.0003966 seconds.
  importAddress: GUID: b5930dbc378b45d406aeb881f06b6dfa - Path: Packages/com.unity.modules.physicscore2d/package.json - Importer: ScriptedImporter/UnityEditor.QuickSearchModule:UnityEditor.Search:ASIAI0B
Importing 'GUID: b5930dbc378b45d406aeb881f06b6dfa - Path: Packages/com.unity.modules.physicscore2d/package.json - Importer: ScriptedImporter/UnityEditor.QuickSearchModule:UnityEditor.Search:ASIAI0B' with importer (ScriptedImporter : UnityEditor.QuickSearchModule:UnityEditor.Search:ASIAI0B)
Imported 'GUID: b5930dbc378b45d406aeb881f06b6dfa' -> (Import Result ID: '91cea7655aefb5a421be09d7656c06ac') in 0.007 seconds [static and dynamic dependencies]. Details - ImportResultOutputID=adc8bd46c44a75e0eff1732d0450e097 DependenciesID=56107e6e0d22a2e43ecbe2b233b4ff3d StaticDependenciesID=bbdfdd15614d6225d66c0acf94b67b2a 
Number of updated asset objects reloaded before import = 0
Number of asset objects unloaded after import = 1
========================================================================
Received Import Request.
  Time of request: 2026-10-07T19:21:28.1557373Z
  Time since last request: 0.0005547 seconds.
  importAddress: GUID: fae6007c1ac2cc744b2891fd4d279c96 - Path: Packages/com.unity.ide.visualstudio/Editor/Testing/TestRunnerCallbacks.cs - Importer: ScriptedImporter/UnityEditor.QuickSearchModule:UnityEditor.Search:ASIAI0B
Importing 'GUID: fae6007c1ac2cc744b2891fd4d279c96 - Path: Packages/com.unity.ide.visualstudio/Editor/Testing/TestRunnerCallbacks.cs - Importer: ScriptedImporter/UnityEditor.QuickSearchModule:UnityEditor.Search:ASIAI0B' with importer (ScriptedImporter : UnityEditor.QuickSearchModule:UnityEditor.Search:ASIAI0B)
Imported 'GUID: fae6007c1ac2cc744b2891fd4d279c96' -> (Import Result ID: 'de076aa4c18cfb078edf6ca291f29f1c') in 0.008 seconds [static and dynamic dependencies]. Details - ImportResultOutputID=2bfecf175464c1d7783b72d939e7fb86 DependenciesID=9f8153f8ceabaf1463cf921fd6369018 StaticDependenciesID=c68645f904fbede3f084d63fdd41cf50 
Number of updated asset objects reloaded before import = 0
Number of asset objects unloaded after import = 0
========================================================================
Received Import Request.
  Time of request: 2026-10-07T19:21:28.1641893Z
  Time since last request: 0.0006147 seconds.
  importAddress: GUID: cbb1a39d56ce4d9ac1a46ac505893fa7 - Path: Packages/com.unity.modules.terrainphysics/package.ModuleCompilationTrigger - Importer: ScriptedImporter/UnityEditor.QuickSearchModule:UnityEditor.Search:ASIAI0B
Importing 'GUID: cbb1a39d56ce4d9ac1a46ac505893fa7 - Path: Packages/com.unity.modules.terrainphysics/package.ModuleCompilationTrigger - Importer: ScriptedImporter/UnityEditor.QuickSearchModule:UnityEditor.Search:ASIAI0B' with importer (ScriptedImporter : UnityEditor.QuickSearchModule:UnityEditor.Search:ASIAI0B)
Imported 'GUID: cbb1a39d56ce4d9ac1a46ac505893fa7' -> (Import Result ID: 'd18d651bca667431870f39fb5f654e9b') in 0.011 seconds [static and dynamic dependencies]. Details - ImportResultOutputID=0edc35b3571731054cd4f2adc724f3df DependenciesID=c14682e64b82e929a325ce7ea9a601ae StaticDependenciesID=e1f5e16e5089ee09502967e2bb17479a 
Number of updated asset objects reloaded before import = 0
Number of asset objects unloaded after import = 1
========================================================================
Received Import Request.
  Time of request: 2026-10-07T19:21:28.176693Z
  Time since last request: 0.0011376 seconds.
  importAddress: GUID: bdbd564a9fdad0b738e76d030cad1204 - Path: Packages/com.unity.ide.rider/Rider/Editor/Util/FileSystemUtil.cs - Importer: ScriptedImporter/UnityEditor.QuickSearchModule:UnityEditor.Search:ASIAI0B
Importing 'GUID: bdbd564a9fdad0b738e76d030cad1204 - Path: Packages/com.unity.ide.rider/Rider/Editor/Util/FileSystemUtil.cs - Importer: ScriptedImporter/UnityEditor.QuickSearchModule:UnityEditor.Search:ASIAI0B' with importer (ScriptedImporter : UnityEditor.QuickSearchModule:UnityEditor.Search:ASIAI0B)
Imported 'GUID: bdbd564a9fdad0b738e76d030cad1204' -> (Import Result ID: 'f4ad9e03f658b77cce6334f5687855c0') in 0.005 seconds [static and dynamic dependencies]. Details - ImportResultOutputID=5dbbc7091e0dec9073d312e0a51937fa DependenciesID=e20b4c11e61aa23f7c0d6c1d740788d7 StaticDependenciesID=6c0cf3ca0ec014675a595de1c9a61c33 
Number of updated asset objects reloaded before import = 0
Number of asset objects unloaded after import = 0
========================================================================
Received Import Request.
  Time of request: 2026-10-07T19:21:28.1832501Z
  Time since last request: 0.0008646 seconds.
  importAddress: GUID: 1b6246f2248883964991eac9e9b4817c - Path: Packages/com.unity.modules.umbra/package.ModuleCompilationTrigger - Importer: ScriptedImporter/UnityEditor.QuickSearchModule:UnityEditor.Search:ASIAI0B
Importing 'GUID: 1b6246f2248883964991eac9e9b4817c - Path: Packages/com.unity.modules.umbra/package.ModuleCompilationTrigger - Importer: ScriptedImporter/UnityEditor.QuickSearchModule:UnityEditor.Search:ASIAI0B' with importer (ScriptedImporter : UnityEditor.QuickSearchModule:UnityEditor.Search:ASIAI0B)
Imported 'GUID: 1b6246f2248883964991eac9e9b4817c' -> (Import Result ID: '53b486936d3b9ba6a5a610744f761799') in 0.010 seconds [static and dynamic dependencies]. Details - ImportResultOutputID=3025ea734f29f8a6b584664568f54e77 DependenciesID=6081ed41ea742a4ced2fd63e6ab8b9e2 StaticDependenciesID=630ab9802435a6468f8d067dc7463b5e 
Number of updated asset objects reloaded before import = 0
Number of asset objects unloaded after import = 1
========================================================================
Received Import Request.
  Time of request: 2026-10-07T19:21:28.1946319Z
  Time since last request: 0.0009402 seconds.
  importAddress: GUID: 27328db3447b143dcb24e8c854d86028 - Path: Packages/com.unity.ext.nunit/net472/unity-custom - Importer: ScriptedImporter/UnityEditor.QuickSearchModule:UnityEditor.Search:ASIAI0B
Importing 'GUID: 27328db3447b143dcb24e8c854d86028 - Path: Packages/com.unity.ext.nunit/net472/unity-custom - Importer: ScriptedImporter/UnityEditor.QuickSearchModule:UnityEditor.Search:ASIAI0B' with importer (ScriptedImporter : UnityEditor.QuickSearchModule:UnityEditor.Search:ASIAI0B)
Imported 'GUID: 27328db3447b143dcb24e8c854d86028' -> (Import Result ID: 'b8d06d5e067bf18954aaf64d88dab9b7') in 0.003 seconds [static and dynamic dependencies]. Details - ImportResultOutputID=1bcd6d485e77eabfb89afffd854252d3 DependenciesID=34e6bc17873c604b5cfafac67ae37f8a StaticDependenciesID=c2999542518cbf6c26fb52432a31db26 
Number of updated asset objects reloaded before import = 0
Number of asset objects unloaded after import = 1
========================================================================
Received Import Request.
  Time of request: 2026-10-07T19:21:28.1990746Z
  Time since last request: 0.0007298 seconds.
  importAddress: GUID: 4bf139fc5e9d9240edc107e25d67d398 - Path: Packages/com.unity.modules.tetgen/package.ModuleCompilationTrigger - Importer: ScriptedImporter/UnityEditor.QuickSearchModule:UnityEditor.Search:ASIAI0B
Importing 'GUID: 4bf139fc5e9d9240edc107e25d67d398 - Path: Packages/com.unity.modules.tetgen/package.ModuleCompilationTrigger - Importer: ScriptedImporter/UnityEditor.QuickSearchModule:UnityEditor.Search:ASIAI0B' with importer (ScriptedImporter : UnityEditor.QuickSearchModule:UnityEditor.Search:ASIAI0B)
Imported 'GUID: 4bf139fc5e9d9240edc107e25d67d398' -> (Import Result ID: 'a7e92d2c1c612dc0853ef6c8c71eaa80') in 0.008 seconds [static and dynamic dependencies]. Details - ImportResultOutputID=7b831c6cc69cc980d48bd1645c6af432 DependenciesID=79d941dfe42b1555b560c39546b80d35 StaticDependenciesID=f8d7b25df38a0d4b7e076ae03af37916 
Number of updated asset objects reloaded before import = 0
Number of asset objects unloaded after import = 1
========================================================================
Received Import Request.
  Time of request: 2026-10-07T19:21:28.2086624Z
  Time since last request: 0.0009795 seconds.
  importAddress: GUID: bb86eea06f54fb24caa7046a8a764945 - Path: Packages/com.unity.ide.visualstudio/Editor/VisualStudioInstallation.cs - Importer: ScriptedImporter/UnityEditor.QuickSearchModule:UnityEditor.Search:ASIAI0B
Importing 'GUID: bb86eea06f54fb24caa7046a8a764945 - Path: Packages/com.unity.ide.visualstudio/Editor/VisualStudioInstallation.cs - Importer: ScriptedImporter/UnityEditor.QuickSearchModule:UnityEditor.Search:ASIAI0B' with importer (ScriptedImporter : UnityEditor.QuickSearchModule:UnityEditor.Search:ASIAI0B)
Imported 'GUID: bb86eea06f54fb24caa7046a8a764945' -> (Import Result ID: '63317021e5e7c26ea445f8e84a3c6a13') in 0.007 seconds [static and dynamic dependencies]. Details - ImportResultOutputID=7f90d2170e2e6299b3210dc5e89ac297 DependenciesID=cad8ef864cb1aa6496d92805e728c563 StaticDependenciesID=222f3bae3d30ae9f54c782c4dc796726 
Number of updated asset objects reloaded before import = 0
Number of asset objects unloaded after import = 0
========================================================================
Received Import Request.
  Time of request: 2026-10-07T19:21:28.2170911Z
  Time since last request: 0.0006857 seconds.
  importAddress: GUID: f91a00d2dca52b843b2d50ccf750737d - Path: Packages/com.unity.ext.nunit/LICENSE.md - Importer: ScriptedImporter/UnityEditor.QuickSearchModule:UnityEditor.Search:ASIAI0B
Importing 'GUID: f91a00d2dca52b843b2d50ccf750737d - Path: Packages/com.unity.ext.nunit/LICENSE.md - Importer: ScriptedImporter/UnityEditor.QuickSearchModule:UnityEditor.Search:ASIAI0B' with importer (ScriptedImporter : UnityEditor.QuickSearchModule:UnityEditor.Search:ASIAI0B)
Imported 'GUID: f91a00d2dca52b843b2d50ccf750737d' -> (Import Result ID: '1d7b800f05d448bb243a827f45e5eb15') in 0.007 seconds [static and dynamic dependencies]. Details - ImportResultOutputID=dbea7e1a3cabea3b14953dd0aabb4e64 DependenciesID=23df2d310757ba630ca7046fc75c19e3 StaticDependenciesID=e58bb189200671374897e80dafb801e4 
Number of updated asset objects reloaded before import = 0
Number of asset objects unloaded after import = 1
========================================================================
Received Import Request.
  Time of request: 2026-10-07T19:21:28.2253088Z
  Time since last request: 0.0004608 seconds.
  importAddress: GUID: b0221f76dde941d492827802c9b7c1f9 - Path: Packages/com.unity.ide.rider/Rider/Editor/Util/StringUtils.cs - Importer: ScriptedImporter/UnityEditor.QuickSearchModule:UnityEditor.Search:ASIAI0B
Importing 'GUID: b0221f76dde941d492827802c9b7c1f9 - Path: Packages/com.unity.ide.rider/Rider/Editor/Util/StringUtils.cs - Importer: ScriptedImporter/UnityEditor.QuickSearchModule:UnityEditor.Search:ASIAI0B' with importer (ScriptedImporter : UnityEditor.QuickSearchModule:UnityEditor.Search:ASIAI0B)
Imported 'GUID: b0221f76dde941d492827802c9b7c1f9' -> (Import Result ID: 'd55b889658664f3ca2f222eed8160991') in 0.011 seconds [static and dynamic dependencies]. Details - ImportResultOutputID=4a439beb26e3675e93be7c68d522aab5 DependenciesID=a188b5c5aa94bd860be4312e5f30f899 StaticDependenciesID=415b3a19a1617499a7b891c72ebf980d 
Number of updated asset objects reloaded before import = 0
Number of asset objects unloaded after import = 0
========================================================================
Received Import Request.
  Time of request: 2026-10-07T19:21:28.2375583Z
  Time since last request: 0.0008155 seconds.
  importAddress: GUID: 5a7aba2d3d458e04eb4210c0303fbf64 - Path: Packages/com.unity.ide.visualstudio/Editor/UsageUtility.cs - Importer: ScriptedImporter/UnityEditor.QuickSearchModule:UnityEditor.Search:ASIAI0B
Importing 'GUID: 5a7aba2d3d458e04eb4210c0303fbf64 - Path: Packages/com.unity.ide.visualstudio/Editor/UsageUtility.cs - Importer: ScriptedImporter/UnityEditor.QuickSearchModule:UnityEditor.Search:ASIAI0B' with importer (ScriptedImporter : UnityEditor.QuickSearchModule:UnityEditor.Search:ASIAI0B)
Imported 'GUID: 5a7aba2d3d458e04eb4210c0303fbf64' -> (Import Result ID: '52e678985b3b509768d1dad7d80c3433') in 0.005 seconds [static and dynamic dependencies]. Details - ImportResultOutputID=38398eee91dad17ed05146528cdb0fa7 DependenciesID=effddf517c06f9a0c42feef8b103a6c8 StaticDependenciesID=8639e8d8d73407595ea29d73e4e17ca0 
Number of updated asset objects reloaded before import = 0
Number of asset objects unloaded after import = 0
========================================================================
Received Import Request.
  Time of request: 2026-10-07T19:21:28.2437533Z
  Time since last request: 0.0004661 seconds.
  importAddress: GUID: 7809f42f64c877f4b90ac233e5ec2372 - Path: Packages/com.unity.ide.visualstudio/ThirdPartyNotices.md - Importer: ScriptedImporter/UnityEditor.QuickSearchModule:UnityEditor.Search:ASIAI0B
Importing 'GUID: 7809f42f64c877f4b90ac233e5ec2372 - Path: Packages/com.unity.ide.visualstudio/ThirdPartyNotices.md - Importer: ScriptedImporter/UnityEditor.QuickSearchModule:UnityEditor.Search:ASIAI0B' with importer (ScriptedImporter : UnityEditor.QuickSearchModule:UnityEditor.Search:ASIAI0B)
Imported 'GUID: 7809f42f64c877f4b90ac233e5ec2372' -> (Import Result ID: '3c23e06432de3abf3dd892dd80bd087e') in 0.007 seconds [static and dynamic dependencies]. Details - ImportResultOutputID=72e29b5aee0381f39b23113afce2cf5e DependenciesID=59f1c16ed223820e366d56856f70aaed StaticDependenciesID=6caa4fb3850625082137656e93c9cc56 
Number of updated asset objects reloaded before import = 0
Number of asset objects unloaded after import = 1
========================================================================
Received Import Request.
  Time of request: 2026-10-07T19:21:28.2518871Z
  Time since last request: 0.0003016 seconds.
  importAddress: GUID: b93f844d45cfcc44fa2b0eed5c9ec6bb - Path: Packages/com.unity.ide.visualstudio/Editor/com.unity.ide.visualstudio.asmdef - Importer: ScriptedImporter/UnityEditor.QuickSearchModule:UnityEditor.Search:ASIAI0B
Importing 'GUID: b93f844d45cfcc44fa2b0eed5c9ec6bb - Path: Packages/com.unity.ide.visualstudio/Editor/com.unity.ide.visualstudio.asmdef - Importer: ScriptedImporter/UnityEditor.QuickSearchModule:UnityEditor.Search:ASIAI0B' with importer (ScriptedImporter : UnityEditor.QuickSearchModule:UnityEditor.Search:ASIAI0B)
Imported 'GUID: b93f844d45cfcc44fa2b0eed5c9ec6bb' -> (Import Result ID: '50ca2911a61ca14effeb4a7d50cb581f') in 0.006 seconds [static and dynamic dependencies]. Details - ImportResultOutputID=bca81316b40085f6b18748596fa7cf66 DependenciesID=e21f0316d297c7bc490cad7197efbd12 StaticDependenciesID=b1a512ebd706334e0337ff9a48c6a6cf 
Number of updated asset objects reloaded before import = 0
Number of asset objects unloaded after import = 1
========================================================================
Received Import Request.
  Time of request: 2026-10-07T19:21:28.2583759Z
  Time since last request: 0.000683 seconds.
  importAddress: GUID: fa27413e9edb06a6058d6c894eca0338 - Path: Packages/com.unity.modules.unitywebrequestwww/package.json - Importer: ScriptedImporter/UnityEditor.QuickSearchModule:UnityEditor.Search:ASIAI0B
Importing 'GUID: fa27413e9edb06a6058d6c894eca0338 - Path: Packages/com.unity.modules.unitywebrequestwww/package.json - Importer: ScriptedImporter/UnityEditor.QuickSearchModule:UnityEditor.Search:ASIAI0B' with importer (ScriptedImporter : UnityEditor.QuickSearchModule:UnityEditor.Search:ASIAI0B)
Imported 'GUID: fa27413e9edb06a6058d6c894eca0338' -> (Import Result ID: 'fa3b53db2c9440f2dd2a38342961642e') in 0.006 seconds [static and dynamic dependencies]. Details - ImportResultOutputID=fae7758a80bfb30aa7239d5d6d0fde42 DependenciesID=ed7f6729033662719ebe922ca968641a StaticDependenciesID=682fc86f50cc2186231c30fe09c9bd10 
Number of updated asset objects reloaded before import = 0
Number of asset objects unloaded after import = 1
========================================================================
Received Import Request.
  Time of request: 2026-10-07T19:21:28.2711822Z
  Time since last request: 0.006668 seconds.
  importAddress: GUID: 95f85adeda79e994f011eb2152cf4fc9 - Path: Packages/com.unity.modules.terrainphysics - Importer: ScriptedImporter/UnityEditor.QuickSearchModule:UnityEditor.Search:ASIAI0B
Importing 'GUID: 95f85adeda79e994f011eb2152cf4fc9 - Path: Packages/com.unity.modules.terrainphysics - Importer: ScriptedImporter/UnityEditor.QuickSearchModule:UnityEditor.Search:ASIAI0B' with importer (ScriptedImporter : UnityEditor.QuickSearchModule:UnityEditor.Search:ASIAI0B)
Imported 'GUID: 95f85adeda79e994f011eb2152cf4fc9' -> (Import Result ID: '2c5d53aedc661c714979d8731d2401e0') in 0.004 seconds [static and dynamic dependencies]. Details - ImportResultOutputID=4d9b433276d910d31ab45498f23acf01 DependenciesID=590c08bdf69f0203aee0d3292bee816e StaticDependenciesID=bb1080996e3494c415ae47e6b54d0162 
Number of updated asset objects reloaded before import = 0
Number of asset objects unloaded after import = 1
========================================================================
Received Import Request.
  Time of request: 2026-10-07T19:21:28.277Z
  Time since last request: 0.0017585 seconds.
  importAddress: GUID: fa423365b1ce06a4dbdc6fb4a8597bfa - Path: Packages/com.unity.test-framework/UnityEditor.TestRunner/Api - Importer: ScriptedImporter/UnityEditor.QuickSearchModule:UnityEditor.Search:ASIAI0B
Importing 'GUID: fa423365b1ce06a4dbdc6fb4a8597bfa - Path: Packages/com.unity.test-framework/UnityEditor.TestRunner/Api - Importer: ScriptedImporter/UnityEditor.QuickSearchModule:UnityEditor.Search:ASIAI0B' with importer (ScriptedImporter : UnityEditor.QuickSearchModule:UnityEditor.Search:ASIAI0B)
Imported 'GUID: fa423365b1ce06a4dbdc6fb4a8597bfa' -> (Import Result ID: '246096542b2778aaef12948abf5396cb') in 0.004 seconds [static and dynamic dependencies]. Details - ImportResultOutputID=35061696af29165dbdfb9feda8b4d735 DependenciesID=4f3a60993dd32fb1776262f4a9153fdb StaticDependenciesID=d94fbf4c9219e746e797344ee5331209 
Number of updated asset objects reloaded before import = 0
Number of asset objects unloaded after import = 1
========================================================================
Received Import Request.
  Time of request: 2026-10-07T19:21:28.2820217Z
  Time since last request: 0.0006814 seconds.
  importAddress: GUID: 38e3a8976f0b9c586b6dfbcef4e4066c - Path: Packages/com.unity.modules.unitywebrequestaudio - Importer: ScriptedImporter/UnityEditor.QuickSearchModule:UnityEditor.Search:ASIAI0B
Importing 'GUID: 38e3a8976f0b9c586b6dfbcef4e4066c - Path: Packages/com.unity.modules.unitywebrequestaudio - Importer: ScriptedImporter/UnityEditor.QuickSearchModule:UnityEditor.Search:ASIAI0B' with importer (ScriptedImporter : UnityEditor.QuickSearchModule:UnityEditor.Search:ASIAI0B)
Imported 'GUID: 38e3a8976f0b9c586b6dfbcef4e4066c' -> (Import Result ID: '7df73915dcd65233e4f89ff57a132997') in 0.004 seconds [static and dynamic dependencies]. Details - ImportResultOutputID=98c38344044b1154880f9d7f099fa1b9 DependenciesID=3564015bf789c9acda8d6ad99f5d39c3 StaticDependenciesID=09ed97cf49631f22d1e747e97de6abec 
Number of updated asset objects reloaded before import = 0
Number of asset objects unloaded after import = 1
========================================================================
Received Import Request.
  Time of request: 2026-10-07T19:21:28.2869756Z
  Time since last request: 0.0003248 seconds.
  importAddress: GUID: 9c7c268fa6492449654839df69f2a2f4 - Path: Packages/com.unity.modules.umbra - Importer: ScriptedImporter/UnityEditor.QuickSearchModule:UnityEditor.Search:ASIAI0B
Importing 'GUID: 9c7c268fa6492449654839df69f2a2f4 - Path: Packages/com.unity.modules.umbra - Importer: ScriptedImporter/UnityEditor.QuickSearchModule:UnityEditor.Search:ASIAI0B' with importer (ScriptedImporter : UnityEditor.QuickSearchModule:UnityEditor.Search:ASIAI0B)
Imported 'GUID: 9c7c268fa6492449654839df69f2a2f4' -> (Import Result ID: 'd61baff31ce7de2c11f96a0857ff5a18') in 0.002 seconds [static and dynamic dependencies]. Details - ImportResultOutputID=1e2db4edbcbec4f6eef406f40b066041 DependenciesID=540c06d85e73ca7750fdd82da90d67d1 StaticDependenciesID=679169b9c2bffc7fe8104701af28eeb2 
Number of updated asset objects reloaded before import = 0
Number of asset objects unloaded after import = 1
========================================================================
Received Import Request.
  Time of request: 2026-10-07T19:21:28.2903495Z
  Time since last request: 0.0009357 seconds.
  importAddress: GUID: 3610673068254436ac90019f46e09f01 - Path: Packages/com.unity.test-framework/UnityEditor.TestRunner/UnityTestProtocol/Data - Importer: ScriptedImporter/UnityEditor.QuickSearchModule:UnityEditor.Search:ASIAI0B
Importing 'GUID: 3610673068254436ac90019f46e09f01 - Path: Packages/com.unity.test-framework/UnityEditor.TestRunner/UnityTestProtocol/Data - Importer: ScriptedImporter/UnityEditor.QuickSearchModule:UnityEditor.Search:ASIAI0B' with importer (ScriptedImporter : UnityEditor.QuickSearchModule:UnityEditor.Search:ASIAI0B)
Imported 'GUID: 3610673068254436ac90019f46e09f01' -> (Import Result ID: '3e40f94114b2f74dbef648c56e61c910') in 0.004 seconds [static and dynamic dependencies]. Details - ImportResultOutputID=5aa49c25aff3641752e2c93fb2225d17 DependenciesID=1e1d760c6636e488e2ada3e52a11f360 StaticDependenciesID=d334b17c8a9239cde29e17321fe97d66 
Number of updated asset objects reloaded before import = 0
Number of asset objects unloaded after import = 1
========================================================================
Received Import Request.
  Time of request: 2026-10-07T19:21:28.2946596Z
  Time since last request: 0.000498 seconds.
  importAddress: GUID: 917a51fff055ce547b4ad1215321f3da - Path: Packages/com.unity.ide.visualstudio/Editor/Messaging/ExceptionEventArgs.cs - Importer: ScriptedImporter/UnityEditor.QuickSearchModule:UnityEditor.Search:ASIAI0B
Importing 'GUID: 917a51fff055ce547b4ad1215321f3da - Path: Packages/com.unity.ide.visualstudio/Editor/Messaging/ExceptionEventArgs.cs - Importer: ScriptedImporter/UnityEditor.QuickSearchModule:UnityEditor.Search:ASIAI0B' with importer (ScriptedImporter : UnityEditor.QuickSearchModule:UnityEditor.Search:ASIAI0B)
Imported 'GUID: 917a51fff055ce547b4ad1215321f3da' -> (Import Result ID: '1eb78ae11f9471da64cd07f16f6db16a') in 0.005 seconds [static and dynamic dependencies]. Details - ImportResultOutputID=122955dc4706cbf3edae3b38a8ef19e0 DependenciesID=0a355f5d3c7164459a5a95787a163986 StaticDependenciesID=42606971d25b07a1336f02591ee14127 
Number of updated asset objects reloaded before import = 0
Number of asset objects unloaded after import = 0
========================================================================
Received Import Request.
  Time of request: 2026-10-07T19:21:28.3004035Z
  Time since last request: 0.000653 seconds.
  importAddress: GUID: 68cb547af0187634aad591a09c01cd5b - Path: Packages/com.unity.test-framework/UnityEditor.TestRunner/GUI/TestListTreeView - Importer: ScriptedImporter/UnityEditor.QuickSearchModule:UnityEditor.Search:ASIAI0B
Importing 'GUID: 68cb547af0187634aad591a09c01cd5b - Path: Packages/com.unity.test-framework/UnityEditor.TestRunner/GUI/TestListTreeView - Importer: ScriptedImporter/UnityEditor.QuickSearchModule:UnityEditor.Search:ASIAI0B' with importer (ScriptedImporter : UnityEditor.QuickSearchModule:UnityEditor.Search:ASIAI0B)
Imported 'GUID: 68cb547af0187634aad591a09c01cd5b' -> (Import Result ID: 'af42f57d153f5ba6c877f3d3846d4b35') in 0.024 seconds [static and dynamic dependencies]. Details - ImportResultOutputID=79f10d51aac9ebeda17ca7465afb4d6e DependenciesID=aaf3fdcbd36e648fee4e76e4042d0637 StaticDependenciesID=108eebebd2c3c8176ed6cc2263000d86 
Number of updated asset objects reloaded before import = 0
Number of asset objects unloaded after import = 1
========================================================================
Received Import Request.
  Time of request: 2026-10-07T19:21:28.3261156Z
  Time since last request: 0.0015459 seconds.
  importAddress: GUID: 2d142b475fbfb8cf12ba3a795194300a - Path: Packages/com.unity.modules.director - Importer: ScriptedImporter/UnityEditor.QuickSearchModule:UnityEditor.Search:ASIAI0B
Importing 'GUID: 2d142b475fbfb8cf12ba3a795194300a - Path: Packages/com.unity.modules.director - Importer: ScriptedImporter/UnityEditor.QuickSearchModule:UnityEditor.Search:ASIAI0B' with importer (ScriptedImporter : UnityEditor.QuickSearchModule:UnityEditor.Search:ASIAI0B)
Imported 'GUID: 2d142b475fbfb8cf12ba3a795194300a' -> (Import Result ID: 'd60663163d6f7a3589e95b9f517b9e00') in 0.006 seconds [static and dynamic dependencies]. Details - ImportResultOutputID=a0e11a22bda41822cf7d383a135c1a83 DependenciesID=c133d7c2c68d44aae283b489b7153e6c StaticDependenciesID=e86d81d6fcb2eb5f150e76e2abf5a48a 
Number of updated asset objects reloaded before import = 0
Number of asset objects unloaded after import = 1
========================================================================
Received Import Request.
  Time of request: 2026-10-07T19:21:28.3359665Z
  Time since last request: 0.0029062 seconds.
  importAddress: GUID: 5e22a8d6e557a1b3cae09054b0b5f9d8 - Path: Packages/com.unity.modules.physicscore2d - Importer: ScriptedImporter/UnityEditor.QuickSearchModule:UnityEditor.Search:ASIAI0B
Importing 'GUID: 5e22a8d6e557a1b3cae09054b0b5f9d8 - Path: Packages/com.unity.modules.physicscore2d - Importer: ScriptedImporter/UnityEditor.QuickSearchModule:UnityEditor.Search:ASIAI0B' with importer (ScriptedImporter : UnityEditor.QuickSearchModule:UnityEditor.Search:ASIAI0B)
Imported 'GUID: 5e22a8d6e557a1b3cae09054b0b5f9d8' -> (Import Result ID: '4fa99aed7c2f09efad224d5e2b9e380a') in 0.002 seconds [static and dynamic dependencies]. Details - ImportResultOutputID=13f8f565e2748e8ef017fcf723c20a10 DependenciesID=9521aef1eeb3f872abadd240d815c7c3 StaticDependenciesID=2dca53b1d2337a4897a6b2af852f7ac2 
Number of updated asset objects reloaded before import = 0
Number of asset objects unloaded after import = 1
========================================================================
Received Import Request.
  Time of request: 2026-10-07T19:21:28.3394595Z
  Time since last request: 0.0006426 seconds.
  importAddress: GUID: 00000000000000001000000000000000 - Path: Assets - Importer: ScriptedImporter/UnityEditor.QuickSearchModule:UnityEditor.Search:ASIAI0B
Importing 'GUID: 00000000000000001000000000000000 - Path: Assets - Importer: ScriptedImporter/UnityEditor.QuickSearchModule:UnityEditor.Search:ASIAI0B' with importer (ScriptedImporter : UnityEditor.QuickSearchModule:UnityEditor.Search:ASIAI0B)
Imported 'GUID: 00000000000000001000000000000000' -> (Import Result ID: '1df9873a31f3389bad3821341b740c22') in 0.006 seconds [static and dynamic dependencies]. Details - ImportResultOutputID=f416dbe44ebae01984dca38314cf9bd0 DependenciesID=1cce066ff13102e2ad30a954e43cb504 StaticDependenciesID=72ba57a8cafa187559d0527665e865d0 
Number of updated asset objects reloaded before import = 0
Number of asset objects unloaded after import = 1
========================================================================
Received Import Request.
  Time of request: 2026-10-07T19:21:28.3466383Z
  Time since last request: 0.0008209 seconds.
  importAddress: GUID: 8d4bc6bfa28760b29f13174d6b6ea710 - Path: Packages/com.unity.modules.subsystems/package.ModuleCompilationTrigger - Importer: ScriptedImporter/UnityEditor.QuickSearchModule:UnityEditor.Search:ASIAI0B
Importing 'GUID: 8d4bc6bfa28760b29f13174d6b6ea710 - Path: Packages/com.unity.modules.subsystems/package.ModuleCompilationTrigger - Importer: ScriptedImporter/UnityEditor.QuickSearchModule:UnityEditor.Search:ASIAI0B' with importer (ScriptedImporter : UnityEditor.QuickSearchModule:UnityEditor.Search:ASIAI0B)
Imported 'GUID: 8d4bc6bfa28760b29f13174d6b6ea710' -> (Import Result ID: 'dc172227a412489d57c300a0602a944e') in 0.005 seconds [static and dynamic dependencies]. Details - ImportResultOutputID=bd4ec183ee6e3ba820484c0267377593 DependenciesID=5b4ee53fb85522170cba023018d4e9ba StaticDependenciesID=98b03940deb00c036d19a11ae904ca13 
Number of updated asset objects reloaded before import = 0
Number of asset objects unloaded after import = 1
========================================================================
Received Import Request.
  Time of request: 2026-10-07T19:21:28.3528816Z
  Time since last request: 0.0005343 seconds.
  importAddress: GUID: f9f63097209c6bab2b6e9dfd4032a134 - Path: Packages/com.unity.ide.rider - Importer: ScriptedImporter/UnityEditor.QuickSearchModule:UnityEditor.Search:ASIAI0B
Importing 'GUID: f9f63097209c6bab2b6e9dfd4032a134 - Path: Packages/com.unity.ide.rider - Importer: ScriptedImporter/UnityEditor.QuickSearchModule:UnityEditor.Search:ASIAI0B' with importer (ScriptedImporter : UnityEditor.QuickSearchModule:UnityEditor.Search:ASIAI0B)
Imported 'GUID: f9f63097209c6bab2b6e9dfd4032a134' -> (Import Result ID: 'a67fab4bf8edcbffc055ea678543d848') in 0.006 seconds [static and dynamic dependencies]. Details - ImportResultOutputID=08107a56c7696c4c617b7004b68d662f DependenciesID=9647fac0346ceeb2409df5a20c9e335b StaticDependenciesID=7eb703a19d59902eee1cb40b83a93866 
Number of updated asset objects reloaded before import = 0
Number of asset objects unloaded after import = 1
========================================================================
Received Import Request.
  Time of request: 2026-10-07T19:21:28.3613593Z
  Time since last request: 0.0026073 seconds.
  importAddress: GUID: ded625cf0d03fa94c9f939fd13ced18d - Path: Packages/com.unity.ide.visualstudio/Editor/Messaging/TcpListener.cs - Importer: ScriptedImporter/UnityEditor.QuickSearchModule:UnityEditor.Search:ASIAI0B
Importing 'GUID: ded625cf0d03fa94c9f939fd13ced18d - Path: Packages/com.unity.ide.visualstudio/Editor/Messaging/TcpListener.cs - Importer: ScriptedImporter/UnityEditor.QuickSearchModule:UnityEditor.Search:ASIAI0B' with importer (ScriptedImporter : UnityEditor.QuickSearchModule:UnityEditor.Search:ASIAI0B)
Imported 'GUID: ded625cf0d03fa94c9f939fd13ced18d' -> (Import Result ID: 'f6cc9a1708ddb5434353bcd1937a7615') in 0.012 seconds [static and dynamic dependencies]. Details - ImportResultOutputID=67b1a25f735e940b9888a180031da961 DependenciesID=19a01b74e3f3719b5eed8e7398aeabed StaticDependenciesID=bec3b4a22a72606b70c1b5f097de0b07 
Number of updated asset objects reloaded before import = 0
Number of asset objects unloaded after import = 0
========================================================================
Received Import Request.
  Time of request: 2026-10-07T19:21:28.3739994Z
  Time since last request: 0.0006984 seconds.
  importAddress: GUID: 96c503bf059df984c86eecf572370347 - Path: Packages/com.unity.test-framework/UnityEditor.TestRunner/NUnitExtension/Attributes - Importer: ScriptedImporter/UnityEditor.QuickSearchModule:UnityEditor.Search:ASIAI0B
Importing 'GUID: 96c503bf059df984c86eecf572370347 - Path: Packages/com.unity.test-framework/UnityEditor.TestRunner/NUnitExtension/Attributes - Importer: ScriptedImporter/UnityEditor.QuickSearchModule:UnityEditor.Search:ASIAI0B' with importer (ScriptedImporter : UnityEditor.QuickSearchModule:UnityEditor.Search:ASIAI0B)
Imported 'GUID: 96c503bf059df984c86eecf572370347' -> (Import Result ID: 'bf739cf81d3d422c3564b7b9860900ac') in 0.008 seconds [static and dynamic dependencies]. Details - ImportResultOutputID=ca6aac3a8f3780f0936f4ff912a56c88 DependenciesID=c81dbcc005db3e7cf65dcae4819bd5e2 StaticDependenciesID=df1746f533721b34d37b866899b8b572 
Number of updated asset objects reloaded before import = 0
Number of asset objects unloaded after import = 1
========================================================================
Received Import Request.
  Time of request: 2026-10-07T19:21:28.3840352Z
  Time since last request: 0.0005132 seconds.
  importAddress: GUID: 09e28640d754a611467eebfb261ed749 - Path: Packages/com.unity.modules.tilemap - Importer: ScriptedImporter/UnityEditor.QuickSearchModule:UnityEditor.Search:ASIAI0B
Importing 'GUID: 09e28640d754a611467eebfb261ed749 - Path: Packages/com.unity.modules.tilemap - Importer: ScriptedImporter/UnityEditor.QuickSearchModule:UnityEditor.Search:ASIAI0B' with importer (ScriptedImporter : UnityEditor.QuickSearchModule:UnityEditor.Search:ASIAI0B)
Imported 'GUID: 09e28640d754a611467eebfb261ed749' -> (Import Result ID: 'e04b0231100899a4ff133142aee96832') in 0.003 seconds [static and dynamic dependencies]. Details - ImportResultOutputID=fd862e12025e1ede9081d038a233232f DependenciesID=255d91b31cc29e71c94a07ef74b8ab56 StaticDependenciesID=f5d8e7310f3a6d456b2f2ea9c1928830 
Number of updated asset objects reloaded before import = 0
Number of asset objects unloaded after import = 1
========================================================================
Received Import Request.
  Time of request: 2026-10-07T19:21:28.3876137Z
  Time since last request: 0.0005803 seconds.
  importAddress: GUID: d6c6a000a805f00649b36b542e8426c2 - Path: Packages/com.unity.modules.unityanalytics - Importer: ScriptedImporter/UnityEditor.QuickSearchModule:UnityEditor.Search:ASIAI0B
Importing 'GUID: d6c6a000a805f00649b36b542e8426c2 - Path: Packages/com.unity.modules.unityanalytics - Importer: ScriptedImporter/UnityEditor.QuickSearchModule:UnityEditor.Search:ASIAI0B' with importer (ScriptedImporter : UnityEditor.QuickSearchModule:UnityEditor.Search:ASIAI0B)
Imported 'GUID: d6c6a000a805f00649b36b542e8426c2' -> (Import Result ID: 'f3adadd8f821ead60d7dc67ba917305a') in 0.005 seconds [static and dynamic dependencies]. Details - ImportResultOutputID=a21f6e7c1ad6a3b2199cfe1a17d0a729 DependenciesID=f11829ca58ae11f220a4b62f2258faf7 StaticDependenciesID=50cdba389aa519dc727e81e8e1e51814 
Number of updated asset objects reloaded before import = 0
Number of asset objects unloaded after import = 1
========================================================================
Received Import Request.
  Time of request: 2026-10-07T19:21:28.3937866Z
  Time since last request: 0.0006676 seconds.
  importAddress: GUID: 376c84ea405e0f2b80562c23bb977216 - Path: Packages/com.unity.modules.physics2d - Importer: ScriptedImporter/UnityEditor.QuickSearchModule:UnityEditor.Search:ASIAI0B
Importing 'GUID: 376c84ea405e0f2b80562c23bb977216 - Path: Packages/com.unity.modules.physics2d - Importer: ScriptedImporter/UnityEditor.QuickSearchModule:UnityEditor.Search:ASIAI0B' with importer (ScriptedImporter : UnityEditor.QuickSearchModule:UnityEditor.Search:ASIAI0B)
Imported 'GUID: 376c84ea405e0f2b80562c23bb977216' -> (Import Result ID: '0c702589f59d918b57cf892534943b5a') in 0.003 seconds [static and dynamic dependencies]. Details - ImportResultOutputID=0385fb9b90a9a8a24fa89335410dc836 DependenciesID=7caf81b04113f467f49be844175fb8cb StaticDependenciesID=ca1b658e3257e5d5f1cd7a34d0576ebb 
Number of updated asset objects reloaded before import = 0
Number of asset objects unloaded after import = 1
========================================================================
Received Import Request.
  Time of request: 2026-10-07T19:21:28.3972699Z
  Time since last request: 0.0003526 seconds.
  importAddress: GUID: d9682e749d3efc642af54d789d9090a6 - Path: Packages/com.unity.test-framework/UnityEditor.TestRunner/TestRunner/Messages - Importer: ScriptedImporter/UnityEditor.QuickSearchModule:UnityEditor.Search:ASIAI0B
Importing 'GUID: d9682e749d3efc642af54d789d9090a6 - Path: Packages/com.unity.test-framework/UnityEditor.TestRunner/TestRunner/Messages - Importer: ScriptedImporter/UnityEditor.QuickSearchModule:UnityEditor.Search:ASIAI0B' with importer (ScriptedImporter : UnityEditor.QuickSearchModule:UnityEditor.Search:ASIAI0B)
Imported 'GUID: d9682e749d3efc642af54d789d9090a6' -> (Import Result ID: 'd1762a1574d6700c9830a5d7c084a30b') in 0.003 seconds [static and dynamic dependencies]. Details - ImportResultOutputID=587eae131b00d6cdd853d164cc409b0e DependenciesID=0e2b151fec2d55722b0c7168b06cc242 StaticDependenciesID=41e525c84e385e9c89afae9786555e0c 
Number of updated asset objects reloaded before import = 0
Number of asset objects unloaded after import = 1
========================================================================
Received Import Request.
  Time of request: 2026-10-07T19:21:28.4011295Z
  Time since last request: 0.0007202 seconds.
  importAddress: GUID: a8860c53ca4073d4f92c403e709c12ba - Path: Packages/com.unity.ide.rider/Rider/Editor/Util/RiderMenu.cs - Importer: ScriptedImporter/UnityEditor.QuickSearchModule:UnityEditor.Search:ASIAI0B
Importing 'GUID: a8860c53ca4073d4f92c403e709c12ba - Path: Packages/com.unity.ide.rider/Rider/Editor/Util/RiderMenu.cs - Importer: ScriptedImporter/UnityEditor.QuickSearchModule:UnityEditor.Search:ASIAI0B' with importer (ScriptedImporter : UnityEditor.QuickSearchModule:UnityEditor.Search:ASIAI0B)
Imported 'GUID: a8860c53ca4073d4f92c403e709c12ba' -> (Import Result ID: '195ad3896e2665a2950ab0e3b3525f56') in 0.014 seconds [static and dynamic dependencies]. Details - ImportResultOutputID=0f1dd63ffa8c4f492438ee671bc5f65c DependenciesID=32bf77ee3636a27aae59e929a5df08e7 StaticDependenciesID=9690bc719de616abc855b039106d1e83 
Number of updated asset objects reloaded before import = 0
Number of asset objects unloaded after import = 0
========================================================================
Received Import Request.
  Time of request: 2026-10-07T19:21:28.4163773Z
  Time since last request: 0.0009573 seconds.
  importAddress: GUID: 1cf2469083ffa484da4d78dd70d708e8 - Path: Packages/com.unity.modules.vehicles - Importer: ScriptedImporter/UnityEditor.QuickSearchModule:UnityEditor.Search:ASIAI0B
Importing 'GUID: 1cf2469083ffa484da4d78dd70d708e8 - Path: Packages/com.unity.modules.vehicles - Importer: ScriptedImporter/UnityEditor.QuickSearchModule:UnityEditor.Search:ASIAI0B' with importer (ScriptedImporter : UnityEditor.QuickSearchModule:UnityEditor.Search:ASIAI0B)
Imported 'GUID: 1cf2469083ffa484da4d78dd70d708e8' -> (Import Result ID: '9f279252ab48d471adaf53e5638777c8') in 0.004 seconds [static and dynamic dependencies]. Details - ImportResultOutputID=69aadf16566670c4559625b03e4405df DependenciesID=9fee08a96b1643dd36eac62371dc4b62 StaticDependenciesID=39083b6bdf4e672d26cb614cd7e0cdc7 
Number of updated asset objects reloaded before import = 0
Number of asset objects unloaded after import = 1
========================================================================
Received Import Request.
  Time of request: 2026-10-07T19:21:28.4217724Z
  Time since last request: 0.0008835 seconds.
  importAddress: GUID: b1d8465ba1376b148bdab58965101f47 - Path: Packages/com.unity.test-framework/UnityEngine.TestRunner/Assertions/LogScope - Importer: ScriptedImporter/UnityEditor.QuickSearchModule:UnityEditor.Search:ASIAI0B
Importing 'GUID: b1d8465ba1376b148bdab58965101f47 - Path: Packages/com.unity.test-framework/UnityEngine.TestRunner/Assertions/LogScope - Importer: ScriptedImporter/UnityEditor.QuickSearchModule:UnityEditor.Search:ASIAI0B' with importer (ScriptedImporter : UnityEditor.QuickSearchModule:UnityEditor.Search:ASIAI0B)
Imported 'GUID: b1d8465ba1376b148bdab58965101f47' -> (Import Result ID: 'bf58432a713850fa1ee7d5642fbb91ba') in 0.004 seconds [static and dynamic dependencies]. Details - ImportResultOutputID=c72ff493773838717747ef5dbf4b4e70 DependenciesID=9c357e93c46dfc59d1b6540d252be1cd StaticDependenciesID=17ef047625cdc52c41a069f6528e8cf5 
Number of updated asset objects reloaded before import = 0
Number of asset objects unloaded after import = 1
========================================================================
Received Import Request.
  Time of request: 2026-10-07T19:21:28.4284433Z
  Time since last request: 0.0024318 seconds.
  importAddress: GUID: 25151ed74dce0c18857ead186416ac0c - Path: Packages/com.unity.modules.tetgen - Importer: ScriptedImporter/UnityEditor.QuickSearchModule:UnityEditor.Search:ASIAI0B
Importing 'GUID: 25151ed74dce0c18857ead186416ac0c - Path: Packages/com.unity.modules.tetgen - Importer: ScriptedImporter/UnityEditor.QuickSearchModule:UnityEditor.Search:ASIAI0B' with importer (ScriptedImporter : UnityEditor.QuickSearchModule:UnityEditor.Search:ASIAI0B)
Imported 'GUID: 25151ed74dce0c18857ead186416ac0c' -> (Import Result ID: '7e602becfeb3936a499c75b4ebb2a7e5') in 0.014 seconds [static and dynamic dependencies]. Details - ImportResultOutputID=0d8a9bc62169860cd74eda83b4ae053d DependenciesID=32f48649f270a7d46a31d6c96f2e7d08 StaticDependenciesID=010cce939ff0ad6ee182e9a4bc08bb57 
Number of updated asset objects reloaded before import = 0
Number of asset objects unloaded after import = 1
========================================================================
Received Import Request.
  Time of request: 2026-10-07T19:21:28.4464355Z
  Time since last request: 0.0035253 seconds.
  importAddress: GUID: 906c12bc9cd95d3963c6d58f62522c78 - Path: Packages/com.unity.modules.cloth/package.json - Importer: ScriptedImporter/UnityEditor.QuickSearchModule:UnityEditor.Search:ASIAI0B
Importing 'GUID: 906c12bc9cd95d3963c6d58f62522c78 - Path: Packages/com.unity.modules.cloth/package.json - Importer: ScriptedImporter/UnityEditor.QuickSearchModule:UnityEditor.Search:ASIAI0B' with importer (ScriptedImporter : UnityEditor.QuickSearchModule:UnityEditor.Search:ASIAI0B)
Imported 'GUID: 906c12bc9cd95d3963c6d58f62522c78' -> (Import Result ID: '15b2eccfb96bf0d849877cb01e92bbe9') in 0.007 seconds [static and dynamic dependencies]. Details - ImportResultOutputID=0dc5acd8e7d686850966bb26a0a9432a DependenciesID=61b5546dc7902b39129b4384e0c2d125 StaticDependenciesID=a0bb1d474352645ba0ef9edae9adc5fa 
Number of updated asset objects reloaded before import = 0
Number of asset objects unloaded after import = 1
========================================================================
Received Import Request.
  Time of request: 2026-10-07T19:21:28.4544438Z
  Time since last request: 0.0009657 seconds.
  importAddress: GUID: c060426bfd6e82575228df6656368eaa - Path: Packages/com.unity.modules.imgui - Importer: ScriptedImporter/UnityEditor.QuickSearchModule:UnityEditor.Search:ASIAI0B
Importing 'GUID: c060426bfd6e82575228df6656368eaa - Path: Packages/com.unity.modules.imgui - Importer: ScriptedImporter/UnityEditor.QuickSearchModule:UnityEditor.Search:ASIAI0B' with importer (ScriptedImporter : UnityEditor.QuickSearchModule:UnityEditor.Search:ASIAI0B)
Imported 'GUID: c060426bfd6e82575228df6656368eaa' -> (Import Result ID: '71def81c67ed3293df8a3187113539ac') in 0.004 seconds [static and dynamic dependencies]. Details - ImportResultOutputID=03b63c2c330855b1ef6751f5659c99f9 DependenciesID=4661bc6c175c700f326da18cb2d2912a StaticDependenciesID=6273e7035202dfd8ad4096545d4d55fc 
Number of updated asset objects reloaded before import = 0
Number of asset objects unloaded after import = 1
========================================================================
Received Import Request.
  Time of request: 2026-10-07T19:21:28.4620308Z
  Time since last request: 0.0029157 seconds.
  importAddress: GUID: 19e1940646874613a076c6b01d1f3404 - Path: Packages/com.unity.test-framework/UnityEngine.TestRunner/UnityTestProtocol - Importer: ScriptedImporter/UnityEditor.QuickSearchModule:UnityEditor.Search:ASIAI0B
Importing 'GUID: 19e1940646874613a076c6b01d1f3404 - Path: Packages/com.unity.test-framework/UnityEngine.TestRunner/UnityTestProtocol - Importer: ScriptedImporter/UnityEditor.QuickSearchModule:UnityEditor.Search:ASIAI0B' with importer (ScriptedImporter : UnityEditor.QuickSearchModule:UnityEditor.Search:ASIAI0B)
Imported 'GUID: 19e1940646874613a076c6b01d1f3404' -> (Import Result ID: 'f84cbecd8b749e10a5db9a6be7b9bd74') in 0.008 seconds [static and dynamic dependencies]. Details - ImportResultOutputID=8a75cad260c5bd518f996aa9dc311278 DependenciesID=01ec756d3b05495b30a1ab79f0e656e0 StaticDependenciesID=e513f66d976631fd3b44828a52ae8fe4 
Number of updated asset objects reloaded before import = 0
Number of asset objects unloaded after import = 1
========================================================================
Received Import Request.
  Time of request: 2026-10-07T19:21:28.4710482Z
  Time since last request: 0.001035 seconds.
  importAddress: GUID: e6a135e3ea9cb46795d1b0e05ac3e1e5 - Path: Packages/com.unity.modules.jsonserialize/package.ModuleCompilationTrigger - Importer: ScriptedImporter/UnityEditor.QuickSearchModule:UnityEditor.Search:ASIAI0B
Importing 'GUID: e6a135e3ea9cb46795d1b0e05ac3e1e5 - Path: Packages/com.unity.modules.jsonserialize/package.ModuleCompilationTrigger - Importer: ScriptedImporter/UnityEditor.QuickSearchModule:UnityEditor.Search:ASIAI0B' with importer (ScriptedImporter : UnityEditor.QuickSearchModule:UnityEditor.Search:ASIAI0B)
Imported 'GUID: e6a135e3ea9cb46795d1b0e05ac3e1e5' -> (Import Result ID: 'c7129e9b35d9926ed6d13c4f76dff604') in 0.011 seconds [static and dynamic dependencies]. Details - ImportResultOutputID=e948f06d20f74e5b0c8618acc86a43ec DependenciesID=890f7e581bf471176745c818bbb83a36 StaticDependenciesID=22f931d2fd351444170f85ffa6da53c5 
Number of updated asset objects reloaded before import = 0
Number of asset objects unloaded after import = 1
========================================================================
Received Import Request.
  Time of request: 2026-10-07T19:21:28.4827579Z
  Time since last request: 0.0008452 seconds.
  importAddress: GUID: 7e609b27ad2caa14c83dd9951b6c13c6 - Path: Packages/com.unity.test-framework/UnityEditor.TestRunner/GUI - Importer: ScriptedImporter/UnityEditor.QuickSearchModule:UnityEditor.Search:ASIAI0B
Importing 'GUID: 7e609b27ad2caa14c83dd9951b6c13c6 - Path: Packages/com.unity.test-framework/UnityEditor.TestRunner/GUI - Importer: ScriptedImporter/UnityEditor.QuickSearchModule:UnityEditor.Search:ASIAI0B' with importer (ScriptedImporter : UnityEditor.QuickSearchModule:UnityEditor.Search:ASIAI0B)
Imported 'GUID: 7e609b27ad2caa14c83dd9951b6c13c6' -> (Import Result ID: 'd870aff68b83cbb1f2d0dc5fe08aa228') in 0.019 seconds [static and dynamic dependencies]. Details - ImportResultOutputID=ef33cd91f78757009f7c1373f08f7d6b DependenciesID=558b8d7543674871ace33d3b07004fbd StaticDependenciesID=41bb9766fbac7d427151720ca3399401 
Number of updated asset objects reloaded before import = 0
Number of asset objects unloaded after import = 1
========================================================================
Received Import Request.
  Time of request: 2026-10-07T19:21:28.5081611Z
  Time since last request: 0.0056845 seconds.
  importAddress: GUID: 515638b803bef8599dbd6d5c8bdaa53e - Path: Packages/com.unity.modules.xr - Importer: ScriptedImporter/UnityEditor.QuickSearchModule:UnityEditor.Search:ASIAI0B
Importing 'GUID: 515638b803bef8599dbd6d5c8bdaa53e - Path: Packages/com.unity.modules.xr - Importer: ScriptedImporter/UnityEditor.QuickSearchModule:UnityEditor.Search:ASIAI0B' with importer (ScriptedImporter : UnityEditor.QuickSearchModule:UnityEditor.Search:ASIAI0B)
Imported 'GUID: 515638b803bef8599dbd6d5c8bdaa53e' -> (Import Result ID: '97bdbc3fe0eb53cfed464b4fdbe76571') in 0.011 seconds [static and dynamic dependencies]. Details - ImportResultOutputID=f2f1603a13749cdf6449e692c7738f29 DependenciesID=a75857ca9d95ede3223e4feeaf90881a StaticDependenciesID=b04583863a72a20f8e8b727af97e2999 
Number of updated asset objects reloaded before import = 0
Number of asset objects unloaded after import = 1
========================================================================
Received Import Request.
  Time of request: 2026-10-07T19:21:28.5355888Z
  Time since last request: 0.0160552 seconds.
  importAddress: GUID: b477d1f29b65a674e9d5cdab4eb72b01 - Path: Packages/com.unity.test-framework/UnityEditor.TestRunner/CommandLineTest - Importer: ScriptedImporter/UnityEditor.QuickSearchModule:UnityEditor.Search:ASIAI0B
Importing 'GUID: b477d1f29b65a674e9d5cdab4eb72b01 - Path: Packages/com.unity.test-framework/UnityEditor.TestRunner/CommandLineTest - Importer: ScriptedImporter/UnityEditor.QuickSearchModule:UnityEditor.Search:ASIAI0B' with importer (ScriptedImporter : UnityEditor.QuickSearchModule:UnityEditor.Search:ASIAI0B)
Imported 'GUID: b477d1f29b65a674e9d5cdab4eb72b01' -> (Import Result ID: '37324b2dbafadf9d02d291fec3e28de0') in 0.004 seconds [static and dynamic dependencies]. Details - ImportResultOutputID=786ba1639bf8a6a00efed937af86a232 DependenciesID=db71f740c8a7482ce40747bfa7aa6439 StaticDependenciesID=858ffd67ab6c9ec70ac2563fc560a35f 
Number of updated asset objects reloaded before import = 0
Number of asset objects unloaded after import = 1
========================================================================
Received Import Request.
  Time of request: 2026-10-07T19:21:28.5400914Z
  Time since last request: 0.0004985 seconds.
  importAddress: GUID: ede0462698a4a5643aa9872c074acd38 - Path: Packages/com.unity.modules.video - Importer: ScriptedImporter/UnityEditor.QuickSearchModule:UnityEditor.Search:ASIAI0B
Importing 'GUID: ede0462698a4a5643aa9872c074acd38 - Path: Packages/com.unity.modules.video - Importer: ScriptedImporter/UnityEditor.QuickSearchModule:UnityEditor.Search:ASIAI0B' with importer (ScriptedImporter : UnityEditor.QuickSearchModule:UnityEditor.Search:ASIAI0B)
Imported 'GUID: ede0462698a4a5643aa9872c074acd38' -> (Import Result ID: '343dadee7549e069bb106f2feb24f92a') in 0.007 seconds [static and dynamic dependencies]. Details - ImportResultOutputID=3846a74126a0a1b54e94aaa873f08970 DependenciesID=ad0098b4b7d720ef3d1dab98574d13de StaticDependenciesID=916ec3037a7565b259b4eb53caf81761 
Number of updated asset objects reloaded before import = 0
Number of asset objects unloaded after import = 1
========================================================================
Received Import Request.
  Time of request: 2026-10-07T19:21:28.5478764Z
  Time since last request: 0.0005888 seconds.
  importAddress: GUID: 5d7f0d6acfced954682a89e7002c04d9 - Path: Packages/com.unity.test-framework/UnityEditor.TestRunner/TestRunner/Callbacks - Importer: ScriptedImporter/UnityEditor.QuickSearchModule:UnityEditor.Search:ASIAI0B
Importing 'GUID: 5d7f0d6acfced954682a89e7002c04d9 - Path: Packages/com.unity.test-framework/UnityEditor.TestRunner/TestRunner/Callbacks - Importer: ScriptedImporter/UnityEditor.QuickSearchModule:UnityEditor.Search:ASIAI0B' with importer (ScriptedImporter : UnityEditor.QuickSearchModule:UnityEditor.Search:ASIAI0B)
Imported 'GUID: 5d7f0d6acfced954682a89e7002c04d9' -> (Import Result ID: '5fcdf1c9ac96df6c37d99953c7244ee1') in 0.010 seconds [static and dynamic dependencies]. Details - ImportResultOutputID=bf9479538f90587462540465ea124561 DependenciesID=b658988888ff427632efe8e05b62c4cc StaticDependenciesID=dad3fd07f7d0c6bb7fe2468847dcaac8 
Number of updated asset objects reloaded before import = 0
Number of asset objects unloaded after import = 1
========================================================================
Received Import Request.
  Time of request: 2026-10-07T19:21:28.5620358Z
  Time since last request: 0.0020541 seconds.
  importAddress: GUID: b77b1ad9c05af0412725856c6c53b037 - Path: Packages/com.unity.modules.wind - Importer: ScriptedImporter/UnityEditor.QuickSearchModule:UnityEditor.Search:ASIAI0B
Importing 'GUID: b77b1ad9c05af0412725856c6c53b037 - Path: Packages/com.unity.modules.wind - Importer: ScriptedImporter/UnityEditor.QuickSearchModule:UnityEditor.Search:ASIAI0B' with importer (ScriptedImporter : UnityEditor.QuickSearchModule:UnityEditor.Search:ASIAI0B)
Imported 'GUID: b77b1ad9c05af0412725856c6c53b037' -> (Import Result ID: 'b031507430972a4c0b0f8b95a34cefa8') in 0.010 seconds [static and dynamic dependencies]. Details - ImportResultOutputID=441fb9cac445a514b84a82cbeb1af7f4 DependenciesID=08c4398b8dcdedd52826397675b42a59 StaticDependenciesID=8d0847d645dad381c08248af46c669f9 
Number of updated asset objects reloaded before import = 0
Number of asset objects unloaded after import = 1
========================================================================
Received Import Request.
  Time of request: 2026-10-07T19:21:28.5746101Z
  Time since last request: 0.0009866 seconds.
  importAddress: GUID: 7078f19173ceac84fb9e29b9f6175201 - Path: Packages/com.unity.ide.rider/Rider/Editor/ProjectGeneration/ProjectGeneration.cs - Importer: ScriptedImporter/UnityEditor.QuickSearchModule:UnityEditor.Search:ASIAI0B
Importing 'GUID: 7078f19173ceac84fb9e29b9f6175201 - Path: Packages/com.unity.ide.rider/Rider/Editor/ProjectGeneration/ProjectGeneration.cs - Importer: ScriptedImporter/UnityEditor.QuickSearchModule:UnityEditor.Search:ASIAI0B' with importer (ScriptedImporter : UnityEditor.QuickSearchModule:UnityEditor.Search:ASIAI0B)
Imported 'GUID: 7078f19173ceac84fb9e29b9f6175201' -> (Import Result ID: 'b87768c68aa0b63fa38cd6fa84a7789a') in 0.013 seconds [static and dynamic dependencies]. Details - ImportResultOutputID=4bec8e668419026c23a8d9e773dc5325 DependenciesID=ff41bf1f2a118094749ec4cf291c16f9 StaticDependenciesID=10c3183379149da965ff9e7a05e1a574 
Number of updated asset objects reloaded before import = 0
Number of asset objects unloaded after import = 0
========================================================================
Received Import Request.
  Time of request: 2026-10-07T19:21:28.5888877Z
  Time since last request: 0.0006574 seconds.
  importAddress: GUID: fd871a8be47119612f7c254e96a822b7 - Path: Packages/com.unity.modules.ai - Importer: ScriptedImporter/UnityEditor.QuickSearchModule:UnityEditor.Search:ASIAI0B
Importing 'GUID: fd871a8be47119612f7c254e96a822b7 - Path: Packages/com.unity.modules.ai - Importer: ScriptedImporter/UnityEditor.QuickSearchModule:UnityEditor.Search:ASIAI0B' with importer (ScriptedImporter : UnityEditor.QuickSearchModule:UnityEditor.Search:ASIAI0B)
Imported 'GUID: fd871a8be47119612f7c254e96a822b7' -> (Import Result ID: '3d97c4d7f81093e346173617a15d8435') in 0.005 seconds [static and dynamic dependencies]. Details - ImportResultOutputID=2e2357fdfb9a38027b6c409a13e6429f DependenciesID=57a6f47ceb4043aac432f40e64ff256c StaticDependenciesID=7e7b171658dd53e15af2da403ff92779 
Number of updated asset objects reloaded before import = 0
Number of asset objects unloaded after import = 1
========================================================================
Received Import Request.
  Time of request: 2026-10-07T19:21:28.5948034Z
  Time since last request: 0.0004423 seconds.
  importAddress: GUID: 783ee1c8fd4414848db1be97aacf44fb - Path: Packages/com.unity.modules.accessibility - Importer: ScriptedImporter/UnityEditor.QuickSearchModule:UnityEditor.Search:ASIAI0B
Importing 'GUID: 783ee1c8fd4414848db1be97aacf44fb - Path: Packages/com.unity.modules.accessibility - Importer: ScriptedImporter/UnityEditor.QuickSearchModule:UnityEditor.Search:ASIAI0B' with importer (ScriptedImporter : UnityEditor.QuickSearchModule:UnityEditor.Search:ASIAI0B)
Imported 'GUID: 783ee1c8fd4414848db1be97aacf44fb' -> (Import Result ID: '494e34989428cec010591358e0e8afea') in 0.005 seconds [static and dynamic dependencies]. Details - ImportResultOutputID=0eb6132eca223f52d757d6c6f7829898 DependenciesID=0c412e8f818d65787cd53300fe40050e StaticDependenciesID=50efaf3916e07641975fd4e0166bd95b 
Number of updated asset objects reloaded before import = 0
Number of asset objects unloaded after import = 1
========================================================================
Received Import Request.
  Time of request: 2026-10-07T19:21:28.6005397Z
  Time since last request: 0.0006971 seconds.
  importAddress: GUID: e5c46c19ce0ce2e0103aa6f82df1043a - Path: Packages/com.unity.modules.vehicles/package.ModuleCompilationTrigger - Importer: ScriptedImporter/UnityEditor.QuickSearchModule:UnityEditor.Search:ASIAI0B
Importing 'GUID: e5c46c19ce0ce2e0103aa6f82df1043a - Path: Packages/com.unity.modules.vehicles/package.ModuleCompilationTrigger - Importer: ScriptedImporter/UnityEditor.QuickSearchModule:UnityEditor.Search:ASIAI0B' with importer (ScriptedImporter : UnityEditor.QuickSearchModule:UnityEditor.Search:ASIAI0B)
Imported 'GUID: e5c46c19ce0ce2e0103aa6f82df1043a' -> (Import Result ID: '89132b3626240b65ee050ab42fb81b6e') in 0.014 seconds [static and dynamic dependencies]. Details - ImportResultOutputID=781394b6dbbc1afe1b06cfb1b0bd9e93 DependenciesID=b9f58a781fcc630e13aca1b7758db0e7 StaticDependenciesID=6ab06de0405df893163b49d283a8f308 
Number of updated asset objects reloaded before import = 0
Number of asset objects unloaded after import = 1
========================================================================
Received Import Request.
  Time of request: 2026-10-07T19:21:28.6152482Z
  Time since last request: 0.0003709 seconds.
  importAddress: GUID: 995c08a3305ff9f0dab5e86f340bd9a7 - Path: Packages/com.unity.modules.androidjni - Importer: ScriptedImporter/UnityEditor.QuickSearchModule:UnityEditor.Search:ASIAI0B
Importing 'GUID: 995c08a3305ff9f0dab5e86f340bd9a7 - Path: Packages/com.unity.modules.androidjni - Importer: ScriptedImporter/UnityEditor.QuickSearchModule:UnityEditor.Search:ASIAI0B' with importer (ScriptedImporter : UnityEditor.QuickSearchModule:UnityEditor.Search:ASIAI0B)
Imported 'GUID: 995c08a3305ff9f0dab5e86f340bd9a7' -> (Import Result ID: '1b5a9f94dba05fbb73a39bbc8fad6ce6') in 0.005 seconds [static and dynamic dependencies]. Details - ImportResultOutputID=77e99a97e85fddd62eb1b3c332a2d2b4 DependenciesID=4f0711174b7b0608f9b784ecbd50d64b StaticDependenciesID=ade8cbbe4f0049c3abb231f8cb6acecc 
Number of updated asset objects reloaded before import = 0
Number of asset objects unloaded after import = 1
========================================================================
Received Import Request.
  Time of request: 2026-10-07T19:21:28.6209769Z
  Time since last request: 0.0005908 seconds.
  importAddress: GUID: 80beef77cb19e713c7c2d481b65ed485 - Path: Packages/com.unity.modules.screencapture/package.json - Importer: ScriptedImporter/UnityEditor.QuickSearchModule:UnityEditor.Search:ASIAI0B
Importing 'GUID: 80beef77cb19e713c7c2d481b65ed485 - Path: Packages/com.unity.modules.screencapture/package.json - Importer: ScriptedImporter/UnityEditor.QuickSearchModule:UnityEditor.Search:ASIAI0B' with importer (ScriptedImporter : UnityEditor.QuickSearchModule:UnityEditor.Search:ASIAI0B)
Imported 'GUID: 80beef77cb19e713c7c2d481b65ed485' -> (Import Result ID: 'b4f4c73a469ada71e7585d7fcef2f095') in 0.008 seconds [static and dynamic dependencies]. Details - ImportResultOutputID=467d00e247b38adb3d2bcceb9b6b7e75 DependenciesID=cf962abb814a32b9d58f050d1bf7ffa1 StaticDependenciesID=74e4656405ee2039f73710b3b78f6a8b 
Number of updated asset objects reloaded before import = 0
Number of asset objects unloaded after import = 1
========================================================================
Received Import Request.
  Time of request: 2026-10-07T19:21:28.6302004Z
  Time since last request: 0.0005383 seconds.
  importAddress: GUID: 56b94a5b6990c879bb0f057719d1064b - Path: Packages/com.unity.modules.subsystems - Importer: ScriptedImporter/UnityEditor.QuickSearchModule:UnityEditor.Search:ASIAI0B
Importing 'GUID: 56b94a5b6990c879bb0f057719d1064b - Path: Packages/com.unity.modules.subsystems - Importer: ScriptedImporter/UnityEditor.QuickSearchModule:UnityEditor.Search:ASIAI0B' with importer (ScriptedImporter : UnityEditor.QuickSearchModule:UnityEditor.Search:ASIAI0B)
Imported 'GUID: 56b94a5b6990c879bb0f057719d1064b' -> (Import Result ID: 'ccd7dd36d2fc76b1ee95279656b280e3') in 0.004 seconds [static and dynamic dependencies]. Details - ImportResultOutputID=eb5b2253ea1346142b7f0bc9ae393018 DependenciesID=a835ba8a87899f00d446397bdb808baf StaticDependenciesID=0e55915c0cd4272dbd27f66fb2012cc5 
Number of updated asset objects reloaded before import = 0
Number of asset objects unloaded after import = 1
========================================================================
Received Import Request.
  Time of request: 2026-10-07T19:21:28.6346331Z
  Time since last request: 0.0005396 seconds.
  importAddress: GUID: 6dba53789da15814387fa5b1445e81e0 - Path: Packages/com.unity.test-framework/UnityEditor.TestRunner/TestRun/Tasks - Importer: ScriptedImporter/UnityEditor.QuickSearchModule:UnityEditor.Search:ASIAI0B
Importing 'GUID: 6dba53789da15814387fa5b1445e81e0 - Path: Packages/com.unity.test-framework/UnityEditor.TestRunner/TestRun/Tasks - Importer: ScriptedImporter/UnityEditor.QuickSearchModule:UnityEditor.Search:ASIAI0B' with importer (ScriptedImporter : UnityEditor.QuickSearchModule:UnityEditor.Search:ASIAI0B)
Imported 'GUID: 6dba53789da15814387fa5b1445e81e0' -> (Import Result ID: 'a14aefe9c3c1e4537cd94062e1c8cfea') in 0.006 seconds [static and dynamic dependencies]. Details - ImportResultOutputID=39ee0f827f5a87e400ef49385ab7f0df DependenciesID=cecacdaa0989fbfeda4a3b213fab8deb StaticDependenciesID=fd875e47ad44a1240d4e6d6e14245e40 
Number of updated asset objects reloaded before import = 0
Number of asset objects unloaded after import = 1
========================================================================
Received Import Request.
  Time of request: 2026-10-07T19:21:28.6435663Z
  Time since last request: 0.001286 seconds.
  importAddress: GUID: 0fd4e399f8f08ad7d825c8afb134f255 - Path: Packages/com.unity.ide.visualstudio - Importer: ScriptedImporter/UnityEditor.QuickSearchModule:UnityEditor.Search:ASIAI0B
Importing 'GUID: 0fd4e399f8f08ad7d825c8afb134f255 - Path: Packages/com.unity.ide.visualstudio - Importer: ScriptedImporter/UnityEditor.QuickSearchModule:UnityEditor.Search:ASIAI0B' with importer (ScriptedImporter : UnityEditor.QuickSearchModule:UnityEditor.Search:ASIAI0B)
Imported 'GUID: 0fd4e399f8f08ad7d825c8afb134f255' -> (Import Result ID: '5f105424c763e149a21b2e6dccf6343e') in 0.005 seconds [static and dynamic dependencies]. Details - ImportResultOutputID=5252261e85bcc6dce2df0ce06194be7b DependenciesID=aef4d38f0c4054d75375b34c39681cfe StaticDependenciesID=83765908e9b5332e0a1de11c8a77d109 
Number of updated asset objects reloaded before import = 0
Number of asset objects unloaded after import = 1
========================================================================
Received Import Request.
  Time of request: 2026-10-07T19:21:28.6515821Z
  Time since last request: 0.0008524 seconds.
  importAddress: GUID: 37888acc09d9ee848bf9559f06645c45 - Path: Packages/com.unity.test-framework/UnityEngine.TestRunner/NUnitExtensions/Runner - Importer: ScriptedImporter/UnityEditor.QuickSearchModule:UnityEditor.Search:ASIAI0B
Importing 'GUID: 37888acc09d9ee848bf9559f06645c45 - Path: Packages/com.unity.test-framework/UnityEngine.TestRunner/NUnitExtensions/Runner - Importer: ScriptedImporter/UnityEditor.QuickSearchModule:UnityEditor.Search:ASIAI0B' with importer (ScriptedImporter : UnityEditor.QuickSearchModule:UnityEditor.Search:ASIAI0B)
Imported 'GUID: 37888acc09d9ee848bf9559f06645c45' -> (Import Result ID: '03fb361e191ac93793ff5a1145e1ef9d') in 0.006 seconds [static and dynamic dependencies]. Details - ImportResultOutputID=48f45d6dced23ba3ddf49f50e40f7fd7 DependenciesID=4e4836307ef0faf735138f243df92aff StaticDependenciesID=4e8b72a34e2cf9ffc517ef6991edf9c4 
Number of updated asset objects reloaded before import = 0
Number of asset objects unloaded after import = 1
========================================================================
Received Import Request.
  Time of request: 2026-10-07T19:21:28.6602073Z
  Time since last request: 0.0026783 seconds.
  importAddress: GUID: 48b10b41f58d5b49717f376cda59eeb8 - Path: Packages/com.unity.modules.particlesystem - Importer: ScriptedImporter/UnityEditor.QuickSearchModule:UnityEditor.Search:ASIAI0B
Importing 'GUID: 48b10b41f58d5b49717f376cda59eeb8 - Path: Packages/com.unity.modules.particlesystem - Importer: ScriptedImporter/UnityEditor.QuickSearchModule:UnityEditor.Search:ASIAI0B' with importer (ScriptedImporter : UnityEditor.QuickSearchModule:UnityEditor.Search:ASIAI0B)
Imported 'GUID: 48b10b41f58d5b49717f376cda59eeb8' -> (Import Result ID: '57734371debd1f7da77192c96e0c6eef') in 0.006 seconds [static and dynamic dependencies]. Details - ImportResultOutputID=a7a99b650ea9431d4f03cc938c5359a4 DependenciesID=9a7511088167abe3351ae229774cbc59 StaticDependenciesID=fda1b8b4792d342f061989f15b056c37 
Number of updated asset objects reloaded before import = 0
Number of asset objects unloaded after import = 1
========================================================================
Received Import Request.
  Time of request: 2026-10-07T19:21:28.6681178Z
  Time since last request: 0.0004314 seconds.
  importAddress: GUID: 7ef8348b8ea834d7e1bc214b07f7fb87 - Path: Packages/com.unity.modules.animation/package.json - Importer: ScriptedImporter/UnityEditor.QuickSearchModule:UnityEditor.Search:ASIAI0B
Importing 'GUID: 7ef8348b8ea834d7e1bc214b07f7fb87 - Path: Packages/com.unity.modules.animation/package.json - Importer: ScriptedImporter/UnityEditor.QuickSearchModule:UnityEditor.Search:ASIAI0B' with importer (ScriptedImporter : UnityEditor.QuickSearchModule:UnityEditor.Search:ASIAI0B)
Imported 'GUID: 7ef8348b8ea834d7e1bc214b07f7fb87' -> (Import Result ID: '653781c568f372f85c99a6b4623f6bec') in 0.004 seconds [static and dynamic dependencies]. Details - ImportResultOutputID=d3492f6fa3ef8d1150f64c90659e428e DependenciesID=ddc0caf884b138f027cd4f434cc090e8 StaticDependenciesID=419088c16811c1ac90d735a0a7378719 
Number of updated asset objects reloaded before import = 0
Number of asset objects unloaded after import = 1
========================================================================
Received Import Request.
  Time of request: 2026-10-07T19:21:28.6722876Z
  Time since last request: 0.000375 seconds.
  importAddress: GUID: 950890083f4907541a6ed06d70959e49 - Path: Packages/com.unity.test-framework/UnityEngine.TestRunner - Importer: ScriptedImporter/UnityEditor.QuickSearchModule:UnityEditor.Search:ASIAI0B
Importing 'GUID: 950890083f4907541a6ed06d70959e49 - Path: Packages/com.unity.test-framework/UnityEngine.TestRunner - Importer: ScriptedImporter/UnityEditor.QuickSearchModule:UnityEditor.Search:ASIAI0B' with importer (ScriptedImporter : UnityEditor.QuickSearchModule:UnityEditor.Search:ASIAI0B)
Imported 'GUID: 950890083f4907541a6ed06d70959e49' -> (Import Result ID: '16933e633fe9235623bd479519cc824c') in 0.006 seconds [static and dynamic dependencies]. Details - ImportResultOutputID=997f2e66387679ad32f750c124bbbb15 DependenciesID=56b421e72ff2bdaf1eb293f9acfe206f StaticDependenciesID=efc7e876f385c40ca72013c5bfbc5093 
Number of updated asset objects reloaded before import = 0
Number of asset objects unloaded after import = 1
========================================================================
Received Import Request.
  Time of request: 2026-10-07T19:21:28.6788298Z
  Time since last request: 0.0006539 seconds.
  importAddress: GUID: 4926c06156894939ba0a2680f1b0aa7a - Path: Packages/com.unity.test-framework/UnityEditor.TestRunner/TestRun/Data - Importer: ScriptedImporter/UnityEditor.QuickSearchModule:UnityEditor.Search:ASIAI0B
Importing 'GUID: 4926c06156894939ba0a2680f1b0aa7a - Path: Packages/com.unity.test-framework/UnityEditor.TestRunner/TestRun/Data - Importer: ScriptedImporter/UnityEditor.QuickSearchModule:UnityEditor.Search:ASIAI0B' with importer (ScriptedImporter : UnityEditor.QuickSearchModule:UnityEditor.Search:ASIAI0B)
Imported 'GUID: 4926c06156894939ba0a2680f1b0aa7a' -> (Import Result ID: '999081753ad3d064a89a3875638be352') in 0.003 seconds [static and dynamic dependencies]. Details - ImportResultOutputID=f37bab334ef272b409b188d36a30cebd DependenciesID=563dc0565f1141ccf88b4fa89b0760a4 StaticDependenciesID=6203b5012372e0f57151777d342b05da 
Number of updated asset objects reloaded before import = 0
Number of asset objects unloaded after import = 1
========================================================================
Received Import Request.
  Time of request: 2026-10-07T19:21:28.6826246Z
  Time since last request: 0.0006504 seconds.
  importAddress: GUID: 9ea154c33fd8466f973f004e5c962df7 - Path: Packages/com.unity.test-framework/UnityEditor.TestRunner/UnityTestProtocol/Messages - Importer: ScriptedImporter/UnityEditor.QuickSearchModule:UnityEditor.Search:ASIAI0B
Importing 'GUID: 9ea154c33fd8466f973f004e5c962df7 - Path: Packages/com.unity.test-framework/UnityEditor.TestRunner/UnityTestProtocol/Messages - Importer: ScriptedImporter/UnityEditor.QuickSearchModule:UnityEditor.Search:ASIAI0B' with importer (ScriptedImporter : UnityEditor.QuickSearchModule:UnityEditor.Search:ASIAI0B)
Imported 'GUID: 9ea154c33fd8466f973f004e5c962df7' -> (Import Result ID: '284c3cb9e926b7bd8391bdff993afbae') in 0.004 seconds [static and dynamic dependencies]. Details - ImportResultOutputID=a4e968c9d1d3b941b3f071c168e5885a DependenciesID=c35233ad48ed669a84f5aa366dee499a StaticDependenciesID=bf9930bb60e3148107f4102dcd39cf1c 
Number of updated asset objects reloaded before import = 0
Number of asset objects unloaded after import = 1
========================================================================
Received Import Request.
  Time of request: 2026-10-07T19:21:28.6873435Z
  Time since last request: 0.0003981 seconds.
  importAddress: GUID: 692476ac695e7b74a8d9eabd48862009 - Path: Packages/com.unity.test-framework/UnityEditor.TestRunner/TestRun/Tasks/Scene - Importer: ScriptedImporter/UnityEditor.QuickSearchModule:UnityEditor.Search:ASIAI0B
Importing 'GUID: 692476ac695e7b74a8d9eabd48862009 - Path: Packages/com.unity.test-framework/UnityEditor.TestRunner/TestRun/Tasks/Scene - Importer: ScriptedImporter/UnityEditor.QuickSearchModule:UnityEditor.Search:ASIAI0B' with importer (ScriptedImporter : UnityEditor.QuickSearchModule:UnityEditor.Search:ASIAI0B)
Imported 'GUID: 692476ac695e7b74a8d9eabd48862009' -> (Import Result ID: '6ef659c54a8231f11cad979ad62490ea') in 0.004 seconds [static and dynamic dependencies]. Details - ImportResultOutputID=1aa73fd9f48f2579fc6612bd023231ad DependenciesID=a799c50023fa3f026a7aab2c023fa60a StaticDependenciesID=d11a2c510c51ac41e8484ffe369a5088 
Number of updated asset objects reloaded before import = 0
Number of asset objects unloaded after import = 1
========================================================================
Received Import Request.
  Time of request: 2026-10-07T19:21:28.6930591Z
  Time since last request: 0.0010579 seconds.
  importAddress: GUID: b219c86ce508e478367c0a46e1aa9fe4 - Path: Packages/com.unity.modules.assetbundle - Importer: ScriptedImporter/UnityEditor.QuickSearchModule:UnityEditor.Search:ASIAI0B
Importing 'GUID: b219c86ce508e478367c0a46e1aa9fe4 - Path: Packages/com.unity.modules.assetbundle - Importer: ScriptedImporter/UnityEditor.QuickSearchModule:UnityEditor.Search:ASIAI0B' with importer (ScriptedImporter : UnityEditor.QuickSearchModule:UnityEditor.Search:ASIAI0B)
Imported 'GUID: b219c86ce508e478367c0a46e1aa9fe4' -> (Import Result ID: 'f8721d781a1f8b406a51692f53893b36') in 0.003 seconds [static and dynamic dependencies]. Details - ImportResultOutputID=98fa6fb83643a6d0664754d47618b267 DependenciesID=60ca8a497d764cf3d3750d4137eae3ce StaticDependenciesID=66acdaed7debe160311bf1f8aa4b07ad 
Number of updated asset objects reloaded before import = 0
Number of asset objects unloaded after import = 1
========================================================================
Received Import Request.
  Time of request: 2026-10-07T19:21:28.6969703Z
  Time since last request: 0.0006881 seconds.
  importAddress: GUID: bc3a27147f944790916176e2172ad506 - Path: Packages/com.unity.ide.rider/Rider/Editor/RiderScriptEditorDataPersisted.cs - Importer: ScriptedImporter/UnityEditor.QuickSearchModule:UnityEditor.Search:ASIAI0B
Importing 'GUID: bc3a27147f944790916176e2172ad506 - Path: Packages/com.unity.ide.rider/Rider/Editor/RiderScriptEditorDataPersisted.cs - Importer: ScriptedImporter/UnityEditor.QuickSearchModule:UnityEditor.Search:ASIAI0B' with importer (ScriptedImporter : UnityEditor.QuickSearchModule:UnityEditor.Search:ASIAI0B)
Imported 'GUID: bc3a27147f944790916176e2172ad506' -> (Import Result ID: '26aaf8f6ebdfad396772695819161dc9') in 0.004 seconds [static and dynamic dependencies]. Details - ImportResultOutputID=a6db3cbcd20ad68bdbb5aad314a4b826 DependenciesID=28dbe9228b0f7a2c3f2fedf001ed516e StaticDependenciesID=2e39a174bfe57898efdb8e2d20b1110d 
Number of updated asset objects reloaded before import = 0
Number of asset objects unloaded after import = 0
========================================================================
Received Import Request.
  Time of request: 2026-10-07T19:21:28.7018567Z
  Time since last request: 0.0005481 seconds.
  importAddress: GUID: d6db7caf2e852b75ebb9c6098418179c - Path: Packages/com.unity.modules.physics - Importer: ScriptedImporter/UnityEditor.QuickSearchModule:UnityEditor.Search:ASIAI0B
Importing 'GUID: d6db7caf2e852b75ebb9c6098418179c - Path: Packages/com.unity.modules.physics - Importer: ScriptedImporter/UnityEditor.QuickSearchModule:UnityEditor.Search:ASIAI0B' with importer (ScriptedImporter : UnityEditor.QuickSearchModule:UnityEditor.Search:ASIAI0B)
Imported 'GUID: d6db7caf2e852b75ebb9c6098418179c' -> (Import Result ID: '6d6d95f01881a2a924224788d304e529') in 0.005 seconds [static and dynamic dependencies]. Details - ImportResultOutputID=3d08272f656556c4d0292f503e64410f DependenciesID=0e3aa44827757d35e9019d3f0cfab62b StaticDependenciesID=08a152966bb30c41862d3e83215b37c7 
Number of updated asset objects reloaded before import = 0
Number of asset objects unloaded after import = 1
========================================================================
Received Import Request.
  Time of request: 2026-10-07T19:21:28.7075155Z
  Time since last request: 0.0005774 seconds.
  importAddress: GUID: 1ad55f5ad04d1d045a1f287409c650dd - Path: Packages/com.unity.test-framework/UnityEngine.TestRunner/Assertions - Importer: ScriptedImporter/UnityEditor.QuickSearchModule:UnityEditor.Search:ASIAI0B
Importing 'GUID: 1ad55f5ad04d1d045a1f287409c650dd - Path: Packages/com.unity.test-framework/UnityEngine.TestRunner/Assertions - Importer: ScriptedImporter/UnityEditor.QuickSearchModule:UnityEditor.Search:ASIAI0B' with importer (ScriptedImporter : UnityEditor.QuickSearchModule:UnityEditor.Search:ASIAI0B)
Imported 'GUID: 1ad55f5ad04d1d045a1f287409c650dd' -> (Import Result ID: '27a44894d5d95351464b1d65c218c71a') in 0.005 seconds [static and dynamic dependencies]. Details - ImportResultOutputID=bf0b1754cf5c26dc6cae3b6421f02f7e DependenciesID=7ad68be626abf2f9ea8bc3e2587fe619 StaticDependenciesID=f38d904b50969bff15c01806ef0b5e6d 
Number of updated asset objects reloaded before import = 0
Number of asset objects unloaded after import = 1
========================================================================
Received Import Request.
  Time of request: 2026-10-07T19:21:28.7133103Z
  Time since last request: 0.0007058 seconds.
  importAddress: GUID: 91c20d2c22b8b3a4cb6c816bd225591a - Path: Packages/com.unity.test-framework/UnityEngine.TestRunner/TestRunner/RemoteHelpers - Importer: ScriptedImporter/UnityEditor.QuickSearchModule:UnityEditor.Search:ASIAI0B
Importing 'GUID: 91c20d2c22b8b3a4cb6c816bd225591a - Path: Packages/com.unity.test-framework/UnityEngine.TestRunner/TestRunner/RemoteHelpers - Importer: ScriptedImporter/UnityEditor.QuickSearchModule:UnityEditor.Search:ASIAI0B' with importer (ScriptedImporter : UnityEditor.QuickSearchModule:UnityEditor.Search:ASIAI0B)
Imported 'GUID: 91c20d2c22b8b3a4cb6c816bd225591a' -> (Import Result ID: 'b58380a45504c89d063d816bc0cf30e1') in 0.005 seconds [static and dynamic dependencies]. Details - ImportResultOutputID=32d9e26067a922bbe929a69d57f9cbc0 DependenciesID=4e7ffa3d735b433a6af53efdddaca324 StaticDependenciesID=461bdbc44b55839370f5ec3c0ef0f350 
Number of updated asset objects reloaded before import = 0
Number of asset objects unloaded after import = 1
========================================================================
Received Import Request.
  Time of request: 2026-10-07T19:21:28.7188578Z
  Time since last request: 0.0006585 seconds.
  importAddress: GUID: cb67edc1800c2ec4ba8dfb1cf0dfc84a - Path: Packages/com.unity.ide.visualstudio/Editor/COMIntegration/Release/COMIntegration.exe - Importer: ScriptedImporter/UnityEditor.QuickSearchModule:UnityEditor.Search:ASIAI0B
Importing 'GUID: cb67edc1800c2ec4ba8dfb1cf0dfc84a - Path: Packages/com.unity.ide.visualstudio/Editor/COMIntegration/Release/COMIntegration.exe - Importer: ScriptedImporter/UnityEditor.QuickSearchModule:UnityEditor.Search:ASIAI0B' with importer (ScriptedImporter : UnityEditor.QuickSearchModule:UnityEditor.Search:ASIAI0B)
Imported 'GUID: cb67edc1800c2ec4ba8dfb1cf0dfc84a' -> (Import Result ID: 'fba0fa51c2d595cf0959bb1704b56f6e') in 0.003 seconds [static and dynamic dependencies]. Details - ImportResultOutputID=265d061892a81fa9101163b212d168f9 DependenciesID=23c1ff2d3190b6c9af6cde0ba14b7ab5 StaticDependenciesID=bcddb17558955e618cfd80d7d8d631c1 
Number of updated asset objects reloaded before import = 0
Number of asset objects unloaded after import = 1
========================================================================
Received Import Request.
  Time of request: 2026-10-07T19:21:28.722738Z
  Time since last request: 0.0004294 seconds.
  importAddress: GUID: 3eda7a83649158546826efb3ffe6c1e3 - Path: Packages/com.unity.ide.visualstudio/Editor/Messaging/Deserializer.cs - Importer: ScriptedImporter/UnityEditor.QuickSearchModule:UnityEditor.Search:ASIAI0B
Importing 'GUID: 3eda7a83649158546826efb3ffe6c1e3 - Path: Packages/com.unity.ide.visualstudio/Editor/Messaging/Deserializer.cs - Importer: ScriptedImporter/UnityEditor.QuickSearchModule:UnityEditor.Search:ASIAI0B' with importer (ScriptedImporter : UnityEditor.QuickSearchModule:UnityEditor.Search:ASIAI0B)
Imported 'GUID: 3eda7a83649158546826efb3ffe6c1e3' -> (Import Result ID: 'd9dcbbd00f108ee85eb316a4012fa9f6') in 0.005 seconds [static and dynamic dependencies]. Details - ImportResultOutputID=cb32d12570efcbe15c8ff9989c281f55 DependenciesID=872c9c2098b5e18bbba74eb07433b0ea StaticDependenciesID=e26a5cd167bfd4823faec1c564b6f797 
Number of updated asset objects reloaded before import = 0
Number of asset objects unloaded after import = 0
========================================================================
Received Import Request.
  Time of request: 2026-10-07T19:21:28.7286098Z
  Time since last request: 0.0006785 seconds.
  importAddress: GUID: f47f2d030bc1d415a8d15a51dbcc39a2 - Path: Packages/com.unity.ide.visualstudio/Editor/Testing/TestResultAdaptor.cs - Importer: ScriptedImporter/UnityEditor.QuickSearchModule:UnityEditor.Search:ASIAI0B
Importing 'GUID: f47f2d030bc1d415a8d15a51dbcc39a2 - Path: Packages/com.unity.ide.visualstudio/Editor/Testing/TestResultAdaptor.cs - Importer: ScriptedImporter/UnityEditor.QuickSearchModule:UnityEditor.Search:ASIAI0B' with importer (ScriptedImporter : UnityEditor.QuickSearchModule:UnityEditor.Search:ASIAI0B)
Imported 'GUID: f47f2d030bc1d415a8d15a51dbcc39a2' -> (Import Result ID: '37ae8ce614e2093dd9f11126ca466825') in 0.007 seconds [static and dynamic dependencies]. Details - ImportResultOutputID=dd215af7a5e338ddd144961d077edbe9 DependenciesID=5f34b44cdb657480597f73b14034b264 StaticDependenciesID=697accb79392869f2a3c3d4c3c0b4bc9 
Number of updated asset objects reloaded before import = 0
Number of asset objects unloaded after import = 0
========================================================================
Received Import Request.
  Time of request: 2026-10-07T19:21:28.7364731Z
  Time since last request: 0.0006842 seconds.
  importAddress: GUID: 71136fc5cf34f2cc10be0e33c0b08019 - Path: Packages/com.unity.modules.unityanalytics/package.ModuleCompilationTrigger - Importer: ScriptedImporter/UnityEditor.QuickSearchModule:UnityEditor.Search:ASIAI0B
Importing 'GUID: 71136fc5cf34f2cc10be0e33c0b08019 - Path: Packages/com.unity.modules.unityanalytics/package.ModuleCompilationTrigger - Importer: ScriptedImporter/UnityEditor.QuickSearchModule:UnityEditor.Search:ASIAI0B' with importer (ScriptedImporter : UnityEditor.QuickSearchModule:UnityEditor.Search:ASIAI0B)
Imported 'GUID: 71136fc5cf34f2cc10be0e33c0b08019' -> (Import Result ID: '601314e160e3e6cbc03789680a7d6df6') in 0.007 seconds [static and dynamic dependencies]. Details - ImportResultOutputID=3b98f75fedeb7f74555b1dde91b9047a DependenciesID=82b17c03d33168a2f8f7a335beffab6b StaticDependenciesID=ae2d8290307b52d9d24c110d0bf49439 
Number of updated asset objects reloaded before import = 0
Number of asset objects unloaded after import = 1
========================================================================
Received Import Request.
  Time of request: 2026-10-07T19:21:28.7443985Z
  Time since last request: 0.0007575 seconds.
  importAddress: GUID: 2808ba6bccb2478ec9c7209d8bf1f3cc - Path: Packages/com.unity.modules.uielements - Importer: ScriptedImporter/UnityEditor.QuickSearchModule:UnityEditor.Search:ASIAI0B
Importing 'GUID: 2808ba6bccb2478ec9c7209d8bf1f3cc - Path: Packages/com.unity.modules.uielements - Importer: ScriptedImporter/UnityEditor.QuickSearchModule:UnityEditor.Search:ASIAI0B' with importer (ScriptedImporter : UnityEditor.QuickSearchModule:UnityEditor.Search:ASIAI0B)
Imported 'GUID: 2808ba6bccb2478ec9c7209d8bf1f3cc' -> (Import Result ID: 'ddea25010d4b53d60d8c39ce52189a37') in 0.004 seconds [static and dynamic dependencies]. Details - ImportResultOutputID=b49e9e66ed43dcf4d608574837f86a31 DependenciesID=07b79376aa8cc8ebd603aa8f74858716 StaticDependenciesID=36f13eb091957f032c9c80af8fe2f659 
Number of updated asset objects reloaded before import = 0
Number of asset objects unloaded after import = 1
========================================================================
Received Import Request.
  Time of request: 2026-10-07T19:21:28.748984Z
  Time since last request: 0.0005096 seconds.
  importAddress: GUID: 6e1c8b97ec8aa0464e92506ffe099558 - Path: Packages/com.unity.modules.terrain - Importer: ScriptedImporter/UnityEditor.QuickSearchModule:UnityEditor.Search:ASIAI0B
Importing 'GUID: 6e1c8b97ec8aa0464e92506ffe099558 - Path: Packages/com.unity.modules.terrain - Importer: ScriptedImporter/UnityEditor.QuickSearchModule:UnityEditor.Search:ASIAI0B' with importer (ScriptedImporter : UnityEditor.QuickSearchModule:UnityEditor.Search:ASIAI0B)
Imported 'GUID: 6e1c8b97ec8aa0464e92506ffe099558' -> (Import Result ID: '92b3917b3b84d5927bad54635616b26d') in 0.014 seconds [static and dynamic dependencies]. Details - ImportResultOutputID=e1b36ed800563fa08653635f082138b2 DependenciesID=0ae215f6e02eed5a218cfe8e695b8a90 StaticDependenciesID=02f2c274aa260e05d976da264c69f9c6 
Number of updated asset objects reloaded before import = 0
Number of asset objects unloaded after import = 1
========================================================================
Received Import Request.
  Time of request: 2026-10-07T19:21:28.7743935Z
  Time since last request: 0.010118 seconds.
  importAddress: GUID: cae78bb88f8c8675e30d16908805e79d - Path: Packages/com.unity.modules.timelinefoundation - Importer: ScriptedImporter/UnityEditor.QuickSearchModule:UnityEditor.Search:ASIAI0B
Importing 'GUID: cae78bb88f8c8675e30d16908805e79d - Path: Packages/com.unity.modules.timelinefoundation - Importer: ScriptedImporter/UnityEditor.QuickSearchModule:UnityEditor.Search:ASIAI0B' with importer (ScriptedImporter : UnityEditor.QuickSearchModule:UnityEditor.Search:ASIAI0B)
Imported 'GUID: cae78bb88f8c8675e30d16908805e79d' -> (Import Result ID: '67907f891b4fcc9c0dac6cefccde4159') in 0.009 seconds [static and dynamic dependencies]. Details - ImportResultOutputID=59ad22fdbf01d4ee46536c323b660c02 DependenciesID=333bc0edcebecf0efbf8deb8e5e3a2ff StaticDependenciesID=e5ab0c836576c9a501b318c4f40b7e28 
Number of updated asset objects reloaded before import = 0
Number of asset objects unloaded after import = 1
========================================================================
Received Import Request.
  Time of request: 2026-10-07T19:21:28.7873368Z
  Time since last request: 0.0031586 seconds.
  importAddress: GUID: 1ddb9e1c877ea80479d1eab4ddaa5d0d - Path: Packages/com.unity.test-framework/UnityEngine.TestRunner/TestRunner - Importer: ScriptedImporter/UnityEditor.QuickSearchModule:UnityEditor.Search:ASIAI0B
Importing 'GUID: 1ddb9e1c877ea80479d1eab4ddaa5d0d - Path: Packages/com.unity.test-framework/UnityEngine.TestRunner/TestRunner - Importer: ScriptedImporter/UnityEditor.QuickSearchModule:UnityEditor.Search:ASIAI0B' with importer (ScriptedImporter : UnityEditor.QuickSearchModule:UnityEditor.Search:ASIAI0B)
Imported 'GUID: 1ddb9e1c877ea80479d1eab4ddaa5d0d' -> (Import Result ID: 'b876cc8c2b21537c8283f145a19c4d7f') in 0.012 seconds [static and dynamic dependencies]. Details - ImportResultOutputID=b078fc70f4eb4b1bdaddac793f3ba4e9 DependenciesID=57205de5e7b20e069966c104c752dc51 StaticDependenciesID=0f028b93d37eeb1bd420ee83a03430fc 
Number of updated asset objects reloaded before import = 0
Number of asset objects unloaded after import = 1
========================================================================
Received Import Request.
  Time of request: 2026-10-07T19:21:28.8001987Z
  Time since last request: 0.0008842 seconds.
  importAddress: GUID: 9f2214f1d2afdb23b011c486f9dcea1b - Path: Packages/com.unity.ext.nunit - Importer: ScriptedImporter/UnityEditor.QuickSearchModule:UnityEditor.Search:ASIAI0B
Importing 'GUID: 9f2214f1d2afdb23b011c486f9dcea1b - Path: Packages/com.unity.ext.nunit - Importer: ScriptedImporter/UnityEditor.QuickSearchModule:UnityEditor.Search:ASIAI0B' with importer (ScriptedImporter : UnityEditor.QuickSearchModule:UnityEditor.Search:ASIAI0B)
Imported 'GUID: 9f2214f1d2afdb23b011c486f9dcea1b' -> (Import Result ID: 'f6a49ddee017e7af911f63d894695a0b') in 0.015 seconds [static and dynamic dependencies]. Details - ImportResultOutputID=48fcc636e1f841f439010d4d8fba351c DependenciesID=5da535f87e9f3c8bca4f1c940741a7a5 StaticDependenciesID=72e955ba040e75a520c2c15dbd1245fc 
Number of updated asset objects reloaded before import = 0
Number of asset objects unloaded after import = 1
========================================================================
Received Import Request.
  Time of request: 2026-10-07T19:21:28.823404Z
  Time since last request: 0.0063565 seconds.
  importAddress: GUID: 256a0ca37fa972840bce7fca446e75e7 - Path: Packages/com.unity.test-framework/UnityEngine.TestRunner/TestRunner/Messages - Importer: ScriptedImporter/UnityEditor.QuickSearchModule:UnityEditor.Search:ASIAI0B
Importing 'GUID: 256a0ca37fa972840bce7fca446e75e7 - Path: Packages/com.unity.test-framework/UnityEngine.TestRunner/TestRunner/Messages - Importer: ScriptedImporter/UnityEditor.QuickSearchModule:UnityEditor.Search:ASIAI0B' with importer (ScriptedImporter : UnityEditor.QuickSearchModule:UnityEditor.Search:ASIAI0B)
Imported 'GUID: 256a0ca37fa972840bce7fca446e75e7' -> (Import Result ID: '6123fb51ac1233e9eb8ed2d00dd82b00') in 0.004 seconds [static and dynamic dependencies]. Details - ImportResultOutputID=1537577357d17deffd654cfb608c9662 DependenciesID=4d843f971cdf4fe8487c555e62f8883d StaticDependenciesID=112448800ea2b893147ca48ab9999cc5 
Number of updated asset objects reloaded before import = 0
Number of asset objects unloaded after import = 1
========================================================================
Received Import Request.
  Time of request: 2026-10-07T19:21:28.8339977Z
  Time since last request: 0.0061953 seconds.
  importAddress: GUID: a3cb89150b8a4060b89a32725a8e267e - Path: Packages/com.unity.test-framework/UnityEditor.TestRunner/TestLaunchers/Helpers - Importer: ScriptedImporter/UnityEditor.QuickSearchModule:UnityEditor.Search:ASIAI0B
Importing 'GUID: a3cb89150b8a4060b89a32725a8e267e - Path: Packages/com.unity.test-framework/UnityEditor.TestRunner/TestLaunchers/Helpers - Importer: ScriptedImporter/UnityEditor.QuickSearchModule:UnityEditor.Search:ASIAI0B' with importer (ScriptedImporter : UnityEditor.QuickSearchModule:UnityEditor.Search:ASIAI0B)
Imported 'GUID: a3cb89150b8a4060b89a32725a8e267e' -> (Import Result ID: '25de8043e16a8281cb5251c039385e5b') in 0.007 seconds [static and dynamic dependencies]. Details - ImportResultOutputID=8355955fe2834e78f02fe9addffae1d6 DependenciesID=cb97956263722bfe7cf15031f2b6763c StaticDependenciesID=b5bfafaaae2df4b3964c4286fc5bb309 
Number of updated asset objects reloaded before import = 0
Number of asset objects unloaded after import = 1
========================================================================
Received Import Request.
  Time of request: 2026-10-07T19:21:28.8639869Z
  Time since last request: 0.0227159 seconds.
  importAddress: GUID: dcc8c6e92b172a65719af5ddf47dd968 - Path: Packages/com.unity.modules.unitywebrequestwww - Importer: ScriptedImporter/UnityEditor.QuickSearchModule:UnityEditor.Search:ASIAI0B
Importing 'GUID: dcc8c6e92b172a65719af5ddf47dd968 - Path: Packages/com.unity.modules.unitywebrequestwww - Importer: ScriptedImporter/UnityEditor.QuickSearchModule:UnityEditor.Search:ASIAI0B' with importer (ScriptedImporter : UnityEditor.QuickSearchModule:UnityEditor.Search:ASIAI0B)
Imported 'GUID: dcc8c6e92b172a65719af5ddf47dd968' -> (Import Result ID: '504e7493365dacf24d0d5dbcff73a334') in 0.003 seconds [static and dynamic dependencies]. Details - ImportResultOutputID=81117fb23919427adca7839e18bb1e85 DependenciesID=bc4bdfce58705b843d784c05c64b1b1b StaticDependenciesID=c5b8f301fc9de244df31511a47ccba19 
Number of updated asset objects reloaded before import = 0
Number of asset objects unloaded after import = 1
========================================================================
Received Import Request.
  Time of request: 2026-10-07T19:21:28.8683491Z
  Time since last request: 0.0011851 seconds.
  importAddress: GUID: 1f5bbb88ca730434483440cbc0278ef6 - Path: Packages/com.unity.test-framework/UnityEditor.TestRunner/TestRunner/Utils - Importer: ScriptedImporter/UnityEditor.QuickSearchModule:UnityEditor.Search:ASIAI0B
Importing 'GUID: 1f5bbb88ca730434483440cbc0278ef6 - Path: Packages/com.unity.test-framework/UnityEditor.TestRunner/TestRunner/Utils - Importer: ScriptedImporter/UnityEditor.QuickSearchModule:UnityEditor.Search:ASIAI0B' with importer (ScriptedImporter : UnityEditor.QuickSearchModule:UnityEditor.Search:ASIAI0B)
Imported 'GUID: 1f5bbb88ca730434483440cbc0278ef6' -> (Import Result ID: 'db03cf778b2017ef8bd6a27c9e43e411') in 0.010 seconds [static and dynamic dependencies]. Details - ImportResultOutputID=04dcdec6b23b474d97b7566e7601003c DependenciesID=0945a64d4d1a40fbbb131f7e75de50f9 StaticDependenciesID=92193d10c6952f3bb04698802044a571 
Number of updated asset objects reloaded before import = 0
Number of asset objects unloaded after import = 1
========================================================================
Received Import Request.
  Time of request: 2026-10-07T19:21:28.8796746Z
  Time since last request: 0.00128 seconds.
  importAddress: GUID: 04c6898809c37620ac863cc2a5d7c4d0 - Path: Packages/com.unity.modules.vectorgraphics - Importer: ScriptedImporter/UnityEditor.QuickSearchModule:UnityEditor.Search:ASIAI0B
Importing 'GUID: 04c6898809c37620ac863cc2a5d7c4d0 - Path: Packages/com.unity.modules.vectorgraphics - Importer: ScriptedImporter/UnityEditor.QuickSearchModule:UnityEditor.Search:ASIAI0B' with importer (ScriptedImporter : UnityEditor.QuickSearchModule:UnityEditor.Search:ASIAI0B)
Imported 'GUID: 04c6898809c37620ac863cc2a5d7c4d0' -> (Import Result ID: 'deaa575342c0b7490ee4c2ce92246104') in 0.003 seconds [static and dynamic dependencies]. Details - ImportResultOutputID=d8a263ecb407286544c21a2ea2ae3292 DependenciesID=31639a1e26c991606aba352618f602dd StaticDependenciesID=4c6c6a4fa0513ca92d2507a10dad23ac 
Number of updated asset objects reloaded before import = 0
Number of asset objects unloaded after import = 1
========================================================================
Received Import Request.
  Time of request: 2026-10-07T19:21:28.8855166Z
  Time since last request: 0.0024051 seconds.
  importAddress: GUID: bb32bccaf32a6db448d1c0cc99c78688 - Path: Packages/com.unity.test-framework/UnityEngine.TestRunner/Utils - Importer: ScriptedImporter/UnityEditor.QuickSearchModule:UnityEditor.Search:ASIAI0B
Importing 'GUID: bb32bccaf32a6db448d1c0cc99c78688 - Path: Packages/com.unity.test-framework/UnityEngine.TestRunner/Utils - Importer: ScriptedImporter/UnityEditor.QuickSearchModule:UnityEditor.Search:ASIAI0B' with importer (ScriptedImporter : UnityEditor.QuickSearchModule:UnityEditor.Search:ASIAI0B)
Imported 'GUID: bb32bccaf32a6db448d1c0cc99c78688' -> (Import Result ID: 'f6152872837eef224028a9194c9137dc') in 0.007 seconds [static and dynamic dependencies]. Details - ImportResultOutputID=a32d7bf91ea23d3f345566a7e109d9b9 DependenciesID=390790782e9904f8a40030281198754b StaticDependenciesID=300d84b13c7a10bbb4dd7a2fdcc59429 
Number of updated asset objects reloaded before import = 0
Number of asset objects unloaded after import = 1
========================================================================
Received Import Request.
  Time of request: 2026-10-07T19:21:28.9114957Z
  Time since last request: 0.0170629 seconds.
  importAddress: GUID: 51557afa652635743b264a309f0a5c60 - Path: Packages/com.unity.test-framework/UnityEngine.TestRunner/Utils/AssemblyProvider - Importer: ScriptedImporter/UnityEditor.QuickSearchModule:UnityEditor.Search:ASIAI0B
Importing 'GUID: 51557afa652635743b264a309f0a5c60 - Path: Packages/com.unity.test-framework/UnityEngine.TestRunner/Utils/AssemblyProvider - Importer: ScriptedImporter/UnityEditor.QuickSearchModule:UnityEditor.Search:ASIAI0B' with importer (ScriptedImporter : UnityEditor.QuickSearchModule:UnityEditor.Search:ASIAI0B)
Imported 'GUID: 51557afa652635743b264a309f0a5c60' -> (Import Result ID: 'f4b9e18da36685103bb5b101e8ad0da9') in 0.009 seconds [static and dynamic dependencies]. Details - ImportResultOutputID=33e48bf5cd6fb3208be353cae7a2239b DependenciesID=c16a76b929841b57559d3b5dd32e0dca StaticDependenciesID=02b070767ef8797fdc91b71fd2915f5b 
Number of updated asset objects reloaded before import = 0
Number of asset objects unloaded after import = 1
========================================================================
Received Import Request.
  Time of request: 2026-10-07T19:21:28.9225047Z
  Time since last request: 0.0012547 seconds.
  importAddress: GUID: 61e236e8570a95e4eb754fb291e102e0 - Path: Packages/com.unity.test-framework/UnityEngine.TestRunner/TestRunner/Callbacks - Importer: ScriptedImporter/UnityEditor.QuickSearchModule:UnityEditor.Search:ASIAI0B
Importing 'GUID: 61e236e8570a95e4eb754fb291e102e0 - Path: Packages/com.unity.test-framework/UnityEngine.TestRunner/TestRunner/Callbacks - Importer: ScriptedImporter/UnityEditor.QuickSearchModule:UnityEditor.Search:ASIAI0B' with importer (ScriptedImporter : UnityEditor.QuickSearchModule:UnityEditor.Search:ASIAI0B)
Imported 'GUID: 61e236e8570a95e4eb754fb291e102e0' -> (Import Result ID: '5c85a4867dccd614d32244803467a9b0') in 0.011 seconds [static and dynamic dependencies]. Details - ImportResultOutputID=3ddc3f8944294707d83f46ae06690455 DependenciesID=91f8c92d979e97e9adc353c0d0173a39 StaticDependenciesID=46cb60048f116103c3f645508312cffa 
Number of updated asset objects reloaded before import = 0
Number of asset objects unloaded after import = 1
========================================================================
Received Import Request.
  Time of request: 2026-10-07T19:21:28.9347628Z
  Time since last request: 0.0005029 seconds.
  importAddress: GUID: 850c54ee0b9e1aa740b1c67792eb1f26 - Path: Packages/com.unity.modules.imageconversion - Importer: ScriptedImporter/UnityEditor.QuickSearchModule:UnityEditor.Search:ASIAI0B
Importing 'GUID: 850c54ee0b9e1aa740b1c67792eb1f26 - Path: Packages/com.unity.modules.imageconversion - Importer: ScriptedImporter/UnityEditor.QuickSearchModule:UnityEditor.Search:ASIAI0B' with importer (ScriptedImporter : UnityEditor.QuickSearchModule:UnityEditor.Search:ASIAI0B)
Imported 'GUID: 850c54ee0b9e1aa740b1c67792eb1f26' -> (Import Result ID: '649e2e11a4067b23e6020b97b392d6ce') in 0.002 seconds [static and dynamic dependencies]. Details - ImportResultOutputID=0ddc9c82ce8352f1a0710de648ef0d6d DependenciesID=51a4a6ebe66689e76664208e2906f8ab StaticDependenciesID=df1fe9bc1ee977bc619371ff9c4db9e9 
Number of updated asset objects reloaded before import = 0
Number of asset objects unloaded after import = 1
========================================================================
Received Import Request.
  Time of request: 2026-10-07T19:21:28.9379043Z
  Time since last request: 0.0005044 seconds.
  importAddress: GUID: fc3a810351931f5e6183e16b9beb5563 - Path: Packages/com.unity.modules.jsonserialize - Importer: ScriptedImporter/UnityEditor.QuickSearchModule:UnityEditor.Search:ASIAI0B
Importing 'GUID: fc3a810351931f5e6183e16b9beb5563 - Path: Packages/com.unity.modules.jsonserialize - Importer: ScriptedImporter/UnityEditor.QuickSearchModule:UnityEditor.Search:ASIAI0B' with importer (ScriptedImporter : UnityEditor.QuickSearchModule:UnityEditor.Search:ASIAI0B)
Imported 'GUID: fc3a810351931f5e6183e16b9beb5563' -> (Import Result ID: '108125fdbd3fb7f195c14f04d90821c8') in 0.006 seconds [static and dynamic dependencies]. Details - ImportResultOutputID=6f73ae27ceb64deb8a63a2264a3c4258 DependenciesID=98b2d024ada9744fceaa7dd771845aaf StaticDependenciesID=99c6a86846f043e30c50ebf3f2ee3616 
Number of updated asset objects reloaded before import = 0
Number of asset objects unloaded after import = 1
========================================================================
Received Import Request.
  Time of request: 2026-10-07T19:21:28.9447927Z
  Time since last request: 0.0007201 seconds.
  importAddress: GUID: 2d6ba5cbe47e6ad3c87474c56174d4e0 - Path: Packages/com.unity.modules.audio - Importer: ScriptedImporter/UnityEditor.QuickSearchModule:UnityEditor.Search:ASIAI0B
Importing 'GUID: 2d6ba5cbe47e6ad3c87474c56174d4e0 - Path: Packages/com.unity.modules.audio - Importer: ScriptedImporter/UnityEditor.QuickSearchModule:UnityEditor.Search:ASIAI0B' with importer (ScriptedImporter : UnityEditor.QuickSearchModule:UnityEditor.Search:ASIAI0B)
Imported 'GUID: 2d6ba5cbe47e6ad3c87474c56174d4e0' -> (Import Result ID: 'c09fc46f371f6a793c0a73de44df7793') in 0.004 seconds [static and dynamic dependencies]. Details - ImportResultOutputID=33ab2efb7864c0f6aa0f5338c08e7053 DependenciesID=4e1625f5033c130a37eb10ffd51b8a47 StaticDependenciesID=e52cafa35f691b4423b636d39ea1bf9c 
Number of updated asset objects reloaded before import = 0
Number of asset objects unloaded after import = 1
========================================================================
Received Import Request.
  Time of request: 2026-10-07T19:21:28.9494854Z
  Time since last request: 0.0003126 seconds.
  importAddress: GUID: ebc4d20cc106cea49b1df1153f0b3b5e - Path: Packages/com.unity.test-framework/UnityEditor.TestRunner/TestLaunchers/PlatformSetup - Importer: ScriptedImporter/UnityEditor.QuickSearchModule:UnityEditor.Search:ASIAI0B
Importing 'GUID: ebc4d20cc106cea49b1df1153f0b3b5e - Path: Packages/com.unity.test-framework/UnityEditor.TestRunner/TestLaunchers/PlatformSetup - Importer: ScriptedImporter/UnityEditor.QuickSearchModule:UnityEditor.Search:ASIAI0B' with importer (ScriptedImporter : UnityEditor.QuickSearchModule:UnityEditor.Search:ASIAI0B)
Imported 'GUID: ebc4d20cc106cea49b1df1153f0b3b5e' -> (Import Result ID: '9ae0824ba36aafb0fa4317b424be6018') in 0.004 seconds [static and dynamic dependencies]. Details - ImportResultOutputID=0ef8eab9beb09121d2cf0d79f0b8db54 DependenciesID=b1afb4c2f9e4e16e10454e2db60349e5 StaticDependenciesID=dc4b8c5366c384a63471b815b1af078c 
Number of updated asset objects reloaded before import = 0
Number of asset objects unloaded after import = 1
========================================================================
Received Import Request.
  Time of request: 2026-10-07T19:21:28.9538177Z
  Time since last request: 0.0004013 seconds.
  importAddress: GUID: 39728903e57c60021f80449a8bbc0096 - Path: Packages/com.unity.modules.ui - Importer: ScriptedImporter/UnityEditor.QuickSearchModule:UnityEditor.Search:ASIAI0B
Importing 'GUID: 39728903e57c60021f80449a8bbc0096 - Path: Packages/com.unity.modules.ui - Importer: ScriptedImporter/UnityEditor.QuickSearchModule:UnityEditor.Search:ASIAI0B' with importer (ScriptedImporter : UnityEditor.QuickSearchModule:UnityEditor.Search:ASIAI0B)
Imported 'GUID: 39728903e57c60021f80449a8bbc0096' -> (Import Result ID: 'eaa0aadba35228a0a141b01c8c24a2cb') in 0.005 seconds [static and dynamic dependencies]. Details - ImportResultOutputID=3973484b37aa552f3ba729449031d235 DependenciesID=ca311e01a9da181430cccd4299956ae6 StaticDependenciesID=ee6c281749a14db3da304459e59eb262 
Number of updated asset objects reloaded before import = 0
Number of asset objects unloaded after import = 1
========================================================================
Received Import Request.
  Time of request: 2026-10-07T19:21:28.9599353Z
  Time since last request: 0.0008366 seconds.
  importAddress: GUID: 6b72875690e0f7343911e06af3145bd5 - Path: Packages/com.unity.test-framework/UnityEngine.TestRunner/NUnitExtensions/Commands - Importer: ScriptedImporter/UnityEditor.QuickSearchModule:UnityEditor.Search:ASIAI0B
Importing 'GUID: 6b72875690e0f7343911e06af3145bd5 - Path: Packages/com.unity.test-framework/UnityEngine.TestRunner/NUnitExtensions/Commands - Importer: ScriptedImporter/UnityEditor.QuickSearchModule:UnityEditor.Search:ASIAI0B' with importer (ScriptedImporter : UnityEditor.QuickSearchModule:UnityEditor.Search:ASIAI0B)
Imported 'GUID: 6b72875690e0f7343911e06af3145bd5' -> (Import Result ID: '94f304b17719b721588b709453af12a6') in 0.004 seconds [static and dynamic dependencies]. Details - ImportResultOutputID=18f95243f49431a063338067c2403ba9 DependenciesID=eed5181bf71fed698ec6b24f67c24753 StaticDependenciesID=57bd070ed489497bbf4b28e9f28fabe5 
Number of updated asset objects reloaded before import = 0
Number of asset objects unloaded after import = 1
========================================================================
Received Import Request.
  Time of request: 2026-10-07T19:21:28.9643753Z
  Time since last request: 0.0002044 seconds.
  importAddress: GUID: c522a644a29fcab2eaf63298c118a65b - Path: Packages/com.unity.modules.unitywebrequest - Importer: ScriptedImporter/UnityEditor.QuickSearchModule:UnityEditor.Search:ASIAI0B
Importing 'GUID: c522a644a29fcab2eaf63298c118a65b - Path: Packages/com.unity.modules.unitywebrequest - Importer: ScriptedImporter/UnityEditor.QuickSearchModule:UnityEditor.Search:ASIAI0B' with importer (ScriptedImporter : UnityEditor.QuickSearchModule:UnityEditor.Search:ASIAI0B)
Imported 'GUID: c522a644a29fcab2eaf63298c118a65b' -> (Import Result ID: '1f882e8ae2680d3827424157d6560d6b') in 0.002 seconds [static and dynamic dependencies]. Details - ImportResultOutputID=fdc857724aa110da1a33f58cfae577ab DependenciesID=60d93d4c759ed6a69ff8a166c4de6d18 StaticDependenciesID=356cb92bc4797bba9f4e2763fb860ff5 
Number of updated asset objects reloaded before import = 0
Number of asset objects unloaded after import = 1
========================================================================
Received Import Request.
  Time of request: 2026-10-07T19:21:28.9674648Z
  Time since last request: 0.0005526 seconds.
  importAddress: GUID: d64d92e4f04a13e4b99ea8d48e9e8ae9 - Path: Packages/com.unity.test-framework/UnityEditor.TestRunner/TestLaunchers - Importer: ScriptedImporter/UnityEditor.QuickSearchModule:UnityEditor.Search:ASIAI0B
Importing 'GUID: d64d92e4f04a13e4b99ea8d48e9e8ae9 - Path: Packages/com.unity.test-framework/UnityEditor.TestRunner/TestLaunchers - Importer: ScriptedImporter/UnityEditor.QuickSearchModule:UnityEditor.Search:ASIAI0B' with importer (ScriptedImporter : UnityEditor.QuickSearchModule:UnityEditor.Search:ASIAI0B)
Imported 'GUID: d64d92e4f04a13e4b99ea8d48e9e8ae9' -> (Import Result ID: 'c8fd165e1cca4efa8b66f73861df3753') in 0.004 seconds [static and dynamic dependencies]. Details - ImportResultOutputID=5ccc63f5057c9c8a4ee5e9e52c654397 DependenciesID=40b9953a80d889e6714ff5aa2f093bf0 StaticDependenciesID=00360d41532be88ad40045fd2221070a 
Number of updated asset objects reloaded before import = 0
Number of asset objects unloaded after import = 1
========================================================================
Received Import Request.
  Time of request: 2026-10-07T19:21:28.9720089Z
  Time since last request: 0.0005758 seconds.
  importAddress: GUID: c4df1124e2787ee0c8d1a911de17ee73 - Path: Packages/com.unity.modules.cloth - Importer: ScriptedImporter/UnityEditor.QuickSearchModule:UnityEditor.Search:ASIAI0B
Importing 'GUID: c4df1124e2787ee0c8d1a911de17ee73 - Path: Packages/com.unity.modules.cloth - Importer: ScriptedImporter/UnityEditor.QuickSearchModule:UnityEditor.Search:ASIAI0B' with importer (ScriptedImporter : UnityEditor.QuickSearchModule:UnityEditor.Search:ASIAI0B)
Imported 'GUID: c4df1124e2787ee0c8d1a911de17ee73' -> (Import Result ID: 'c9240f2e0bebfe526c37553f87293ca2') in 0.002 seconds [static and dynamic dependencies]. Details - ImportResultOutputID=ad7f4f920de82d185067dd62d4f12f97 DependenciesID=35a4093ce2a5599d561a8abd9ff7d8b4 StaticDependenciesID=df5a0cd5b9ce9b9336173b3c10942ab5 
Number of updated asset objects reloaded before import = 0
Number of asset objects unloaded after import = 1
========================================================================
Received Import Request.
  Time of request: 2026-10-07T19:21:28.9752977Z
  Time since last request: 0.0005068 seconds.
  importAddress: GUID: 7602252bdb82b8d45ae3483c3a00d3e1 - Path: Packages/com.unity.test-framework/UnityEditor.TestRunner/CommandLineParser - Importer: ScriptedImporter/UnityEditor.QuickSearchModule:UnityEditor.Search:ASIAI0B
Importing 'GUID: 7602252bdb82b8d45ae3483c3a00d3e1 - Path: Packages/com.unity.test-framework/UnityEditor.TestRunner/CommandLineParser - Importer: ScriptedImporter/UnityEditor.QuickSearchModule:UnityEditor.Search:ASIAI0B' with importer (ScriptedImporter : UnityEditor.QuickSearchModule:UnityEditor.Search:ASIAI0B)
Imported 'GUID: 7602252bdb82b8d45ae3483c3a00d3e1' -> (Import Result ID: 'ada1f1e77b9e16ee8dfcec270f61e423') in 0.007 seconds [static and dynamic dependencies]. Details - ImportResultOutputID=bcc5b3197e04751bdb612ce821d1ad0a DependenciesID=d232d94c7784778a6b75978a1bee7210 StaticDependenciesID=cab83d182d4bf5f3c622b07e424337fc 
Number of updated asset objects reloaded before import = 0
Number of asset objects unloaded after import = 1
========================================================================
Received Import Request.
  Time of request: 2026-10-07T19:21:28.9834402Z
  Time since last request: 0.0007245 seconds.
  importAddress: GUID: 94a6220ee1a442249702c9df66e0fe1b - Path: Packages/com.unity.test-framework/UnityEditor.TestRunner/TestRun/Tasks/Player - Importer: ScriptedImporter/UnityEditor.QuickSearchModule:UnityEditor.Search:ASIAI0B
Importing 'GUID: 94a6220ee1a442249702c9df66e0fe1b - Path: Packages/com.unity.test-framework/UnityEditor.TestRunner/TestRun/Tasks/Player - Importer: ScriptedImporter/UnityEditor.QuickSearchModule:UnityEditor.Search:ASIAI0B' with importer (ScriptedImporter : UnityEditor.QuickSearchModule:UnityEditor.Search:ASIAI0B)
Imported 'GUID: 94a6220ee1a442249702c9df66e0fe1b' -> (Import Result ID: 'cab0f046963c353e33316e5515f25b66') in 0.003 seconds [static and dynamic dependencies]. Details - ImportResultOutputID=4f9b8eafb52e272b24fe4b01ec5cc2da DependenciesID=8c86b0fe69f954ae4ebb60201ca56e0f StaticDependenciesID=97c05a448c141e1527c68a204e649625 
Number of updated asset objects reloaded before import = 0
Number of asset objects unloaded after import = 1
========================================================================
Received Import Request.
  Time of request: 2026-10-07T19:21:28.9876459Z
  Time since last request: 0.0007843 seconds.
  importAddress: GUID: 1158e311a3101950348dcecb1bebc42d - Path: Packages/com.unity.modules.animation - Importer: ScriptedImporter/UnityEditor.QuickSearchModule:UnityEditor.Search:ASIAI0B
Importing 'GUID: 1158e311a3101950348dcecb1bebc42d - Path: Packages/com.unity.modules.animation - Importer: ScriptedImporter/UnityEditor.QuickSearchModule:UnityEditor.Search:ASIAI0B' with importer (ScriptedImporter : UnityEditor.QuickSearchModule:UnityEditor.Search:ASIAI0B)
Imported 'GUID: 1158e311a3101950348dcecb1bebc42d' -> (Import Result ID: 'f1b85487064282a7122110087d646f4d') in 0.002 seconds [static and dynamic dependencies]. Details - ImportResultOutputID=3b26724e34e6a0a98c47120405987e4c DependenciesID=75c316c32cb2eae01d49b183069d0209 StaticDependenciesID=9d482f9fc81ba4355d8a881cb5e7d0a0 
Number of updated asset objects reloaded before import = 0
Number of asset objects unloaded after import = 1
========================================================================
Received Import Request.
  Time of request: 2026-10-07T19:21:28.99042Z
  Time since last request: 0.0004622 seconds.
  importAddress: GUID: 891bb6b9f5094c36b59c3788e21c8213 - Path: Packages/com.unity.test-framework/UnityEditor.TestRunner/Api/Analytics - Importer: ScriptedImporter/UnityEditor.QuickSearchModule:UnityEditor.Search:ASIAI0B
Importing 'GUID: 891bb6b9f5094c36b59c3788e21c8213 - Path: Packages/com.unity.test-framework/UnityEditor.TestRunner/Api/Analytics - Importer: ScriptedImporter/UnityEditor.QuickSearchModule:UnityEditor.Search:ASIAI0B' with importer (ScriptedImporter : UnityEditor.QuickSearchModule:UnityEditor.Search:ASIAI0B)
Imported 'GUID: 891bb6b9f5094c36b59c3788e21c8213' -> (Import Result ID: '38b5f203ad7faed52f5f78b25f7ff0d3') in 0.007 seconds [static and dynamic dependencies]. Details - ImportResultOutputID=2ca950be330e523be9b49cb31a06aaaf DependenciesID=aa53adcecab1823accc927a239bad00a StaticDependenciesID=307fdd427f321ae5c53a161f34c39981 
Number of updated asset objects reloaded before import = 0
Number of asset objects unloaded after import = 1
========================================================================
Received Import Request.
  Time of request: 2026-10-07T19:21:28.9979909Z
  Time since last request: 0.0005134 seconds.
  importAddress: GUID: 936c6340f3468444ebb1785b4c311126 - Path: Packages/com.unity.test-framework/UnityEditor.TestRunner/UnityTestProtocol - Importer: ScriptedImporter/UnityEditor.QuickSearchModule:UnityEditor.Search:ASIAI0B
Importing 'GUID: 936c6340f3468444ebb1785b4c311126 - Path: Packages/com.unity.test-framework/UnityEditor.TestRunner/UnityTestProtocol - Importer: ScriptedImporter/UnityEditor.QuickSearchModule:UnityEditor.Search:ASIAI0B' with importer (ScriptedImporter : UnityEditor.QuickSearchModule:UnityEditor.Search:ASIAI0B)
Imported 'GUID: 936c6340f3468444ebb1785b4c311126' -> (Import Result ID: 'aeb41bcb2666800b227887e4d9524675') in 0.003 seconds [static and dynamic dependencies]. Details - ImportResultOutputID=96459a55ffbfc6196c92aef7910bc25e DependenciesID=37674c3acef5c863d5698032f67f4b57 StaticDependenciesID=dd497fcd59b0b999a9045dd25352b323 
Number of updated asset objects reloaded before import = 0
Number of asset objects unloaded after import = 1
========================================================================
Received Import Request.
  Time of request: 2026-10-07T19:21:29.0019995Z
  Time since last request: 0.0004899 seconds.
  importAddress: GUID: e88eef57957d4440c8a7ff2ef9dd3d97 - Path: Packages/com.unity.test-framework/UnityEditor.TestRunner/GUI/Controls - Importer: ScriptedImporter/UnityEditor.QuickSearchModule:UnityEditor.Search:ASIAI0B
Importing 'GUID: e88eef57957d4440c8a7ff2ef9dd3d97 - Path: Packages/com.unity.test-framework/UnityEditor.TestRunner/GUI/Controls - Importer: ScriptedImporter/UnityEditor.QuickSearchModule:UnityEditor.Search:ASIAI0B' with importer (ScriptedImporter : UnityEditor.QuickSearchModule:UnityEditor.Search:ASIAI0B)
Imported 'GUID: e88eef57957d4440c8a7ff2ef9dd3d97' -> (Import Result ID: '8a7453ee0945cde2039950580ef6d624') in 0.004 seconds [static and dynamic dependencies]. Details - ImportResultOutputID=7e5c43b4edf8a452f3f234876b4a57f2 DependenciesID=da1f0c50aeefd3d7fd2fe350d79792a7 StaticDependenciesID=f040b802d32bdb0ee66c79ace1650298 
Number of updated asset objects reloaded before import = 0
Number of asset objects unloaded after import = 1
========================================================================
Received Import Request.
  Time of request: 2026-10-07T19:21:29.0070977Z
  Time since last request: 0.0004699 seconds.
  importAddress: GUID: d973b7805df545bdae3986ab72a6c2e8 - Path: Packages/com.unity.test-framework/UnityEditor.TestRunner/TestRun/Tasks/Platform - Importer: ScriptedImporter/UnityEditor.QuickSearchModule:UnityEditor.Search:ASIAI0B
Importing 'GUID: d973b7805df545bdae3986ab72a6c2e8 - Path: Packages/com.unity.test-framework/UnityEditor.TestRunner/TestRun/Tasks/Platform - Importer: ScriptedImporter/UnityEditor.QuickSearchModule:UnityEditor.Search:ASIAI0B' with importer (ScriptedImporter : UnityEditor.QuickSearchModule:UnityEditor.Search:ASIAI0B)
Imported 'GUID: d973b7805df545bdae3986ab72a6c2e8' -> (Import Result ID: '70684f93196055b22635fe7765bb10f9') in 0.003 seconds [static and dynamic dependencies]. Details - ImportResultOutputID=aefc26d3a4f8bb1561757aefa116938a DependenciesID=13bfceae91bcc8d2525bbbe07a7ade41 StaticDependenciesID=c7cb715158b108d9c35feac52a1d8eb9 
Number of updated asset objects reloaded before import = 0
Number of asset objects unloaded after import = 1
========================================================================
Received Import Request.
  Time of request: 2026-10-07T19:21:29.0120547Z
  Time since last request: 0.00004 seconds.
  importAddress: GUID: 49d4c2ab7ff0f4442af256bad7c9d57c - Path: Packages/com.unity.test-framework/UnityEditor.TestRunner/TestRunner - Importer: ScriptedImporter/UnityEditor.QuickSearchModule:UnityEditor.Search:ASIAI0B
Importing 'GUID: 49d4c2ab7ff0f4442af256bad7c9d57c - Path: Packages/com.unity.test-framework/UnityEditor.TestRunner/TestRunner - Importer: ScriptedImporter/UnityEditor.QuickSearchModule:UnityEditor.Search:ASIAI0B' with importer (ScriptedImporter : UnityEditor.QuickSearchModule:UnityEditor.Search:ASIAI0B)
Imported 'GUID: 49d4c2ab7ff0f4442af256bad7c9d57c' -> (Import Result ID: '458685968a14b7fc116e3be9858d5d61') in 0.006 seconds [static and dynamic dependencies]. Details - ImportResultOutputID=6dc539de5aeb21fd1f7a08426b5a443a DependenciesID=1510570a8e2b5778c4146b7b3b27e83b StaticDependenciesID=55b358e857ff3140f6b45ebf438c9809 
Number of updated asset objects reloaded before import = 0
Number of asset objects unloaded after import = 1
========================================================================
Received Import Request.
  Time of request: 2026-10-07T19:21:29.0189082Z
  Time since last request: 0.0005707 seconds.
  importAddress: GUID: 6f1c7ebc8ac78cb951be24c238cbd3ba - Path: Packages/com.unity.modules.unitywebrequesttexture - Importer: ScriptedImporter/UnityEditor.QuickSearchModule:UnityEditor.Search:ASIAI0B
Importing 'GUID: 6f1c7ebc8ac78cb951be24c238cbd3ba - Path: Packages/com.unity.modules.unitywebrequesttexture - Importer: ScriptedImporter/UnityEditor.QuickSearchModule:UnityEditor.Search:ASIAI0B' with importer (ScriptedImporter : UnityEditor.QuickSearchModule:UnityEditor.Search:ASIAI0B)
Imported 'GUID: 6f1c7ebc8ac78cb951be24c238cbd3ba' -> (Import Result ID: 'c2573dcf2b6d0ebf4a18511360935cfd') in 0.003 seconds [static and dynamic dependencies]. Details - ImportResultOutputID=611bcfd432088365057db7cb276f4c90 DependenciesID=79b38e522a6b3849e9900be44c9caaa9 StaticDependenciesID=9b26d9b44d1b49d30f5c6c314cc7e88f 
Number of updated asset objects reloaded before import = 0
Number of asset objects unloaded after import = 1
========================================================================
Received Import Request.
  Time of request: 2026-10-07T19:21:29.0227337Z
  Time since last request: 0.0004136 seconds.
  importAddress: GUID: c3de99f9efc582a48995bc8e8c2df418 - Path: Packages/com.unity.test-framework/UnityEngine.TestRunner/NUnitExtensions/Filters - Importer: ScriptedImporter/UnityEditor.QuickSearchModule:UnityEditor.Search:ASIAI0B
Importing 'GUID: c3de99f9efc582a48995bc8e8c2df418 - Path: Packages/com.unity.test-framework/UnityEngine.TestRunner/NUnitExtensions/Filters - Importer: ScriptedImporter/UnityEditor.QuickSearchModule:UnityEditor.Search:ASIAI0B' with importer (ScriptedImporter : UnityEditor.QuickSearchModule:UnityEditor.Search:ASIAI0B)
Imported 'GUID: c3de99f9efc582a48995bc8e8c2df418' -> (Import Result ID: 'de6411e907dc668c7818601471748089') in 0.003 seconds [static and dynamic dependencies]. Details - ImportResultOutputID=9fb2e06529b33ff734d68369b1a9c59b DependenciesID=72382d195066c86aff91ca921da22c48 StaticDependenciesID=df1baf4a92a637c3dca4b95de0987b27 
Number of updated asset objects reloaded before import = 0
Number of asset objects unloaded after import = 1
========================================================================
Received Import Request.
  Time of request: 2026-10-07T19:21:29.0268712Z
  Time since last request: 0.000531 seconds.
  importAddress: GUID: b975297a992381c1f3257d0e96892c8a - Path: Packages/com.unity.modules.adaptiveperformance - Importer: ScriptedImporter/UnityEditor.QuickSearchModule:UnityEditor.Search:ASIAI0B
Importing 'GUID: b975297a992381c1f3257d0e96892c8a - Path: Packages/com.unity.modules.adaptiveperformance - Importer: ScriptedImporter/UnityEditor.QuickSearchModule:UnityEditor.Search:ASIAI0B' with importer (ScriptedImporter : UnityEditor.QuickSearchModule:UnityEditor.Search:ASIAI0B)
Imported 'GUID: b975297a992381c1f3257d0e96892c8a' -> (Import Result ID: 'f2235a05d96c22139250aa4b729582e7') in 0.005 seconds [static and dynamic dependencies]. Details - ImportResultOutputID=610dfef5ab2378256fb683e690146ed9 DependenciesID=1d3e956eacf976cacc74f0172b9faf0c StaticDependenciesID=f5e4b7f7c274ea51cda3a1d0b207a8cb 
Number of updated asset objects reloaded before import = 0
Number of asset objects unloaded after import = 1
========================================================================
Received Import Request.
  Time of request: 2026-10-07T19:21:29.0325829Z
  Time since last request: 0.0005423 seconds.
  importAddress: GUID: 3f9202a39620f51418046c7754f215f0 - Path: Packages/com.unity.test-framework/UnityEditor.TestRunner/NUnitExtension - Importer: ScriptedImporter/UnityEditor.QuickSearchModule:UnityEditor.Search:ASIAI0B
Importing 'GUID: 3f9202a39620f51418046c7754f215f0 - Path: Packages/com.unity.test-framework/UnityEditor.TestRunner/NUnitExtension - Importer: ScriptedImporter/UnityEditor.QuickSearchModule:UnityEditor.Search:ASIAI0B' with importer (ScriptedImporter : UnityEditor.QuickSearchModule:UnityEditor.Search:ASIAI0B)
Imported 'GUID: 3f9202a39620f51418046c7754f215f0' -> (Import Result ID: 'df97a55085cee4951b9215fc2f290241') in 0.003 seconds [static and dynamic dependencies]. Details - ImportResultOutputID=428097989fbfec1ef39a0912b10f8696 DependenciesID=79690235cdd8fc3d8d4f801c2825fd97 StaticDependenciesID=32d69c878f16ca69c0a975c073167f17 
Number of updated asset objects reloaded before import = 0
Number of asset objects unloaded after import = 1
========================================================================
Received Import Request.
  Time of request: 2026-10-07T19:21:29.036546Z
  Time since last request: 0.0004522 seconds.
  importAddress: GUID: 6b81377a4453ba7362eb3322f9bcc6c6 - Path: Packages/com.unity.modules.hierarchycore - Importer: ScriptedImporter/UnityEditor.QuickSearchModule:UnityEditor.Search:ASIAI0B
Importing 'GUID: 6b81377a4453ba7362eb3322f9bcc6c6 - Path: Packages/com.unity.modules.hierarchycore - Importer: ScriptedImporter/UnityEditor.QuickSearchModule:UnityEditor.Search:ASIAI0B' with importer (ScriptedImporter : UnityEditor.QuickSearchModule:UnityEditor.Search:ASIAI0B)
Imported 'GUID: 6b81377a4453ba7362eb3322f9bcc6c6' -> (Import Result ID: 'c3f4f24c09c80818ccd7ade18f69c529') in 0.002 seconds [static and dynamic dependencies]. Details - ImportResultOutputID=606a18075996262e63ed9ec0513c882f DependenciesID=6c27efc713f1c81171199da05c0a6e1c StaticDependenciesID=18db4318a28c50d24002ccacb4e37811 
Number of updated asset objects reloaded before import = 0
Number of asset objects unloaded after import = 1
========================================================================
Received Import Request.
  Time of request: 2026-10-07T19:21:29.039917Z
  Time since last request: 0.0003811 seconds.
  importAddress: GUID: d5f0b0adc6826e9dd3b72e292e8438be - Path: Packages/com.unity.modules.unitywebrequestassetbundle - Importer: ScriptedImporter/UnityEditor.QuickSearchModule:UnityEditor.Search:ASIAI0B
Importing 'GUID: d5f0b0adc6826e9dd3b72e292e8438be - Path: Packages/com.unity.modules.unitywebrequestassetbundle - Importer: ScriptedImporter/UnityEditor.QuickSearchModule:UnityEditor.Search:ASIAI0B' with importer (ScriptedImporter : UnityEditor.QuickSearchModule:UnityEditor.Search:ASIAI0B)
Imported 'GUID: d5f0b0adc6826e9dd3b72e292e8438be' -> (Import Result ID: 'a8a8e3f6dcab68672592ca1a0c78ff75') in 0.007 seconds [static and dynamic dependencies]. Details - ImportResultOutputID=4cd35bbf6a047a5452a58b114fd016b3 DependenciesID=7127613b58c1b13c2efc87069eef3a1e StaticDependenciesID=27930fb28c043cca7a0f0fcb3aebf32f 
Number of updated asset objects reloaded before import = 0
Number of asset objects unloaded after import = 1
========================================================================
Received Import Request.
  Time of request: 2026-10-07T19:21:29.0480571Z
  Time since last request: 0.000518 seconds.
  importAddress: GUID: cca5935142d6c754f9ecdce1294f7079 - Path: Packages/com.unity.test-framework/UnityEditor.TestRunner/TestRun/Tasks/Events - Importer: ScriptedImporter/UnityEditor.QuickSearchModule:UnityEditor.Search:ASIAI0B
Importing 'GUID: cca5935142d6c754f9ecdce1294f7079 - Path: Packages/com.unity.test-framework/UnityEditor.TestRunner/TestRun/Tasks/Events - Importer: ScriptedImporter/UnityEditor.QuickSearchModule:UnityEditor.Search:ASIAI0B' with importer (ScriptedImporter : UnityEditor.QuickSearchModule:UnityEditor.Search:ASIAI0B)
Imported 'GUID: cca5935142d6c754f9ecdce1294f7079' -> (Import Result ID: '461e546c7bc32fac845c8ad98267634f') in 0.003 seconds [static and dynamic dependencies]. Details - ImportResultOutputID=ee1f4e5b1197118d6f323826bf784d64 DependenciesID=eb5cca4056b70cf192ff7143fc19bb8b StaticDependenciesID=e33a75265bf8ae2ab2ee6118125afab9 
Number of updated asset objects reloaded before import = 0
Number of asset objects unloaded after import = 1
========================================================================
Received Import Request.
  Time of request: 2026-10-07T19:21:29.0521148Z
  Time since last request: 0.0007703 seconds.
  importAddress: GUID: 0cb14878543cf3d4f8472b15f7ecf0e3 - Path: Packages/com.unity.test-framework/UnityEngine.TestRunner/NUnitExtensions/Attributes - Importer: ScriptedImporter/UnityEditor.QuickSearchModule:UnityEditor.Search:ASIAI0B
Importing 'GUID: 0cb14878543cf3d4f8472b15f7ecf0e3 - Path: Packages/com.unity.test-framework/UnityEngine.TestRunner/NUnitExtensions/Attributes - Importer: ScriptedImporter/UnityEditor.QuickSearchModule:UnityEditor.Search:ASIAI0B' with importer (ScriptedImporter : UnityEditor.QuickSearchModule:UnityEditor.Search:ASIAI0B)
Imported 'GUID: 0cb14878543cf3d4f8472b15f7ecf0e3' -> (Import Result ID: 'fd4459fb73684d941183b50b3a5ee3f2') in 0.004 seconds [static and dynamic dependencies]. Details - ImportResultOutputID=22070eaf716b59b47c9fa09381b62ad3 DependenciesID=be1a6de65ff684c8e1801be3f036e86e StaticDependenciesID=5ee4a2e352d109cb90fddc6a9ee790f9 
Number of updated asset objects reloaded before import = 0
Number of asset objects unloaded after import = 1
========================================================================
Received Import Request.
  Time of request: 2026-10-07T19:21:29.0568521Z
  Time since last request: 0.0005709 seconds.
  importAddress: GUID: 92e3104769da143888a712cdea27d950 - Path: Packages/com.unity.test-framework/UnityEditor.TestRunner/GUI/TestAssets - Importer: ScriptedImporter/UnityEditor.QuickSearchModule:UnityEditor.Search:ASIAI0B
Importing 'GUID: 92e3104769da143888a712cdea27d950 - Path: Packages/com.unity.test-framework/UnityEditor.TestRunner/GUI/TestAssets - Importer: ScriptedImporter/UnityEditor.QuickSearchModule:UnityEditor.Search:ASIAI0B' with importer (ScriptedImporter : UnityEditor.QuickSearchModule:UnityEditor.Search:ASIAI0B)
Imported 'GUID: 92e3104769da143888a712cdea27d950' -> (Import Result ID: 'c9a8875205ad30b470749913ffaf8b51') in 0.006 seconds [static and dynamic dependencies]. Details - ImportResultOutputID=f3cf9e2f91ca9b95d823e038ef8ac8ca DependenciesID=92722165e412eaa2a0ef9ae6f1edc53c StaticDependenciesID=9a194d1d667249ea542cf6e13e270db1 
Number of updated asset objects reloaded before import = 0
Number of asset objects unloaded after import = 1
========================================================================
Received Import Request.
  Time of request: 2026-10-07T19:21:29.0650482Z
  Time since last request: 0.0014662 seconds.
  importAddress: GUID: 07ea0326ed848fb4489187cb58f96113 - Path: Packages/com.unity.test-framework/UnityEditor.TestRunner/GUI/TestListBuilder - Importer: ScriptedImporter/UnityEditor.QuickSearchModule:UnityEditor.Search:ASIAI0B
Importing 'GUID: 07ea0326ed848fb4489187cb58f96113 - Path: Packages/com.unity.test-framework/UnityEditor.TestRunner/GUI/TestListBuilder - Importer: ScriptedImporter/UnityEditor.QuickSearchModule:UnityEditor.Search:ASIAI0B' with importer (ScriptedImporter : UnityEditor.QuickSearchModule:UnityEditor.Search:ASIAI0B)
Imported 'GUID: 07ea0326ed848fb4489187cb58f96113' -> (Import Result ID: '76cc6a509e39f38aef8149bcc7f7621f') in 0.008 seconds [static and dynamic dependencies]. Details - ImportResultOutputID=34f4cdb4be3b5a2d3774e3fbedf33517 DependenciesID=4e2ef040c06414b66442abed968dec40 StaticDependenciesID=3132948519a5905738c03c93d7b9224c 
Number of updated asset objects reloaded before import = 0
Number of asset objects unloaded after import = 1
========================================================================
Received Import Request.
  Time of request: 2026-10-07T19:21:29.0743074Z
  Time since last request: 0.0007704 seconds.
  importAddress: GUID: 95b719082a664ea45bb56759eed1f271 - Path: Packages/com.unity.test-framework/UnityEditor.TestRunner/TestSettings - Importer: ScriptedImporter/UnityEditor.QuickSearchModule:UnityEditor.Search:ASIAI0B
Importing 'GUID: 95b719082a664ea45bb56759eed1f271 - Path: Packages/com.unity.test-framework/UnityEditor.TestRunner/TestSettings - Importer: ScriptedImporter/UnityEditor.QuickSearchModule:UnityEditor.Search:ASIAI0B' with importer (ScriptedImporter : UnityEditor.QuickSearchModule:UnityEditor.Search:ASIAI0B)
Imported 'GUID: 95b719082a664ea45bb56759eed1f271' -> (Import Result ID: '489ae0c1bc8dd25c7bff362301cc827c') in 0.008 seconds [static and dynamic dependencies]. Details - ImportResultOutputID=755dc56c2861d640d883fb2f111f9f28 DependenciesID=7e194a789b27122fd24c5d24e42f184c StaticDependenciesID=80a163653f969d93525b62cfb6a5452b 
Number of updated asset objects reloaded before import = 0
Number of asset objects unloaded after import = 1
========================================================================
Received Import Request.
  Time of request: 2026-10-07T19:21:29.0830517Z
  Time since last request: 0.0006928 seconds.
  importAddress: GUID: 5469ef0820152a4ae45d400fdc4626e4 - Path: Packages/com.unity.modules.screencapture - Importer: ScriptedImporter/UnityEditor.QuickSearchModule:UnityEditor.Search:ASIAI0B
Importing 'GUID: 5469ef0820152a4ae45d400fdc4626e4 - Path: Packages/com.unity.modules.screencapture - Importer: ScriptedImporter/UnityEditor.QuickSearchModule:UnityEditor.Search:ASIAI0B' with importer (ScriptedImporter : UnityEditor.QuickSearchModule:UnityEditor.Search:ASIAI0B)
Imported 'GUID: 5469ef0820152a4ae45d400fdc4626e4' -> (Import Result ID: 'bc1161dff0bd2dff1d9c4a498be48dbe') in 0.004 seconds [static and dynamic dependencies]. Details - ImportResultOutputID=649aeebb7baa43276fe1f434cd2cac72 DependenciesID=e7739cc97a78ad5fe975111d169748a4 StaticDependenciesID=399136c8999637e9c54438d8bcc5ad74 
Number of updated asset objects reloaded before import = 0
Number of asset objects unloaded after import = 1
========================================================================
Received Import Request.
  Time of request: 2026-10-07T19:21:29.0878729Z
  Time since last request: 0.000498 seconds.
  importAddress: GUID: 8721cb2237d4a564a94a51f56243bdac - Path: Packages/com.unity.test-framework/UnityEditor.TestRunner/TestRun - Importer: ScriptedImporter/UnityEditor.QuickSearchModule:UnityEditor.Search:ASIAI0B
Importing 'GUID: 8721cb2237d4a564a94a51f56243bdac - Path: Packages/com.unity.test-framework/UnityEditor.TestRunner/TestRun - Importer: ScriptedImporter/UnityEditor.QuickSearchModule:UnityEditor.Search:ASIAI0B' with importer (ScriptedImporter : UnityEditor.QuickSearchModule:UnityEditor.Search:ASIAI0B)
Imported 'GUID: 8721cb2237d4a564a94a51f56243bdac' -> (Import Result ID: '198f65c115de061480efc645e2ee76e8') in 0.004 seconds [static and dynamic dependencies]. Details - ImportResultOutputID=e3e9a521ea6f8b43013672e1c2ca76d4 DependenciesID=3bf27eb68d36ee6a6c104601e011eedc StaticDependenciesID=99c5d390480be85b9814cb497ce40c8a 
Number of updated asset objects reloaded before import = 0
Number of asset objects unloaded after import = 1
========================================================================
Received Import Request.
  Time of request: 2026-10-07T19:21:29.0941874Z
  Time since last request: 0.0019261 seconds.
  importAddress: GUID: 3e8d6af343b383544ba5743d119f4062 - Path: Packages/com.unity.test-framework/UnityEngine.TestRunner/NUnitExtensions - Importer: ScriptedImporter/UnityEditor.QuickSearchModule:UnityEditor.Search:ASIAI0B
Importing 'GUID: 3e8d6af343b383544ba5743d119f4062 - Path: Packages/com.unity.test-framework/UnityEngine.TestRunner/NUnitExtensions - Importer: ScriptedImporter/UnityEditor.QuickSearchModule:UnityEditor.Search:ASIAI0B' with importer (ScriptedImporter : UnityEditor.QuickSearchModule:UnityEditor.Search:ASIAI0B)
Imported 'GUID: 3e8d6af343b383544ba5743d119f4062' -> (Import Result ID: '050b9028589501f4107d84bbc8e9e9a9') in 0.005 seconds [static and dynamic dependencies]. Details - ImportResultOutputID=82e92f25ebe8b35fe0b3fb2f34da747d DependenciesID=2aa02c7708a462d83b8081b31f0aaaec StaticDependenciesID=b9a01e8d6ee1381211d596791c690fd4 
Number of updated asset objects reloaded before import = 0
Number of asset objects unloaded after import = 1
========================================================================
Received Import Request.
  Time of request: 2026-10-07T19:21:29.0997828Z
  Time since last request: 0.0004426 seconds.
  importAddress: GUID: 95cdf27b47eb82747ba9e51f41e72a35 - Path: Packages/com.unity.test-framework/UnityEditor.TestRunner - Importer: ScriptedImporter/UnityEditor.QuickSearchModule:UnityEditor.Search:ASIAI0B
Importing 'GUID: 95cdf27b47eb82747ba9e51f41e72a35 - Path: Packages/com.unity.test-framework/UnityEditor.TestRunner - Importer: ScriptedImporter/UnityEditor.QuickSearchModule:UnityEditor.Search:ASIAI0B' with importer (ScriptedImporter : UnityEditor.QuickSearchModule:UnityEditor.Search:ASIAI0B)
Imported 'GUID: 95cdf27b47eb82747ba9e51f41e72a35' -> (Import Result ID: '64a420a03de6cd89c5522c8bf0a1b7e9') in 0.003 seconds [static and dynamic dependencies]. Details - ImportResultOutputID=c76efdba87a485babf5d2d2288d18f73 DependenciesID=f332d5a70779d131d5e5d4e2a43b2d55 StaticDependenciesID=f141bf22d7eb93e2e9b565e178f2fcb8 
Number of updated asset objects reloaded before import = 0
Number of asset objects unloaded after import = 1
========================================================================
Received Import Request.
  Time of request: 2026-10-07T19:21:29.1035501Z
  Time since last request: 0.0006246 seconds.
  importAddress: GUID: ce8da628f68c7594b8b9a597fa52db7b - Path: Packages/com.unity.test-framework/UnityEngine.TestRunner/Utils/MonoBehaviourTest - Importer: ScriptedImporter/UnityEditor.QuickSearchModule:UnityEditor.Search:ASIAI0B
Importing 'GUID: ce8da628f68c7594b8b9a597fa52db7b - Path: Packages/com.unity.test-framework/UnityEngine.TestRunner/Utils/MonoBehaviourTest - Importer: ScriptedImporter/UnityEditor.QuickSearchModule:UnityEditor.Search:ASIAI0B' with importer (ScriptedImporter : UnityEditor.QuickSearchModule:UnityEditor.Search:ASIAI0B)
Imported 'GUID: ce8da628f68c7594b8b9a597fa52db7b' -> (Import Result ID: '1cdce8d26f6ad45d7f0818ae3ead2749') in 0.004 seconds [static and dynamic dependencies]. Details - ImportResultOutputID=547ea9a0836af72bf9d7a6b39913ac21 DependenciesID=4158a7497fe4ec5c27091edcf884664f StaticDependenciesID=b41c09d3320a78865d74e44c8e783eee 
Number of updated asset objects reloaded before import = 0
Number of asset objects unloaded after import = 1
========================================================================
Received Import Request.
  Time of request: 2026-10-07T19:21:29.1089507Z
  Time since last request: 0.0004033 seconds.
  importAddress: GUID: c5535d742ea2e4941850b421f9c70a1f - Path: Packages/com.unity.test-framework/UnityEditor.TestRunner/GUI/Views - Importer: ScriptedImporter/UnityEditor.QuickSearchModule:UnityEditor.Search:ASIAI0B
Importing 'GUID: c5535d742ea2e4941850b421f9c70a1f - Path: Packages/com.unity.test-framework/UnityEditor.TestRunner/GUI/Views - Importer: ScriptedImporter/UnityEditor.QuickSearchModule:UnityEditor.Search:ASIAI0B' with importer (ScriptedImporter : UnityEditor.QuickSearchModule:UnityEditor.Search:ASIAI0B)
Imported 'GUID: c5535d742ea2e4941850b421f9c70a1f' -> (Import Result ID: 'cb7b9bde70b4dbe1a5490cb406d1c6fa') in 0.003 seconds [static and dynamic dependencies]. Details - ImportResultOutputID=ac5ab1704f7d4d909ff5d7c1506b6a03 DependenciesID=85019226feca4c4e79f7c5c98b3c9bba StaticDependenciesID=20d91c705c9b11cf3e54ec1b9d67ff7e 
Number of updated asset objects reloaded before import = 0
Number of asset objects unloaded after import = 1
Editor requested this worker to shutdown with reason: Editor is closing down
AcceleratorClientConnectionCallback - disconnected - :0
AssetImportWorker is now disconnected from the server
Process exiting
Curl error 42: Callback aborted
[ExitDontLaunchBugReporter] Exiting without the bug reporter. Application will exit with return code 0
