VBCSCompilerPreWarmer: watching VBCSCompiler (PID 21160)
VBCSCompilerPreWarmer: pre-warm launched (dotnet PID 14720)
VBCSCompiler prewarm took 87.64 ms
[Licensing::Module] Trying to connect to existing licensing client channel...
Built from '6000.6/staging' branch; Version is '6000.6.3f1 (45d8eee7de74) revision 4577518'; Using compiler version '194234433'; Build Type 'Release'
[Licensing::IpcConnector] Successfully connected to: "LicenseClient-lenno" at "2026-10-07T19:12:07.2429415Z"
OS: 'Windows 11  (10.0.26200) Core' Language: 'en' Physical Memory: 16069 MB
BatchMode: 0, IsHumanControllingUs: 1, StartBugReporterOnCrash: 1, Is64bit: 1
System  architecture: x64
Process architecture: x64
Date: 2026-10-07T19:12:07Z
[Licensing::Client] Code 10 while verifying Licensing Client signature (process Id: 22588, path: "C:/Program Files/Unity Hub/UnityLicensingClient_V1/Unity.Licensing.Client.exe")
[Licensing::Module] LicensingClient has failed validation; ignoring
[Licensing::Client] Handshaking with LicensingClient:
  Version:                 1.18.3+d7ffd15
  Session Id:              22efc45a73b94e988f3aaf96256081f7
  Correlation Id:          1f2693630c325898a7a6b6ed26333543
  External correlation Id: 5243656810203835057
  Machine Id:              saJU5r/rGpMPBhAxgqcxS6nTKu0=
[Licensing::Module] Successfully connected to LicensingClient on channel: "LicenseClient-lenno" (connect: 0.00s, validation: 0.01s, handshake: 0.24s)
[Licensing::IpcConnector] Successfully connected to: "LicenseClient-lenno-notifications" at "2026-10-07T19:12:07.4873869Z"
[Licensing::Client] Successfully updated the access token
[Licensing::Module] Successfully updated the access token zuWoMk05lC...
[Licensing::Client] Successfully resolved entitlement details
[Licensing::Module] License group:
  Id: 5774125510858-UnityPersXXXX
  Product: Unity Personal
  Type: Assigned
  Expiration: Unlimited
[Licensing::Client] Successfully updated license, isAsync: True, time: 0.01
[Licensing::Client] Successfully resolved entitlement details
[Licensing::Module] Licensing Background thread has ended after 0.27s

COMMAND LINE ARGUMENTS:
C:\Program Files\Unity\Hub\Editor\6000.6.3f1\Editor\Unity.exe
-projectpath
C:\Users\lenno\OneDrive\Documents\GitHub\Monster-Mystery-Maze
-acceptSoftwareTermsForThisRunOnly
-useHub
-hubIPC
-cloudEnvironment
production
-buildTarget
StandaloneWindows64
-licensingIpc
LicenseClient-lenno
-hubSessionId
ba49cfeb-1cfb-441c-82ca-74be1809e8f3
-accessToken
zuWoMk05lC5uHw6375A2-WBE3IeBV5lQs-IXP1PAoZI005f
Successfully changed project path to: C:\Users\lenno\OneDrive\Documents\GitHub\Monster-Mystery-Maze
C:/Users/lenno/OneDrive/Documents/GitHub/Monster-Mystery-Maze
[UnityMemory] Configuration Parameters - Can be set up in boot.config
    "memorysetup-temp-allocator-size-gi-baking-worker=262144"
    "memorysetup-temp-allocator-size-gi-baking-worker=262144"
    "memorysetup-temp-allocator-size-gi-baking-worker=262144"
    "memorysetup-temp-allocator-size-gi-baking-worker=262144"
    "memorysetup-temp-allocator-size-gi-baking-worker=262144"
    "memorysetup-temp-allocator-size-nav-mesh-worker=65536"
    "memorysetup-temp-allocator-size-audio-worker=65536"
    "memorysetup-temp-allocator-size-cloud-worker=32768"
    "memorysetup-temp-allocator-size-gfx=262144"
    "memorysetup-remapper-allocator-initial-capacity=32768"
    "memorysetup-temp-allocator-size-preload-manager=33554432"
    "memorysetup-allocator-temp-initial-block-size-main=262144"
    "memorysetup-allocator-temp-initial-block-size-worker=262144"
    "memorysetup-temp-allocator-size-job-worker=262144"
    "memorysetup-temp-allocator-size-background-worker=32768"
    "memorysetup-bucket-allocator-granularity=16"
    "memorysetup-bucket-allocator-bucket-count=8"
    "memorysetup-bucket-allocator-block-size=33554432"
    "memorysetup-bucket-allocator-block-count=8"
    "memorysetup-main-allocator-block-size=16777216"
    "memorysetup-thread-allocator-block-size=16777216"
    "memorysetup-main-allocator-mimalloc-enabled=1"
    "memorysetup-gfx-main-allocator-block-size=16777216"
    "memorysetup-gfx-thread-allocator-block-size=16777216"
    "memorysetup-cache-allocator-block-size=4194304"
    "memorysetup-typetree-allocator-block-size=2097152"
    "memorysetup-profiler-bucket-allocator-granularity=16"
    "memorysetup-profiler-bucket-allocator-bucket-count=8"
    "memorysetup-profiler-bucket-allocator-block-size=33554432"
    "memorysetup-profiler-bucket-allocator-block-count=8"
    "memorysetup-profiler-allocator-block-size=16777216"
    "memorysetup-profiler-editor-allocator-block-size=1048576"
    "memorysetup-temp-allocator-size-main=16777216"
    "memorysetup-job-temp-allocator-block-size=2097152"
    "memorysetup-job-temp-allocator-block-size-background=1048576"
    "memorysetup-job-temp-allocator-reduction-small-platforms=262144"
Player connection [28252]  Target information:

Player connection [28252]  * "[IP] 192.168.1.113 [Port] 55505 [Flags] 2 [Guid] 2310491388 [EditorId] 2310491388 [Version] 1048832 [Id] WindowsEditor(7,Lennon) [Debug] 1 [PackageName] WindowsEditor [ProjectName] Editor" 

Player connection [28252] Host joined multi-casting on [225.0.0.222:54997]...
Player connection [28252] Host joined alternative multi-casting on [225.0.0.222:34997]...
Input System module state changed to: Initialized.
[Physics::Module] Initialized fallback backend.
[Physics::Module] Id: 0xdecafbad
[Package Manager] Connected to IPC stream "Upm-39780" after 0.4 seconds.
[Licensing::Client] Successfully resolved entitlement details
Library Redirect Path: Library/
Initialising UDS system complete:
  - System type: Client
  - Resource namespace: f75e6a8e29fec2943bdd91be77ce5c54
  - Shared memory size: 1073741824
  - Command buffer id: 1052576
  - Command buffer size: 8192
  - Hashmap size: 4194304
  - Service connected: false
Launching Unity Data Store - C:/Program Files/Unity/Hub/Editor/6000.6.3f1/Editor/Data/Tools/Unity.DataStore.exe 
Unity Data Store artifact dir = Library/DataStore, working dir = C:/Users/lenno/OneDrive/Documents/GitHub/Monster-Mystery-MazeUnity Data Store running and initialised
Targeting platform: StandaloneWindows64
[Physics::Module] Selected backend (deferred post-plugins).
[Physics::Module] Name: PhysX
[Physics::Module] Id: 0xf2b8ea05
[Physics::Module] SDK Version: 4.1.2
[Physics::Module] Integration Version: 1.0.0
[Physics::Module] Threading Mode: Multi-Threaded
Initialize engine version: 6000.6.3f1 (45d8eee7de74)
[EntityIdStore] init: VM path (explicit commit), pageSize=4096, blockCount=1048576, entitiesPerBlock=256, slots reserved=4294967296 bytes
[Subsystems] Discovering subsystems at path C:/Program Files/Unity/Hub/Editor/6000.6.3f1/Editor/Data/Resources/UnitySubsystems
[Subsystems] Discovering subsystems at path C:/Users/lenno/OneDrive/Documents/GitHub/Monster-Mystery-Maze/Assets
[D3D12 Device Filter] Vendor Name: Intel
[D3D12 Device Filter] Device Name: Intel(R) Iris(R) Xe Graphics
[D3D12 Device Filter] Driver Version: 31.0.101.4255
[D3D12 Device Filter] Feature Level: 12.1
[D3D12 Device Filter] Graphics Memory: 8034 MB
[D3D12 Device Filter] Processor Count: 12
[D3D12 Device Filter] Device Type: Integrated
[D3D12 Device Filter] D3D12 API denied by user filter: {"Vendor": "Intel", "Device Type:": Integrated}
GfxDevice: creating device client; kGfxThreadingModeThreaded
Direct3D:
    Version:  Direct3D 11.0 [level 11.1]
    Renderer: Intel(R) Iris(R) Xe Graphics (ID=0x46a8)
    Vendor:   Intel
    VRAM:     8034 MB
    Driver:   31.0.101.4255
Initialize mono
Mono path[0] = 'C:/Program Files/Unity/Hub/Editor/6000.6.3f1/Editor/Data/Managed'
Mono path[1] = 'C:/Program Files/Unity/Hub/Editor/6000.6.3f1/Editor/Data/BCLExtensions/runtime/netstandard2.1'
Mono path[2] = 'C:/Program Files/Unity/Hub/Editor/6000.6.3f1/Editor/Data/MonoBleedingEdge/lib/mono/unityjit-win32'
Mono config path = 'C:/Program Files/Unity/Hub/Editor/6000.6.3f1/Editor/Data/MonoBleedingEdge/etc'
Using monoOptions --debugger-agent=transport=dt_socket,embedding=1,server=y,suspend=n,address=127.0.0.1:56780
CodeReloadManager initialized
ImportWorker Server TCP listen port: 0
AcceleratorClientConnectionCallback - disconnected - :0
Begin MonoManager ReloadAssembly
Registering precompiled unity dll's ...
Register platform support module: C:/Program Files/Unity/Hub/Editor/6000.6.3f1/Editor/Data/PlaybackEngines/WebGLSupport/UnityEditor.WebGL.Extensions.dll
Register platform support module: C:/Program Files/Unity/Hub/Editor/6000.6.3f1/Editor/Data/PlaybackEngines/WindowsStandaloneSupport/UnityEditor.WindowsStandalone.Extensions.dll
Registered in 0.414624 seconds.
Native extension for WindowsStandalone target not found
Native extension for WebGL target not found
Package Manager log level set to [2]
ScheduleIndexationOnStartup MainProcess:False IndexOnStartup:True
Scripting: successfully reloaded assembly
- Finished resetting the current domain, in  3.425 seconds
Domain Reload Profiling: 5979ms
	BeginReloadAssembly (348ms)
		CreateAndSetChildDomain (38ms)
	RebuildCommonClasses (8ms)
	RebuildNativeTypeToScriptingClass (183ms)
	initialDomainReloadingComplete (622ms)
	LoadAllAssembliesAndSetupDomain (1389ms)
		LoadAssemblies (310ms)
		TypeCache.Refresh (1241ms)
			TypeCache.ScanAssembly (1016ms)
		AnalyzeDomain (2ms)
	FinalizeReload (3429ms)
		SetupLoadedEditorAssemblies (0ms)
			InitializePlatformSupportModulesInManaged (5ms)
			BeforeProcessingInitializeOnLoad (153ms)
			ProcessInitializeOnLoadAttributes (126ms)
			ProcessInitializeOnLoadMethodAttributes (2289ms)
[Licensing::Client] Successfully resolved entitlement details
Application.AssetDatabase Initial Refresh Start
[Package Manager] Done resolving packages in 4.58 seconds
[Licensing::Client] Successfully resolved entitlement details
[Package Manager] Registered 42 packages:
  Packages from [https://packages.unity.com]:
    com.unity.ide.rider@3.0.38 (location: C:\Users\lenno\OneDrive\Documents\GitHub\Monster-Mystery-Maze\Library\PackageCache\com.unity.ide.rider@1f60b3138684)
    com.unity.ide.visualstudio@2.0.26 (location: C:\Users\lenno\OneDrive\Documents\GitHub\Monster-Mystery-Maze\Library\PackageCache\com.unity.ide.visualstudio@a99d56dec63f)
  Built-in packages:
    com.unity.modules.accessibility@1.0.0 (location: C:\Users\lenno\OneDrive\Documents\GitHub\Monster-Mystery-Maze\Library\PackageCache\com.unity.modules.accessibility)
    com.unity.modules.adaptiveperformance@1.0.0 (location: C:\Users\lenno\OneDrive\Documents\GitHub\Monster-Mystery-Maze\Library\PackageCache\com.unity.modules.adaptiveperformance)
    com.unity.modules.ai@1.0.0 (location: C:\Users\lenno\OneDrive\Documents\GitHub\Monster-Mystery-Maze\Library\PackageCache\com.unity.modules.ai)
    com.unity.modules.androidjni@1.0.0 (location: C:\Users\lenno\OneDrive\Documents\GitHub\Monster-Mystery-Maze\Library\PackageCache\com.unity.modules.androidjni)
    com.unity.modules.animation@1.0.0 (location: C:\Users\lenno\OneDrive\Documents\GitHub\Monster-Mystery-Maze\Library\PackageCache\com.unity.modules.animation)
    com.unity.modules.assetbundle@1.0.0 (location: C:\Users\lenno\OneDrive\Documents\GitHub\Monster-Mystery-Maze\Library\PackageCache\com.unity.modules.assetbundle)
    com.unity.modules.audio@1.0.0 (location: C:\Users\lenno\OneDrive\Documents\GitHub\Monster-Mystery-Maze\Library\PackageCache\com.unity.modules.audio)
    com.unity.modules.cloth@1.0.0 (location: C:\Users\lenno\OneDrive\Documents\GitHub\Monster-Mystery-Maze\Library\PackageCache\com.unity.modules.cloth)
    com.unity.modules.director@1.0.0 (location: C:\Users\lenno\OneDrive\Documents\GitHub\Monster-Mystery-Maze\Library\PackageCache\com.unity.modules.director)
    com.unity.modules.imageconversion@1.0.0 (location: C:\Users\lenno\OneDrive\Documents\GitHub\Monster-Mystery-Maze\Library\PackageCache\com.unity.modules.imageconversion)
    com.unity.modules.imgui@1.0.0 (location: C:\Users\lenno\OneDrive\Documents\GitHub\Monster-Mystery-Maze\Library\PackageCache\com.unity.modules.imgui)
    com.unity.modules.jsonserialize@1.0.0 (location: C:\Users\lenno\OneDrive\Documents\GitHub\Monster-Mystery-Maze\Library\PackageCache\com.unity.modules.jsonserialize)
    com.unity.modules.particlesystem@1.0.0 (location: C:\Users\lenno\OneDrive\Documents\GitHub\Monster-Mystery-Maze\Library\PackageCache\com.unity.modules.particlesystem)
    com.unity.modules.physics@1.0.0 (location: C:\Users\lenno\OneDrive\Documents\GitHub\Monster-Mystery-Maze\Library\PackageCache\com.unity.modules.physics)
    com.unity.modules.physics2d@1.0.0 (location: C:\Users\lenno\OneDrive\Documents\GitHub\Monster-Mystery-Maze\Library\PackageCache\com.unity.modules.physics2d)
    com.unity.modules.physicscore2d@1.0.0 (location: C:\Users\lenno\OneDrive\Documents\GitHub\Monster-Mystery-Maze\Library\PackageCache\com.unity.modules.physicscore2d)
    com.unity.modules.screencapture@1.0.0 (location: C:\Users\lenno\OneDrive\Documents\GitHub\Monster-Mystery-Maze\Library\PackageCache\com.unity.modules.screencapture)
    com.unity.modules.terrain@1.0.0 (location: C:\Users\lenno\OneDrive\Documents\GitHub\Monster-Mystery-Maze\Library\PackageCache\com.unity.modules.terrain)
    com.unity.modules.terrainphysics@1.0.0 (location: C:\Users\lenno\OneDrive\Documents\GitHub\Monster-Mystery-Maze\Library\PackageCache\com.unity.modules.terrainphysics)
    com.unity.modules.tetgen@1.0.0 (location: C:\Users\lenno\OneDrive\Documents\GitHub\Monster-Mystery-Maze\Library\PackageCache\com.unity.modules.tetgen)
    com.unity.modules.tilemap@1.0.0 (location: C:\Users\lenno\OneDrive\Documents\GitHub\Monster-Mystery-Maze\Library\PackageCache\com.unity.modules.tilemap)
    com.unity.modules.timelinefoundation@1.0.0 (location: C:\Users\lenno\OneDrive\Documents\GitHub\Monster-Mystery-Maze\Library\PackageCache\com.unity.modules.timelinefoundation)
    com.unity.modules.ui@1.0.0 (location: C:\Users\lenno\OneDrive\Documents\GitHub\Monster-Mystery-Maze\Library\PackageCache\com.unity.modules.ui)
    com.unity.modules.uielements@1.0.0 (location: C:\Users\lenno\OneDrive\Documents\GitHub\Monster-Mystery-Maze\Library\PackageCache\com.unity.modules.uielements)
    com.unity.modules.umbra@1.0.0 (location: C:\Users\lenno\OneDrive\Documents\GitHub\Monster-Mystery-Maze\Library\PackageCache\com.unity.modules.umbra)
    com.unity.modules.unityanalytics@1.0.0 (location: C:\Users\lenno\OneDrive\Documents\GitHub\Monster-Mystery-Maze\Library\PackageCache\com.unity.modules.unityanalytics)
    com.unity.modules.unitywebrequest@1.0.0 (location: C:\Users\lenno\OneDrive\Documents\GitHub\Monster-Mystery-Maze\Library\PackageCache\com.unity.modules.unitywebrequest)
    com.unity.modules.unitywebrequestassetbundle@1.0.0 (location: C:\Users\lenno\OneDrive\Documents\GitHub\Monster-Mystery-Maze\Library\PackageCache\com.unity.modules.unitywebrequestassetbundle)
    com.unity.modules.unitywebrequestaudio@1.0.0 (location: C:\Users\lenno\OneDrive\Documents\GitHub\Monster-Mystery-Maze\Library\PackageCache\com.unity.modules.unitywebrequestaudio)
    com.unity.modules.unitywebrequesttexture@1.0.0 (location: C:\Users\lenno\OneDrive\Documents\GitHub\Monster-Mystery-Maze\Library\PackageCache\com.unity.modules.unitywebrequesttexture)
    com.unity.modules.unitywebrequestwww@1.0.0 (location: C:\Users\lenno\OneDrive\Documents\GitHub\Monster-Mystery-Maze\Library\PackageCache\com.unity.modules.unitywebrequestwww)
    com.unity.modules.vectorgraphics@1.0.0 (location: C:\Users\lenno\OneDrive\Documents\GitHub\Monster-Mystery-Maze\Library\PackageCache\com.unity.modules.vectorgraphics)
    com.unity.modules.vehicles@1.0.0 (location: C:\Users\lenno\OneDrive\Documents\GitHub\Monster-Mystery-Maze\Library\PackageCache\com.unity.modules.vehicles)
    com.unity.modules.video@1.0.0 (location: C:\Users\lenno\OneDrive\Documents\GitHub\Monster-Mystery-Maze\Library\PackageCache\com.unity.modules.video)
    com.unity.modules.wind@1.0.0 (location: C:\Users\lenno\OneDrive\Documents\GitHub\Monster-Mystery-Maze\Library\PackageCache\com.unity.modules.wind)
    com.unity.modules.xr@1.0.0 (location: C:\Users\lenno\OneDrive\Documents\GitHub\Monster-Mystery-Maze\Library\PackageCache\com.unity.modules.xr)
    com.unity.modules.subsystems@1.0.0 (location: C:\Users\lenno\OneDrive\Documents\GitHub\Monster-Mystery-Maze\Library\PackageCache\com.unity.modules.subsystems)
    com.unity.modules.hierarchycore@1.0.0 (location: C:\Users\lenno\OneDrive\Documents\GitHub\Monster-Mystery-Maze\Library\PackageCache\com.unity.modules.hierarchycore)
    com.unity.test-framework@1.8.0 (location: C:\Users\lenno\OneDrive\Documents\GitHub\Monster-Mystery-Maze\Library\PackageCache\com.unity.test-framework@80f691d4262b)
    com.unity.ext.nunit@2.1.0 (location: C:\Users\lenno\OneDrive\Documents\GitHub\Monster-Mystery-Maze\Library\PackageCache\com.unity.ext.nunit@0198eae3b53e)
[Subsystems] No new subsystems found in resolved package list.
[Package Manager] Done registering packages in 0.00 seconds
AcceleratorClientConnectionCallback - disconnected - :0
[API Updater] Processing imported assemblies took 251 ms (0/0 assembly(ies)).
Assembly Updater Post Process Assets time: 0.253753s
[ScriptCompilation] Requested script compilation because: Assembly Definition File(s) changed
[ScriptCompilation] Requested script compilation because: AssetDatabase observed changes in script compilation related files
Clearing Bee directory 'Library/Bee', since bee backend hash ('Library/Bee/bee_backend.info') is different, previous hash was 105f9c198b72bbdff7d3f14e8bf68b7dce1a39fce3dbe1916d8bdd06f662247d (Unity version: 6000.6.1f1), current hash is f3650d9d865a42bbf7b20a479648d9c1845f994ed4278c00d92d27febcc0cec8 (Unity version: 6000.6.3f1).
Starting: C:\Program Files\Unity\Hub\Editor\6000.6.3f1\Editor\Data\Tools\BuildPipeline\bee_backend.exe --ipc --defer-dag-verification --dagfile="Library/Bee/1900b0aE.dag" --continue-on-failure --profile="Library/Bee/backend1.traceevents" ScriptAssemblies
WorkingDir: C:/Users/lenno/OneDrive/Documents/GitHub/Monster-Mystery-Maze
ExitCode: 4 Duration: 0s86ms
[             ] Require frontend run.  Library/Bee/1900b0aE.dag couldn't be loaded
Starting: C:\Program Files\Unity\Hub\Editor\6000.6.3f1\Editor\Data\DotNetSdk\dotnet.exe "C:\Program Files\Unity\Hub\Editor\6000.6.3f1\Editor\Data\Tools\BuildPipeline\ScriptCompilationBuildProgram.exe" "Library/Bee/1900b0aE.dag.json" "Library/Bee/1900b0aE-inputdata.json" "Library\Bee\buildprogram0.traceevents"
WorkingDir: C:/Users/lenno/OneDrive/Documents/GitHub/Monster-Mystery-Maze
ExitCode: 0 Duration: 3s260ms
Starting: C:\Program Files\Unity\Hub\Editor\6000.6.3f1\Editor\Data\Tools\BuildPipeline\bee_backend.exe --ipc --defer-dag-verification --dagfile="Library/Bee/1900b0aE.dag" --continue-on-failure --dagfilejson="Library\Bee\1900b0aE.dag.json" --profile="Library/Bee/backend2.traceevents" ScriptAssemblies
WorkingDir: C:/Users/lenno/OneDrive/Documents/GitHub/Monster-Mystery-Maze
ExitCode: 0 Duration: 13s
Finished compiling graph: 203 nodes, 1084 flattened edges (1056 ToBuild, 8 ToUse), maximum node priority 41
[  1/200    0s] WriteText Library/Bee/artifacts/1900b0aE.dag/UnityEngine.TestRunner.rsp2
[  2/200    0s] MovedFromExtractor Library/Bee/artifacts/mvdfrm/UnityEditor.GIModule.dll_89F2A37E61DE3F16.mvfrm
[  3/200    0s] MovedFromExtractor Library/Bee/artifacts/mvdfrm/UnityEditor.GenericRemoteModule.dll_55394708DAFB381D.mvfrm
[  4/200    0s] MovedFromExtractor Library/Bee/artifacts/mvdfrm/UnityEditor.GraphicsStateCollectionSerializerModule.dll_283D60F486AD46C6.mvfrm
[  5/200    0s] MovedFromExtractor Library/Bee/artifacts/mvdfrm/UnityEditor.DeviceSimulatorModule.dll_F399483E11F0325E.mvfrm
[  6/200    0s] MovedFromExtractor Library/Bee/artifacts/mvdfrm/UnityEditor.CoreBusinessMetricsModule.dll_9C0A5F59CD3C5424.mvfrm
[  7/200    0s] MovedFromExtractor Library/Bee/artifacts/mvdfrm/UnityEditor.GraphViewModule.dll_C3F10214ABD0D383.mvfrm
[  8/200    0s] MovedFromExtractor Library/Bee/artifacts/mvdfrm/UnityEditor.DiagnosticsModule.dll_5F74228357F79D2C.mvfrm
[  9/200    0s] MovedFromExtractor Library/Bee/artifacts/mvdfrm/UnityEditor.GridAndSnapModule.dll_692D0904DB5C5A1B.mvfrm
[ 10/200    0s] MovedFromExtractor Library/Bee/artifacts/mvdfrm/UnityEditor.EmbreeModule.dll_36434C462DB9297C.mvfrm
[ 11/200    0s] MovedFromExtractor Library/Bee/artifacts/mvdfrm/UnityEditor.EditorToolbarModule.dll_F53406FFF2ECC06E.mvfrm
[ 12/200    0s] MovedFromExtractor Library/Bee/artifacts/mvdfrm/UnityEditor.GraphToolkitModule.dll_3D8B5E75431D7A74.mvfrm
[ 13/200    0s] MovedFromExtractor Library/Bee/artifacts/mvdfrm/UnityEditor.CoreModule.dll_26D4194ADD9C18D3.mvfrm
[ 14/200    0s] WriteText Library/Bee/artifacts/1900b0aE.dag/UnityEngine.TestRunner.UnityAdditionalFile.txt
[ 15/200    0s] MovedFromExtractor Library/Bee/artifacts/mvdfrm/UnityEditor.ContentLoadModule.dll_C1BD6033CF7DE5DF.mvfrm
[ 16/200    0s] MovedFromExtractor Library/Bee/artifacts/mvdfrm/UnityEditor.AssetComplianceModule.dll_2C74582C8CAC168B.mvfrm
[ 17/200    0s] MovedFromExtractor Library/Bee/artifacts/mvdfrm/UnityEditor.AdaptivePerformanceModule.dll_1C1F65DFA6F5252A.mvfrm
[ 18/200    0s] MovedFromExtractor Library/Bee/artifacts/mvdfrm/UnityEditor.BuildAnalysisModule.dll_17812EB01B31173A.mvfrm
[ 19/200    0s] MovedFromExtractor Library/Bee/artifacts/mvdfrm/UnityEditor.ClothModule.dll_4E753744DC87051A.mvfrm
[ 20/200    0s] MovedFromExtractor Library/Bee/artifacts/mvdfrm/UnityEditor.BurstModule.dll_5084CBA229C03E20.mvfrm
[ 21/200    0s] MovedFromExtractor Library/Bee/artifacts/mvdfrm/UnityEditor.AnimationWindowModule.dll_8EFD3C16477E2314.mvfrm
[ 22/200    0s] MovedFromExtractor Library/Bee/artifacts/mvdfrm/UnityEditor.AIModule.dll_F1B65A70C62F56FC.mvfrm
[ 23/200    0s] MovedFromExtractor Library/Bee/artifacts/mvdfrm/UnityEditor.AccessibilityModule.dll_BF37F12D79570F1E.mvfrm
[ 24/200    0s] MovedFromExtractor Library/Bee/artifacts/mvdfrm/UnityEngine.UIModule.dll_2B988A2D8DF39073.mvfrm
[ 25/200    0s] MovedFromExtractor Library/Bee/artifacts/mvdfrm/UnityEditor.BuildProfileModule.dll_21AE79CA526E4BEF.mvfrm
[ 26/200    0s] MovedFromExtractor Library/Bee/artifacts/mvdfrm/UnityEngine.dll_F9CF3E2D2FFEA537.mvfrm
[ 27/200    0s] MovedFromExtractor Library/Bee/artifacts/mvdfrm/UnityEngine.XRModule.dll_B12973B7B8E86349.mvfrm
[ 28/200    0s] MovedFromExtractor Library/Bee/artifacts/mvdfrm/UnityEngine.VirtualTexturingModule.dll_9C11DEBED0801D1C.mvfrm
[ 29/200    0s] MovedFromExtractor Library/Bee/artifacts/mvdfrm/UnityEngine.WindModule.dll_C043C7C616D80267.mvfrm
[ 30/200    0s] MovedFromExtractor Library/Bee/artifacts/mvdfrm/UnityEngine.VideoModule.dll_D2C31B18F6797280.mvfrm
[ 31/200    0s] MovedFromExtractor Library/Bee/artifacts/mvdfrm/UnityEngine.VehiclesModule.dll_7E1F23DF3193B136.mvfrm
[ 32/200    0s] MovedFromExtractor Library/Bee/artifacts/mvdfrm/UnityEngine.UnityWebRequestWWWModule.dll_8C0008989F517546.mvfrm
[ 33/200    0s] MovedFromExtractor Library/Bee/artifacts/mvdfrm/UnityEngine.UnityWebRequestModule.dll_76D7100A0EC49255.mvfrm
[ 34/200    0s] MovedFromExtractor Library/Bee/artifacts/mvdfrm/UnityEngine.VFXModule.dll_A43A9FE8B6C1524D.mvfrm
[ 35/200    0s] MovedFromExtractor Library/Bee/artifacts/mvdfrm/UnityEngine.VectorGraphicsModule.dll_D5308D1B8853842D.mvfrm
[ 36/200    0s] MovedFromExtractor Library/Bee/artifacts/mvdfrm/UnityEngine.UnityWebRequestTextureModule.dll_0A7086FFA029A3CA.mvfrm
[ 37/200    0s] MovedFromExtractor Library/Bee/artifacts/mvdfrm/UnityEngine.UnityWebRequestAssetBundleModule.dll_586C423352136AB1.mvfrm
[ 38/200    0s] MovedFromExtractor Library/Bee/artifacts/mvdfrm/UnityEngine.UnityWebRequestAudioModule.dll_A838D031AECB6155.mvfrm
[ 39/200    0s] MovedFromExtractor Library/Bee/artifacts/mvdfrm/UnityEngine.UnityCurlModule.dll_C5931F6EF6419A16.mvfrm
[ 40/200    0s] MovedFromExtractor Library/Bee/artifacts/mvdfrm/UnityEngine.UnityConnectModule.dll_0A480B4F71DA31B4.mvfrm
[ 41/200    0s] MovedFromExtractor Library/Bee/artifacts/mvdfrm/UnityEngine.UnityConsentModule.dll_DBEDA27B7EE4C804.mvfrm
[ 42/200    0s] MovedFromExtractor Library/Bee/artifacts/mvdfrm/Unity.Scripting.dll_4432DF8D4EFE5575.mvfrm
[ 43/200    0s] MovedFromExtractor Library/Bee/artifacts/mvdfrm/UnityEngine.UmbraModule.dll_288E42C6C10E024E.mvfrm
[ 44/200    0s] MovedFromExtractor Library/Bee/artifacts/mvdfrm/UnityEngine.U2DRuntimeModule.dll_F28E8913F8B59890.mvfrm
[ 45/200    0s] MovedFromExtractor Library/Bee/artifacts/mvdfrm/UnityEngine.UnityAnalyticsCommonModule.dll_CB7B39974249351B.mvfrm
[ 46/200    0s] MovedFromExtractor Library/Bee/artifacts/mvdfrm/UnityEngine.UIElementsModule.dll_25F099B52B865E7A.mvfrm
[ 47/200    0s] MovedFromExtractor Library/Bee/artifacts/mvdfrm/UnityEngine.UnityAnalyticsModule.dll_5D88C7B0A2745FE0.mvfrm
[ 48/200    0s] MovedFromExtractor Library/Bee/artifacts/mvdfrm/UnityEngine.TilemapModule.dll_AC547F9779FC6503.mvfrm
[ 49/200    0s] MovedFromExtractor Library/Bee/artifacts/mvdfrm/UnityEngine.TimelineFoundationModule.dll_7B9B0BD7BA6064F3.mvfrm
[ 50/200    0s] MovedFromExtractor Library/Bee/artifacts/mvdfrm/UnityEngine.TextRenderingModule.dll_EEB78C20BD2E9F24.mvfrm
[ 51/200    0s] MovedFromExtractor Library/Bee/artifacts/mvdfrm/UnityEngine.TextCoreTextEngineModule.dll_C13DC33CAF91B8DA.mvfrm
[ 52/200    0s] MovedFromExtractor Library/Bee/artifacts/mvdfrm/UnityEngine.TextCoreFontEngineModule.dll_79558CCB200DFFBC.mvfrm
[ 53/200    0s] MovedFromExtractor Library/Bee/artifacts/mvdfrm/UnityEngine.TetgenModule.dll_8643444A883631AC.mvfrm
[ 54/200    0s] MovedFromExtractor Library/Bee/artifacts/mvdfrm/UnityEngine.SubsystemsModule.dll_21B2384D285A2283.mvfrm
[ 55/200    0s] MovedFromExtractor Library/Bee/artifacts/mvdfrm/UnityEngine.TerrainPhysicsModule.dll_3E63FFBA0F900871.mvfrm
[ 56/200    0s] MovedFromExtractor Library/Bee/artifacts/mvdfrm/UnityEngine.TerrainModule.dll_0D581816623F83FA.mvfrm
[ 57/200    0s] MovedFromExtractor Library/Bee/artifacts/mvdfrm/UnityEngine.TLSModule.dll_235C0779E053E8E0.mvfrm
[ 58/200    0s] MovedFromExtractor Library/Bee/artifacts/mvdfrm/UnityEngine.StreamingModule.dll_470B6B8DD5B55F67.mvfrm
[ 59/200    0s] MovedFromExtractor Library/Bee/artifacts/mvdfrm/UnityEngine.SpriteShapeModule.dll_47CE03DCC8D78681.mvfrm
[ 60/200    0s] MovedFromExtractor Library/Bee/artifacts/mvdfrm/UnityEngine.SubstanceModule.dll_23B67FD721085D75.mvfrm
[ 61/200    0s] MovedFromExtractor Library/Bee/artifacts/mvdfrm/UnityEngine.ShaderVariantAnalyticsModule.dll_CB2AA4B04BF5DF45.mvfrm
[ 62/200    0s] MovedFromExtractor Library/Bee/artifacts/mvdfrm/UnityEngine.SpriteMaskModule.dll_B704D1EB5A123A70.mvfrm
[ 63/200    0s] MovedFromExtractor Library/Bee/artifacts/mvdfrm/UnityEngine.ScreenCaptureModule.dll_C5781A1605F71F2F.mvfrm
[ 64/200    0s] MovedFromExtractor Library/Bee/artifacts/mvdfrm/UnityEngine.RuntimeInitializeOnLoadManagerInitializerModule.dll_0FD681F820248C87.mvfrm
[ 65/200    0s] MovedFromExtractor Library/Bee/artifacts/mvdfrm/UnityEngine.ScriptingModule.dll_A997D70405B556DC.mvfrm
[ 66/200    0s] MovedFromExtractor Library/Bee/artifacts/mvdfrm/UnityEngine.PropertiesModule.dll_FB139E99AB8E0932.mvfrm
[ 67/200    0s] MovedFromExtractor Library/Bee/artifacts/mvdfrm/UnityEngine.PhysicsCore2DModule.dll_393CBB0050F4872D.mvfrm
[ 68/200    0s] MovedFromExtractor Library/Bee/artifacts/mvdfrm/UnityEngine.PhysicsModule.dll_F3119CA78C813B0C.mvfrm
[ 69/200    0s] MovedFromExtractor Library/Bee/artifacts/mvdfrm/UnityEngine.RenderAs2DModule.dll_3C4B611F8AE85369.mvfrm
[ 70/200    0s] MovedFromExtractor Library/Bee/artifacts/mvdfrm/UnityEngine.PhysicsBackendPhysXModule.dll_B6C2E222C4F6BAEE.mvfrm
[ 71/200    0s] MovedFromExtractor Library/Bee/artifacts/mvdfrm/UnityEngine.Physics2DModule.dll_DF1C6E2E272A9FBE.mvfrm
[ 72/200    0s] MovedFromExtractor Library/Bee/artifacts/mvdfrm/UnityEngine.PerformanceReportingModule.dll_303C7C53286096BD.mvfrm
[ 73/200    0s] MovedFromExtractor Library/Bee/artifacts/mvdfrm/UnityEngine.MultiplayerModule.dll_AE14F30ECBFCDBEF.mvfrm
[ 74/200    0s] MovedFromExtractor Library/Bee/artifacts/mvdfrm/UnityEngine.ParticleSystemModule.dll_3DE956E6F64D0DE4.mvfrm
[ 75/200    0s] MovedFromExtractor Library/Bee/artifacts/mvdfrm/UnityEngine.MarshallingModule.dll_D6D57516F75D7BC9.mvfrm
[ 76/200    0s] MovedFromExtractor Library/Bee/artifacts/mvdfrm/UnityEngine.InsightsModule.dll_A022F2F041E7311A.mvfrm
[ 77/200    0s] MovedFromExtractor Library/Bee/artifacts/mvdfrm/UnityEngine.ManagedKernelModule.dll_6E2F1BD9E184C151.mvfrm
[ 78/200    0s] MovedFromExtractor Library/Bee/artifacts/mvdfrm/UnityEngine.JSONSerializeModule.dll_AB906C90F18AF2CD.mvfrm
[ 79/200    0s] MovedFromExtractor Library/Bee/artifacts/mvdfrm/UnityEngine.MathematicsModule.dll_5381845B87AD45AB.mvfrm
[ 80/200    0s] MovedFromExtractor Library/Bee/artifacts/mvdfrm/UnityEngine.LocalizationModule.dll_DAD1C6A8C055F6C8.mvfrm
[ 81/200    0s] MovedFromExtractor Library/Bee/artifacts/mvdfrm/UnityEngine.InputModule.dll_142F5E5EAA1F7B7F.mvfrm
[ 82/200    0s] MovedFromExtractor Library/Bee/artifacts/mvdfrm/UnityEngine.InputLegacyModule.dll_BFB1F1A0AB270468.mvfrm
[ 83/200    0s] MovedFromExtractor Library/Bee/artifacts/mvdfrm/UnityEngine.InputForUIModule.dll_D08AB97498C341B2.mvfrm
[ 84/200    0s] MovedFromExtractor Library/Bee/artifacts/mvdfrm/UnityEngine.ImageConversionModule.dll_6538086003CFF7D6.mvfrm
[ 85/200    0s] MovedFromExtractor Library/Bee/artifacts/mvdfrm/UnityEngine.IdentifiersModule.dll_06F65E77D5AE1C8F.mvfrm
[ 86/200    0s] MovedFromExtractor Library/Bee/artifacts/mvdfrm/UnityEngine.IMGUIModule.dll_E6193614FA18EABC.mvfrm
[ 87/200    0s] MovedFromExtractor Library/Bee/artifacts/mvdfrm/UnityEngine.HotReloadModule.dll_13BF3C436160C3AB.mvfrm
[ 88/200    0s] MovedFromExtractor Library/Bee/artifacts/mvdfrm/UnityEngine.GridModule.dll_2766088B9DF619F5.mvfrm
[ 89/200    0s] MovedFromExtractor Library/Bee/artifacts/mvdfrm/UnityEngine.GraphicsStateCollectionSerializerModule.dll_31312DE453AC902B.mvfrm
[ 90/200    0s] MovedFromExtractor Library/Bee/artifacts/mvdfrm/UnityEngine.GameCenterModule.dll_CDD85F5B38A2A4F6.mvfrm
[ 91/200    0s] MovedFromExtractor Library/Bee/artifacts/mvdfrm/UnityEngine.HierarchyCoreModule.dll_C293802F60FCEB39.mvfrm
[ 92/200    0s] MovedFromExtractor Library/Bee/artifacts/mvdfrm/UnityEngine.GIModule.dll_C861350DCD5B72E1.mvfrm
[ 93/200    0s] MovedFromExtractor Library/Bee/artifacts/mvdfrm/UnityEngine.DirectorModule.dll_065C2A5FB769E19B.mvfrm
[ 94/200    0s] MovedFromExtractor Library/Bee/artifacts/mvdfrm/UnityEngine.CrashReportingModule.dll_EAD70D9A883B8256.mvfrm
[ 95/200    0s] MovedFromExtractor Library/Bee/artifacts/mvdfrm/UnityEngine.CoreModule.dll_49F4EC9D85A183FE.mvfrm
[ 96/200    0s] MovedFromExtractor Library/Bee/artifacts/mvdfrm/UnityEngine.DSPGraphModule.dll_0BAD8BC929CAB2BC.mvfrm
[ 97/200    0s] MovedFromExtractor Library/Bee/artifacts/mvdfrm/UnityEngine.ClusterRendererModule.dll_F9460AAF81AB3FE2.mvfrm
[ 98/200    0s] MovedFromExtractor Library/Bee/artifacts/mvdfrm/UnityEngine.ContentLoadModule.dll_C7832FC2E1B7F664.mvfrm
[ 99/200    0s] MovedFromExtractor Library/Bee/artifacts/mvdfrm/UnityEngine.ClusterInputModule.dll_9C84FC5628DA03CF.mvfrm
[100/200    0s] MovedFromExtractor Library/Bee/artifacts/mvdfrm/UnityEngine.BurstModule.dll_16B188065B3D6EC5.mvfrm
[101/200    0s] MovedFromExtractor Library/Bee/artifacts/mvdfrm/UnityEngine.ClothModule.dll_14A1F3A90E0435BF.mvfrm
[102/200    0s] MovedFromExtractor Library/Bee/artifacts/mvdfrm/UnityEngine.AudioModule.dll_ADB996AE33E756DB.mvfrm
[103/200    0s] MovedFromExtractor Library/Bee/artifacts/mvdfrm/UnityEngine.AnimationModule.dll_92767E3D862DA829.mvfrm
[104/200    0s] MovedFromExtractor Library/Bee/artifacts/mvdfrm/UnityEngine.AssetBundleModule.dll_2E6CD68213354E77.mvfrm
[105/200    0s] MovedFromExtractor Library/Bee/artifacts/mvdfrm/UnityEngine.AndroidJNIModule.dll_A38B15407261B405.mvfrm
[106/200    0s] MovedFromExtractor Library/Bee/artifacts/mvdfrm/UnityEngine.AdaptivePerformanceModule.dll_DCAEFA95E23A782F.mvfrm
[107/200    0s] MovedFromExtractor Library/Bee/artifacts/mvdfrm/UnityEngine.AccessibilityModule.dll_4B78E354F24F9243.mvfrm
[108/200    0s] MovedFromExtractor Library/Bee/artifacts/mvdfrm/UnityEngine.AIModule.dll_3024EC0031AC8AC7.mvfrm
[109/200    0s] MovedFromExtractor Library/Bee/artifacts/mvdfrm/UnityEngine.ARModule.dll_E997B1038EC9E990.mvfrm
[110/200    0s] MovedFromExtractor Library/Bee/artifacts/mvdfrm/UnityEditor.VectorGraphicsModule.dll_1A0C2B806C66F022.mvfrm
[111/200    0s] MovedFromExtractor Library/Bee/artifacts/mvdfrm/UnityEditor.VideoModule.dll_0C965EB4C4FC41DB.mvfrm
[112/200    0s] MovedFromExtractor Library/Bee/artifacts/mvdfrm/UnityEditor.dll_C72AF754D18B1852.mvfrm
[113/200    0s] MovedFromExtractor Library/Bee/artifacts/mvdfrm/UnityEditor.XRModule.dll_72BAE2284D6B2F7E.mvfrm
[114/200    0s] MovedFromExtractor Library/Bee/artifacts/mvdfrm/UnityEditor.UmbraModule.dll_626186628F90D1A9.mvfrm
[115/200    0s] MovedFromExtractor Library/Bee/artifacts/mvdfrm/UnityEditor.VFXModule.dll_9818FD9547114448.mvfrm
[116/200    0s] MovedFromExtractor Library/Bee/artifacts/mvdfrm/UnityEditor.UnityConnectModule.dll_1CE8874077523109.mvfrm
[117/200    0s] MovedFromExtractor Library/Bee/artifacts/mvdfrm/UnityEditor.UIElementsSamplesModule.dll_0C9A49091311642E.mvfrm
[118/200    0s] MovedFromExtractor Library/Bee/artifacts/mvdfrm/UnityEditor.UIToolkitAuthoringModule.dll_2E4CA6052B96C4B1.mvfrm
[119/200    0s] MovedFromExtractor Library/Bee/artifacts/mvdfrm/UnityEditor.UIElementsModule.dll_25422C6D2942452F.mvfrm
[120/200    0s] MovedFromExtractor Library/Bee/artifacts/mvdfrm/UnityEditor.UIAutomationModule.dll_D24F68BAEEE214AF.mvfrm
[121/200    0s] MovedFromExtractor Library/Bee/artifacts/mvdfrm/UnityEditor.UIBuilderModule.dll_1879AF311E894CB7.mvfrm
[122/200    0s] MovedFromExtractor Library/Bee/artifacts/mvdfrm/UnityEditor.U2DModule.dll_C3F1A8787CADA4A7.mvfrm
[123/200    0s] MovedFromExtractor Library/Bee/artifacts/mvdfrm/UnityEditor.TreeModule.dll_84800E596561AE12.mvfrm
[124/200    0s] MovedFromExtractor Library/Bee/artifacts/mvdfrm/UnityEditor.TimelineFoundationModule.dll_FD3B9084A762A628.mvfrm
[125/200    0s] MovedFromExtractor Library/Bee/artifacts/mvdfrm/UnityEditor.TextRenderingModule.dll_627699F944361BFF.mvfrm
[126/200    0s] MovedFromExtractor Library/Bee/artifacts/mvdfrm/UnityEditor.TilemapModule.dll_B9D9C6ED14ED7DBE.mvfrm
[127/200    0s] MovedFromExtractor Library/Bee/artifacts/mvdfrm/UnityEditor.TextCoreTextEngineModule.dll_42DE47E99C93FA0F.mvfrm
[128/200    0s] MovedFromExtractor Library/Bee/artifacts/mvdfrm/UnityEditor.TextCoreFontEngineModule.dll_FAF611780D1040F1.mvfrm
[129/200    0s] MovedFromExtractor Library/Bee/artifacts/mvdfrm/UnityEditor.SyntaxTreeModule.dll_72932AE5821A0B35.mvfrm
[130/200    0s] MovedFromExtractor Library/Bee/artifacts/mvdfrm/UnityEditor.TerrainModule.dll_1ADD5F6BFD309CB5.mvfrm
[131/200    0s] MovedFromExtractor Library/Bee/artifacts/mvdfrm/UnityEditor.SpriteShapeModule.dll_4208344DB69D75FC.mvfrm
[132/200    0s] MovedFromExtractor Library/Bee/artifacts/mvdfrm/UnityEditor.SpriteMaskModule.dll_B65664A357CE2125.mvfrm
[133/200    0s] MovedFromExtractor Library/Bee/artifacts/mvdfrm/UnityEditor.SubstanceModule.dll_6DD08EEE3B88AB90.mvfrm
[134/200    0s] MovedFromExtractor Library/Bee/artifacts/mvdfrm/UnityEditor.SketchUpModule.dll_F35A4D2F7ED0A62B.mvfrm
[135/200    0s] MovedFromExtractor Library/Bee/artifacts/mvdfrm/UnityEditor.ShaderPreprocessorModule.dll_1DDB1B1B0B391388.mvfrm
[136/200    0s] MovedFromExtractor Library/Bee/artifacts/mvdfrm/UnityEditor.ShaderCompilationModule.dll_1868AB80F61558FE.mvfrm
[137/200    0s] MovedFromExtractor Library/Bee/artifacts/mvdfrm/UnityEditor.ShaderFoundryModule.dll_57B348011488E734.mvfrm
[138/200    0s] MovedFromExtractor Library/Bee/artifacts/mvdfrm/UnityEditor.ShaderBuildSettingsModule.dll_2445AC8879F4566C.mvfrm
[139/200    0s] MovedFromExtractor Library/Bee/artifacts/mvdfrm/UnityEditor.SceneViewModule.dll_02A0E51CA0F3A091.mvfrm
[140/200    0s] MovedFromExtractor Library/Bee/artifacts/mvdfrm/UnityEditor.SafeModeModule.dll_0B4567DF339F0A14.mvfrm
[141/200    0s] MovedFromExtractor Library/Bee/artifacts/mvdfrm/UnityEditor.QuickInstallModule.dll_008DC80993F4BA22.mvfrm
[142/200    0s] MovedFromExtractor Library/Bee/artifacts/mvdfrm/UnityEditor.SceneTemplateModule.dll_18D377BDF1D96AA6.mvfrm
[143/200    0s] MovedFromExtractor Library/Bee/artifacts/mvdfrm/UnityEditor.PropertiesModule.dll_FA653151A949EFE7.mvfrm
[144/200    0s] MovedFromExtractor Library/Bee/artifacts/mvdfrm/UnityEditor.QuickSearchModule.dll_EA83A390B0CE9985.mvfrm
[145/200    0s] MovedFromExtractor Library/Bee/artifacts/mvdfrm/UnityEditor.ProjectAuditorModule.dll_CD799FB12EF93F39.mvfrm
[146/200    0s] WriteText Library/Bee/artifacts/1900b0aE.dag/UnityEngine.TestRunner.dll.mvfrm.rsp
[147/200    0s] WriteText Library/Bee/artifacts/1900b0aE.dag/UnityEngine.TestRunner.rsp
[148/200    0s] MovedFromExtractor Library/Bee/artifacts/mvdfrm/UnityEditor.PresetsUIModule.dll_7F573AF6AE292B88.mvfrm
[149/200    0s] MovedFromExtractor Library/Bee/artifacts/mvdfrm/UnityEditor.PhysicsModule.dll_0096E3FD277253C7.mvfrm
[150/200    0s] MovedFromExtractor Library/Bee/artifacts/mvdfrm/UnityEditor.PlayModeModule.dll_51395998D268197B.mvfrm
[151/200    0s] MovedFromExtractor Library/Bee/artifacts/mvdfrm/UnityEditor.PhysicsCore2DModule.dll_ACFBC8D8D7FC0408.mvfrm
[152/200    0s] MovedFromExtractor Library/Bee/artifacts/mvdfrm/UnityEditor.Physics2DModule.dll_29367D4541AAEDD9.mvfrm
[153/200    0s] MovedFromExtractor Library/Bee/artifacts/mvdfrm/UnityEditor.MathematicsModule.dll_4DBBB4CC75733526.mvfrm
[154/200    0s] MovedFromExtractor Library/Bee/artifacts/mvdfrm/UnityEditor.LightingModule.dll_054CDF5B868AD340.mvfrm
[155/200    0s] MovedFromExtractor Library/Bee/artifacts/mvdfrm/UnityEditor.MultiplayerModule.dll_A84F237FB9C2CB6A.mvfrm
[156/200    0s] WriteText Library/Bee/artifacts/1900b0aE.dag/UnityEditor.TestRunner.rsp2
[157/200    0s] WriteText Library/Bee/artifacts/1900b0aE.dag/UnityEditor.TestRunner.UnityAdditionalFile.txt
[158/200    0s] WriteText Library/Bee/artifacts/1900b0aE.dag/UnityEditor.TestRunner.dll.mvfrm.rsp
[159/200    0s] WriteText Library/Bee/artifacts/1900b0aE.dag/UnityEditor.TestRunner.rsp
[160/200    0s] WriteText Library/Bee/artifacts/1900b0aE.dag/Unity.VisualStudio.Editor.dll.mvfrm.rsp
[161/200    0s] WriteText Library/Bee/artifacts/1900b0aE.dag/Unity.VisualStudio.Editor.rsp2
[162/200    0s] WriteText Library/Bee/artifacts/1900b0aE.dag/Unity.VisualStudio.Editor.UnityAdditionalFile.txt
[163/200    0s] WriteText Library/Bee/artifacts/1900b0aE.dag/Unity.Rider.Editor.dll.mvfrm.rsp
[164/200    0s] WriteText Library/Bee/artifacts/1900b0aE.dag/Unity.Rider.Editor.rsp2
[165/200    0s] WriteText Library/Bee/artifacts/1900b0aE.dag/Unity.Rider.Editor.UnityAdditionalFile.txt
[166/200    0s] WriteText Library/Bee/artifacts/1900b0aE.dag/Unity.VisualStudio.Editor.rsp
[167/200    0s] WriteResponseFile Library/Bee/artifacts/rsp/3071285868016441895.rsp
[168/200    0s] WriteText Library/Bee/artifacts/1900b0aE.dag/Unity.Rider.Editor.rsp
[169/200    0s] WriteResponseFile Library/Bee/artifacts/rsp/2655319114021734818.rsp
[170/200    0s] MovedFromExtractor Library/Bee/artifacts/mvdfrm/UnityEditor.MediaModule.dll_B34CF3DB80B6AEC4.mvfrm
[171/200    0s] MovedFromExtractor Library/Bee/artifacts/mvdfrm/UnityEditor.GridModule.dll_04453538F5F0AECA.mvfrm
[172/200    0s] MovedFromExtractor Library/Bee/artifacts/mvdfrm/UnityEditor.WindowsStandalone.Extensions.dll_0A4CF907EFC2A0FD.mvfrm
[173/200    0s] MovedFromExtractor Library/Bee/artifacts/mvdfrm/UnityEditor.HierarchyModule.dll_B16508F069B01245.mvfrm
[174/200    0s] MovedFromExtractor Library/Bee/artifacts/mvdfrm/UnityEditor.WebGL.Extensions.dll_04B9D4C1DFDBE28D.mvfrm
[175/200    0s] MovedFromExtractor Library/Bee/artifacts/mvdfrm/UnityEngine.HierarchyModule.dll_674AF9D94F2FC42A.mvfrm
[176/200    0s] MovedFromExtractor Library/Bee/artifacts/mvdfrm/UnityEngine.NVIDIAModule.dll_8E54642D8B56442A.mvfrm
[177/200    0s] MovedFromExtractor Library/Bee/artifacts/mvdfrm/UnityEngine.AMDModule.dll_24CC4414B9236D8D.mvfrm
[178/200    0s] MovedFromExtractor Library/Bee/artifacts/mvdfrm/UnityEditor.Graphs.dll_8A268B8E58121005.mvfrm
[179/200    0s] MovedFromExtractor-Combine Library/Bee/artifacts/1900b0aE.dag/UnityEngine.TestRunner.dll.mvfrm
[           0s] Csc Library/Bee/artifacts/1900b0aE.dag/UnityEngine.TestRunner.dll (+2 others) [CacheMiss 41993611eb0f58ed7f5127efffaee4a300000000000000000000000000000006]
[180/200    0s] ILPP-Configuration Library/ilpp-configuration.nevergeneratedoutput
[181/200    1s] Csc Library/Bee/artifacts/1900b0aE.dag/UnityEngine.TestRunner.dll (+2 others)
[           0s] Csc Library/Bee/artifacts/1900b0aE.dag/UnityEngine.TestRunner.dll (+2 others) [CacheWrite 41993611eb0f58ed7f5127efffaee4a300000000000000000000000000000006]
[182/200    0s] MovedFromExtractor Library/Bee/artifacts/mvdfrm/UnityEngine.TestRunner.ref.dll_E55D0F7C63F01D9E.mvfrm
[183/200    0s] MovedFromExtractor-Combine Library/Bee/artifacts/1900b0aE.dag/UnityEditor.TestRunner.dll.mvfrm
[184/200    0s] ILPostProcess Library/Bee/artifacts/1900b0aE.dag/post-processed/UnityEngine.TestRunner.dll (+pdb)
Processing assembly Library/Bee/artifacts/1900b0aE.dag/UnityEngine.TestRunner.dll, with 149 defines and 287 references

processors: zzzUnity.Burst.CodeGen.BurstILPostProcessor

1 processor(s) skipped this assembly
[185/200    0s] CopyFiles Library/ScriptAssemblies/UnityEngine.TestRunner.pdb
[186/200    0s] CopyFiles Library/ScriptAssemblies/UnityEngine.TestRunner.dll
[           0s] Csc Library/Bee/artifacts/1900b0aE.dag/UnityEditor.TestRunner.dll (+2 others) [CacheMiss 195bfcf3c32101860e470c38fc3fed7100000000000000000000000000000006]
[187/200    1s] Csc Library/Bee/artifacts/1900b0aE.dag/UnityEditor.TestRunner.dll (+2 others)
[           0s] Csc Library/Bee/artifacts/1900b0aE.dag/UnityEditor.TestRunner.dll (+2 others) [CacheWrite 195bfcf3c32101860e470c38fc3fed7100000000000000000000000000000006]
[188/200    0s] MovedFromExtractor Library/Bee/artifacts/mvdfrm/UnityEditor.TestRunner.ref.dll_193EC4CE382CBFB3.mvfrm
[189/200    0s] MovedFromExtractor-Combine Library/Bee/artifacts/1900b0aE.dag/Unity.Rider.Editor.dll.mvfrm
[190/200    0s] MovedFromExtractor-Combine Library/Bee/artifacts/1900b0aE.dag/Unity.VisualStudio.Editor.dll.mvfrm
[191/200    0s] ILPostProcess Library/Bee/artifacts/1900b0aE.dag/post-processed/UnityEditor.TestRunner.dll (+pdb)
Processing assembly Library/Bee/artifacts/1900b0aE.dag/UnityEditor.TestRunner.dll, with 147 defines and 297 references

processors: zzzUnity.Burst.CodeGen.BurstILPostProcessor

1 processor(s) skipped this assembly
[           0s] Csc Library/Bee/artifacts/1900b0aE.dag/Unity.Rider.Editor.dll (+2 others) [CacheMiss 9f96a47c4b97ca7d8e11a2a445acdb9d00000000000000000000000000000006]
[           0s] Csc Library/Bee/artifacts/1900b0aE.dag/Unity.VisualStudio.Editor.dll (+2 others) [CacheMiss e2066dd28826a63ebfc69cc2e982c59000000000000000000000000000000006]
[192/200    0s] CopyFiles Library/ScriptAssemblies/UnityEditor.TestRunner.pdb
[193/200    0s] CopyFiles Library/ScriptAssemblies/UnityEditor.TestRunner.dll
[194/200    0s] Csc Library/Bee/artifacts/1900b0aE.dag/Unity.Rider.Editor.dll (+2 others)
[           0s] Csc Library/Bee/artifacts/1900b0aE.dag/Unity.Rider.Editor.dll (+2 others) [CacheWrite 9f96a47c4b97ca7d8e11a2a445acdb9d00000000000000000000000000000006]
[195/200    0s] CopyFiles Library/ScriptAssemblies/Unity.Rider.Editor.pdb
[196/200    0s] Csc Library/Bee/artifacts/1900b0aE.dag/Unity.VisualStudio.Editor.dll (+2 others)
[           0s] Csc Library/Bee/artifacts/1900b0aE.dag/Unity.VisualStudio.Editor.dll (+2 others) [CacheWrite e2066dd28826a63ebfc69cc2e982c59000000000000000000000000000000006]
[197/200    0s] CopyFiles Library/ScriptAssemblies/Unity.VisualStudio.Editor.pdb
[198/200    0s] CopyFiles Library/ScriptAssemblies/Unity.VisualStudio.Editor.dll
[199/200    0s] CopyFiles Library/ScriptAssemblies/Unity.Rider.Editor.dll
*** Tundra build success (13.67 seconds), 199 items updated, 200 evaluated
Total cache size 1397412
Total cache size after purge 1397412, took 00:00:00.0298640
AssetDatabase: script compilation time: 20.486165s
Begin MonoManager ReloadAssembly
Importing 'GUID: 00000000000000002000000000000000 - Path: ProjectSettings/InputManager.asset' with importer (LibraryAssetImporter)
Imported 'GUID: 00000000000000002000000000000000' -> (Import Result ID: 'dc6dbfcf92dc9ef4b28ed9931a676836') in 0.042 seconds [static dependencies only]. Details - ImportResultOutputID=6ef5aadfef77827e2c23b904de4fe67c DependenciesID=e62f2d3f0de4f097502d77d38a98091a StaticDependenciesID=e7474a1cd5679ef76ef0771f30f6d1b6 
Importing 'GUID: 00000000000000003000000000000000 - Path: ProjectSettings/TagManager.asset' with importer (LibraryAssetImporter)
Imported 'GUID: 00000000000000003000000000000000' -> (Import Result ID: '4e601bff44233f3e09d82de5aefe51e3') in 0.010 seconds [static dependencies only]. Details - ImportResultOutputID=f000288eab4d423778547d37d97a06b9 DependenciesID=147ef465c027d6821debe2a0f11a5dcc StaticDependenciesID=4f6d2e27176db73bbff8a455f3191648 
Importing 'GUID: 00000000000000004000000000000000 - Path: ProjectSettings/ProjectSettings.asset' with importer (LibraryAssetImporter)
Imported 'GUID: 00000000000000004000000000000000' -> (Import Result ID: 'e35628047d11fb5dd1a6aa163cd3a826') in 0.002 seconds [static dependencies only]. Details - ImportResultOutputID=054c890a8f4b6dddbea933bc5e4b7df4 DependenciesID=cd8177ce9fc6b08151222f1f68d98fe9 StaticDependenciesID=2655b8bbbe5e7345ec1f949044612aa2 
Importing 'GUID: 00000000000000006000000000000000 - Path: ProjectSettings/AudioManager.asset' with importer (LibraryAssetImporter)
Imported 'GUID: 00000000000000006000000000000000' -> (Import Result ID: '3d0e77729e53897c175e3a689f8eaeb1') in 0.002 seconds [static dependencies only]. Details - ImportResultOutputID=d41ed101cdcb18327994de285944fd39 DependenciesID=e2a803ab0b1ffa7398decfbf508285d6 StaticDependenciesID=968387b3d1fe26efd2ded86eb7e40404 
Importing 'GUID: 00000000000000007000000000000000 - Path: ProjectSettings/TimeManager.asset' with importer (LibraryAssetImporter)
Imported 'GUID: 00000000000000007000000000000000' -> (Import Result ID: '38ed122280b0a32c5a6b505e2a501a87') in 0.002 seconds [static dependencies only]. Details - ImportResultOutputID=888360dbe4cb337dfbc4897083ee474b DependenciesID=9c3f53a2729c47ba210cbc44a6f13abd StaticDependenciesID=7169bf9560bf2dd853d55b6dcfaa5532 
Importing 'GUID: 00000000000000008000000000000000 - Path: ProjectSettings/DynamicsManager.asset' with importer (LibraryAssetImporter)
Imported 'GUID: 00000000000000008000000000000000' -> (Import Result ID: '7f83aafb6f48a0926d8b729605d56a37') in 0.002 seconds [static dependencies only]. Details - ImportResultOutputID=f4e5ea74158efa9a7415a6abc5cfeedf DependenciesID=3345e2f495f5732a6c15a4a6b4be81bc StaticDependenciesID=487b3d4c144e6f10917ba18e1dff06e4 
Importing 'GUID: 00000000000000009000000000000000 - Path: ProjectSettings/QualitySettings.asset' with importer (LibraryAssetImporter)
Imported 'GUID: 00000000000000009000000000000000' -> (Import Result ID: '9a43bf5a37989b57844e39566ef02748') in 0.002 seconds [static dependencies only]. Details - ImportResultOutputID=2a108b3da874f726c62fbe5f12be4a8a DependenciesID=c5d54f2e4b69ae43698f2cbc788447df StaticDependenciesID=275e14ddcd5f857d50bf93bf22c6603b 
Importing 'GUID: 0000000000000000b000000000000000 - Path: ProjectSettings/EditorBuildSettings.asset' with importer (LibraryAssetImporter)
Imported 'GUID: 0000000000000000b000000000000000' -> (Import Result ID: 'f594a42ced62a8e3aa30b32df92fc80c') in 0.002 seconds [static dependencies only]. Details - ImportResultOutputID=0a89a5c5f492143e0fa186859e17ba6f DependenciesID=94a6017707ffe434014d4a5112152437 StaticDependenciesID=1247f036b627c056822e8e19debaefbf 
Importing 'GUID: 0000000000000000c000000000000000 - Path: ProjectSettings/EditorSettings.asset' with importer (LibraryAssetImporter)
Imported 'GUID: 0000000000000000c000000000000000' -> (Import Result ID: 'a078e11b4b672a76929259e736090607') in 0.002 seconds [static dependencies only]. Details - ImportResultOutputID=9bf1f3a6d7407228d033acb548d88253 DependenciesID=210fed1316bb71c3e55fefb8123f5240 StaticDependenciesID=a6ab207b7c462fe62ed62bd2f0115e51 
Importing 'GUID: 00000000000000004100000000000000 - Path: ProjectSettings/NavMeshAreas.asset' with importer (LibraryAssetImporter)
Imported 'GUID: 00000000000000004100000000000000' -> (Import Result ID: 'faf16071b48461d05c9a3c9b509cccb8') in 0.003 seconds [static dependencies only]. Details - ImportResultOutputID=431705ea786ba1fb0433b092fce391ed DependenciesID=143a6df3df228d76c18a546cb42cb17b StaticDependenciesID=d3d374833aadc046dad74e6edd320857 
Importing 'GUID: 00000000000000005100000000000000 - Path: ProjectSettings/Physics2DSettings.asset' with importer (LibraryAssetImporter)
Imported 'GUID: 00000000000000005100000000000000' -> (Import Result ID: 'baf1ca190070ff2c853d5d71b035a5cb') in 0.002 seconds [static dependencies only]. Details - ImportResultOutputID=d4b28e6b7b96fa6bea7060628c401421 DependenciesID=75c8bad2f0cc6970fd86c856b31fed30 StaticDependenciesID=8142172f941093d7d56cba5df232b188 
Importing 'GUID: 00000000000000006100000000000000 - Path: ProjectSettings/GraphicsSettings.asset' with importer (LibraryAssetImporter)
Imported 'GUID: 00000000000000006100000000000000' -> (Import Result ID: '5dad7cda8ccb117b43310cb26a4f9395') in 0.002 seconds [static dependencies only]. Details - ImportResultOutputID=a2dcdb8bc9503711bc0f2e2d72cfd36c DependenciesID=2796ba005612a8cbb5ee3b2ac6c2c311 StaticDependenciesID=0adbdb39be64a33535066be4df884ab6 
Importing 'GUID: 00000000000000007100000000000000 - Path: ProjectSettings/ClusterInputManager.asset' with importer (LibraryAssetImporter)
Imported 'GUID: 00000000000000007100000000000000' -> (Import Result ID: '58bef86a03a9618787b87ad4214178f9') in 0.001 seconds [static dependencies only]. Details - ImportResultOutputID=588fc89fed83f51a5c1aa7c8db0cdfd8 DependenciesID=ee909b6333107616ae40b9dc82041097 StaticDependenciesID=8289f66611dfb03198bc5ee374a941a2 
Importing 'GUID: 0000000000000000a100000000000000 - Path: ProjectSettings/UnityConnectSettings.asset' with importer (LibraryAssetImporter)
Imported 'GUID: 0000000000000000a100000000000000' -> (Import Result ID: 'cb6f46be15618c881849c3e27c1788b7') in 0.002 seconds [static dependencies only]. Details - ImportResultOutputID=a2c5944bc70168a38041609ba26dc022 DependenciesID=db89f65c6537509e50920ae00be53ae1 StaticDependenciesID=4fb71fccb5a378f8a420e75cf3c633b2 
Importing 'GUID: 0000000000000000b100000000000000 - Path: ProjectSettings/PresetManager.asset' with importer (LibraryAssetImporter)
Imported 'GUID: 0000000000000000b100000000000000' -> (Import Result ID: '9ef93f669e0d8524c7876667ade9609e') in 0.002 seconds [static dependencies only]. Details - ImportResultOutputID=6bbf2909d22cca2bf12a4801b098b013 DependenciesID=117b4d76704bf359f7a3dcb2401cab90 StaticDependenciesID=0b42499c08ecb6056587f457948c869e 
Importing 'GUID: 0000000000000000c100000000000000 - Path: ProjectSettings/VFXManager.asset' with importer (LibraryAssetImporter)
Imported 'GUID: 0000000000000000c100000000000000' -> (Import Result ID: '861b69c072f6a78277892e981c66a099') in 0.002 seconds [static dependencies only]. Details - ImportResultOutputID=f89698b22875eebc454842245beb374c DependenciesID=9a76e776e88f711670ebf86cbc4e805f StaticDependenciesID=64c3dcf83725d7bbbb641774fb86821e 
Importing 'GUID: 0000000000000000d100000000000000 - Path: ProjectSettings/VersionControlSettings.asset' with importer (LibraryAssetImporter)
Imported 'GUID: 0000000000000000d100000000000000' -> (Import Result ID: '1644e5e04c1dac45437f3c3145289d93') in 0.002 seconds [static dependencies only]. Details - ImportResultOutputID=fe7ea0ac71117227a6d09fba509747a9 DependenciesID=129e78a2505f9c37da8f76ab8823ee8b StaticDependenciesID=d7248c5ece9876d9048926777e814826 
Importing 'GUID: 0000000000000000f100000000000000 - Path: ProjectSettings/MemorySettings.asset' with importer (LibraryAssetImporter)
Imported 'GUID: 0000000000000000f100000000000000' -> (Import Result ID: '5e594c72b978fa657e0a13118e764d61') in 0.001 seconds [static dependencies only]. Details - ImportResultOutputID=bc4e563a9c6fd2d5b4495e4db9c0cc0a DependenciesID=9f7055bd1cd7ebb030f4b400394e9633 StaticDependenciesID=2470a5fcef6af2bdaeb5b8f44262dff9 
Importing 'GUID: 00000000000000000200000000000000 - Path: ProjectSettings/MultiplayerManager.asset' with importer (LibraryAssetImporter)
Imported 'GUID: 00000000000000000200000000000000' -> (Import Result ID: '46a3cbfede81fa9f87ee265b715ad3fa') in 0.002 seconds [static dependencies only]. Details - ImportResultOutputID=0f99ec37a18b74b8746d5bfd6ca7ca98 DependenciesID=160b96f47d7b665f290158df74954c6f StaticDependenciesID=4fceead2931ad36719fc067278851e8b 
Importing 'GUID: 00000000000000001200000000000000 - Path: ProjectSettings/PhysicsCoreProjectSettings2D.asset' with importer (LibraryAssetImporter)
Imported 'GUID: 00000000000000001200000000000000' -> (Import Result ID: 'ed90b8d08eeec2e93722f5a3e1453fde') in 0.001 seconds [static dependencies only]. Details - ImportResultOutputID=fdcbf67861d1bc63eeeff8a918d0a8f1 DependenciesID=272a29201447ee60cb691d9fa4474899 StaticDependenciesID=58d243e1cc0272303e7855ab6f32cd20 
Importing 'GUID: 2cc852a194c5796e034960abba09c34d - Path: Packages/com.unity.test-framework' with importer (DefaultImporter)
Imported 'GUID: 2cc852a194c5796e034960abba09c34d' -> (Import Result ID: '85027e0de145d890053f5d24dfce150b') in 0.002 seconds [static dependencies only]. Details - ImportResultOutputID=defe38604bce83469db613f48d76de65 DependenciesID=dfeefd18e3d20a302bb1415b7eb17797 StaticDependenciesID=6928b79c78349fd8a5b616f1abead410 
Importing 'GUID: 9129183a42052cd43b9c284d6dbd541e - Path: Packages/com.unity.ide.rider/Rider' with importer (DefaultImporter)
Imported 'GUID: 9129183a42052cd43b9c284d6dbd541e' -> (Import Result ID: 'f937ba95470039eff2f890cfdbbb491b') in 0.002 seconds [static dependencies only]. Details - ImportResultOutputID=50472d7e4f09d234dadf221da2ac460d DependenciesID=039b5736722b8d36a94e298c476d664c StaticDependenciesID=6427a078222d8b56d5652b25bb4d1500 
Importing 'GUID: a962d501f44484c37814dbad5ed605e9 - Path: Packages/com.unity.ext.nunit/net472' with importer (DefaultImporter)
Imported 'GUID: a962d501f44484c37814dbad5ed605e9' -> (Import Result ID: 'b69fd0ff26ecc3c144495e922e04abe6') in 0.002 seconds [static dependencies only]. Details - ImportResultOutputID=3914cdc36fc7f24719fb0ee236ca7348 DependenciesID=55ee3ef93d292622f8ea64eb3b0b08d8 StaticDependenciesID=9a84194e5a957984aa0c06bec5319565 
Importing 'GUID: 4a707af59e3522d43afe34dfc4429b86 - Path: Packages/com.unity.ide.visualstudio/Editor' with importer (DefaultImporter)
Imported 'GUID: 4a707af59e3522d43afe34dfc4429b86' -> (Import Result ID: 'b88ffb89ffe6ee65d087d7f898c74c2d') in 0.001 seconds [static dependencies only]. Details - ImportResultOutputID=24776a91236061bdcd717ecc29c97f04 DependenciesID=51aba162c15461f2061cdf4029ce99bc StaticDependenciesID=27afe38fa06748b8ad7203c11efac07d 
Importing 'GUID: 36422aa067e092e45b9820da2ee3e728 - Path: Packages/com.unity.ide.visualstudio/Editor/COMIntegration' with importer (DefaultImporter)
Imported 'GUID: 36422aa067e092e45b9820da2ee3e728' -> (Import Result ID: '5c3d91016681e96ebbdf8203c95e766c') in 0.001 seconds [static dependencies only]. Details - ImportResultOutputID=85d0ebfb69079172a613a7ccea043221 DependenciesID=b44b1a751ef1a8a4b1b4f2fc373db33d StaticDependenciesID=37b78a9f933389d8d8803cae60c22a27 
Importing 'GUID: 27328db3447b143dcb24e8c854d86028 - Path: Packages/com.unity.ext.nunit/net472/unity-custom' with importer (DefaultImporter)
Imported 'GUID: 27328db3447b143dcb24e8c854d86028' -> (Import Result ID: 'e32ee4bd27bde881f80f93d045dae0f8') in 0.001 seconds [static dependencies only]. Details - ImportResultOutputID=82c9abbc1fbb1daf0b240097b4a4abfe DependenciesID=095f58607b4f3cd7a45192261fc1111a StaticDependenciesID=d9c2a21d79b61073e43ce5433e8f48da 
Importing 'GUID: 1b393f6b29a9ee84c803af1ab4944b71 - Path: Packages/com.unity.ide.rider/Rider/Editor' with importer (DefaultImporter)
Imported 'GUID: 1b393f6b29a9ee84c803af1ab4944b71' -> (Import Result ID: '50b0a2bdd0b92bc7a3f7f306bfbb17cf') in 0.002 seconds [static dependencies only]. Details - ImportResultOutputID=6404d4542db4a19d55be0b701dd56232 DependenciesID=dfd6c7081a37876535e77d99745197de StaticDependenciesID=0fd2c9adb7ad8f43bde84878707c5868 
Importing 'GUID: 5b17896803f77494da73d73448fb6cb4 - Path: Packages/com.unity.ide.visualstudio/Editor/VSWhere' with importer (DefaultImporter)
Imported 'GUID: 5b17896803f77494da73d73448fb6cb4' -> (Import Result ID: 'ee13772c061437e93220ac11d3c5a181') in 0.003 seconds [static dependencies only]. Details - ImportResultOutputID=1cf7fb2561004c647adace8a0b5653ca DependenciesID=efa5f01b78364b4d21971440968f72a4 StaticDependenciesID=513ec4af474e05bf96ae4fa6f00abed1 
Importing 'GUID: 8beeeeebc0857854d8b4e2c2895dd7a9 - Path: Packages/com.unity.ide.visualstudio/Editor/ProjectGeneration' with importer (DefaultImporter)
Imported 'GUID: 8beeeeebc0857854d8b4e2c2895dd7a9' -> (Import Result ID: 'b294a44c17f1e67f244ff489c889834c') in 0.002 seconds [static dependencies only]. Details - ImportResultOutputID=19476bca78a71c87b547269668469a1b DependenciesID=4338d8653a0b96df7d8f493f5cb3a2c8 StaticDependenciesID=34a3aa6c633f710e50f62cee30c0a677 
Importing 'GUID: 2f820130c86c28547a0f1a2f4c73155b - Path: Packages/com.unity.ide.visualstudio/Editor/Messaging' with importer (DefaultImporter)
Imported 'GUID: 2f820130c86c28547a0f1a2f4c73155b' -> (Import Result ID: '07ab23542671d0cdf3b6337b9e996ca4') in 0.001 seconds [static dependencies only]. Details - ImportResultOutputID=c45a401cc5981747f91a1ff2e38f121c DependenciesID=de5bed24700e99fa09f02faddc531cfa StaticDependenciesID=0b201a3743ef16b1bdc6ec3ed606caef 
Importing 'GUID: 7f9f1d015d7a8ba46b7d71acfcda3ae7 - Path: Packages/com.unity.ide.visualstudio/Editor/Testing' with importer (DefaultImporter)
Imported 'GUID: 7f9f1d015d7a8ba46b7d71acfcda3ae7' -> (Import Result ID: '4ba6a44e4f2713dcc1425ffeaf07e44c') in 0.002 seconds [static dependencies only]. Details - ImportResultOutputID=caa53ea97327c51012e9b3b301943c08 DependenciesID=e71bc3be93490b3f749692213f31849f StaticDependenciesID=5f8816021b8bf912d5ac2993c7599756 
Importing 'GUID: 313cbe17019f1934397f91069831062c - Path: Packages/com.unity.ide.rider/Rider/Editor/ProjectGeneration' with importer (DefaultImporter)
Imported 'GUID: 313cbe17019f1934397f91069831062c' -> (Import Result ID: '9a75704b00564b72fa1aa4d474a8988c') in 0.002 seconds [static dependencies only]. Details - ImportResultOutputID=324b690d68ef3b5be851db48f0b8fe4d DependenciesID=2c50fa21e6c0155abd6deb706724f389 StaticDependenciesID=f45465db9453511dd1abf262c334f929 
Importing 'GUID: 41b2d972bdac29e4a89ef08b3b52c248 - Path: Packages/com.unity.ide.visualstudio/Editor/COMIntegration/Release' with importer (DefaultImporter)
Imported 'GUID: 41b2d972bdac29e4a89ef08b3b52c248' -> (Import Result ID: 'c52cdcdc6d4262d8106e0d4dd2cf462d') in 0.002 seconds [static dependencies only]. Details - ImportResultOutputID=0013f72f5d9292afc56921f8d95f3de4 DependenciesID=8f34db3ec158d1487c94eccd404a07a7 StaticDependenciesID=bb63edb8ad53e0195dd72c80d555bbec 
Importing 'GUID: 354fde95fe0643b09509e5fcee350b33 - Path: Packages/com.unity.ide.rider/Rider/Editor/Properties' with importer (DefaultImporter)
Imported 'GUID: 354fde95fe0643b09509e5fcee350b33' -> (Import Result ID: '1033103b02a17b4b3b333048909ace0b') in 0.002 seconds [static dependencies only]. Details - ImportResultOutputID=8e710699f3929b88337795b4fd4f990b DependenciesID=1c482cd767e4fd53f91df362654100bc StaticDependenciesID=bcb95550d120af168a3b3c85257d29d2 
Importing 'GUID: a52391bc44c477f40a547ed4ef3b9560 - Path: Packages/com.unity.ide.rider/Rider/Editor/UnitTesting' with importer (DefaultImporter)
Imported 'GUID: a52391bc44c477f40a547ed4ef3b9560' -> (Import Result ID: '7530de2470dd9f3290f3a46970502110') in 0.001 seconds [static dependencies only]. Details - ImportResultOutputID=1f5871c96c66444b71a7163aeb9720e2 DependenciesID=5e7edd1a82cdc01642948ebefa9fb095 StaticDependenciesID=07f26a9713e4711b9c72811f7b4d975c 
Importing 'GUID: aa290bd9a165a0543a4bf85ac73914bc - Path: Packages/com.unity.ide.rider/Rider/Editor/PostProcessors' with importer (DefaultImporter)
Imported 'GUID: aa290bd9a165a0543a4bf85ac73914bc' -> (Import Result ID: '1751543be7db4a7e3f5ac0df87f3900d') in 0.001 seconds [static dependencies only]. Details - ImportResultOutputID=7b631737181e97c6fe1ac014f4070871 DependenciesID=af92dea1cffc29395f6c6ea9290c5d0d StaticDependenciesID=424787e8c3151b85b73dd4ebe1f72e1a 
Importing 'GUID: 5e726086cd652f82087d59d67d2c24cd - Path: Packages/com.unity.ide.rider/Rider/Editor/Util' with importer (DefaultImporter)
Imported 'GUID: 5e726086cd652f82087d59d67d2c24cd' -> (Import Result ID: '6e32e725bafef8662f6de0eb1bcf9715') in 0.002 seconds [static dependencies only]. Details - ImportResultOutputID=6a700186624845cc20e38a45be99c2bd DependenciesID=1e30b2baf958dc3278147be4913ef053 StaticDependenciesID=5291cecad3c9f232c2ee4761b3fdcb5e 
Importing 'GUID: d528c8c98d269ca44a06cd9624a03945 - Path: Packages/com.unity.ide.rider/Rider/Editor/com.unity.ide.rider.asmdef' with importer (AssemblyDefinitionImporter)
Imported 'GUID: d528c8c98d269ca44a06cd9624a03945' -> (Import Result ID: '0112c6f418b29fbc10895b4b9b6dbe79') in 0.003 seconds [static dependencies only]. Details - ImportResultOutputID=cfb89669f21db95ff3d84b9b77484c0c DependenciesID=6093f9cac77605486c445f02f1b3cd8d StaticDependenciesID=f50f28645b3889a49bd2493fff28ccb2 
Importing 'GUID: b93f844d45cfcc44fa2b0eed5c9ec6bb - Path: Packages/com.unity.ide.visualstudio/Editor/com.unity.ide.visualstudio.asmdef' with importer (AssemblyDefinitionImporter)
Imported 'GUID: b93f844d45cfcc44fa2b0eed5c9ec6bb' -> (Import Result ID: '15b7d63214f6ebbfb08101237c319093') in 0.003 seconds [static dependencies only]. Details - ImportResultOutputID=41ca9b1919066ad3fbc89a22dc1dbe8c DependenciesID=62c89ae1279b79cf03ce6f4d4bb6d5ca StaticDependenciesID=aee138cc4651e01bbd89f05fcc772c17 
Importing 'GUID: 51fa60bb2bd1e5bc74e8cc95a7bfd5b7 - Path: Packages/com.unity.modules.ui/package.ModuleCompilationTrigger' with importer (DefaultImporter)
Imported 'GUID: 51fa60bb2bd1e5bc74e8cc95a7bfd5b7' -> (Import Result ID: '8cff4156ee7dbff73e57564916311c87') in 0.057 seconds [static dependencies only]. Details - ImportResultOutputID=6e559821e528ff0e1a68c3b7765614d2 DependenciesID=42ae8e12b18f903fa09ee5eb5806d687 StaticDependenciesID=12107a8f4808ea7dd0e720b7dfabc3fc 
Importing 'GUID: 71136fc5cf34f2cc10be0e33c0b08019 - Path: Packages/com.unity.modules.unityanalytics/package.ModuleCompilationTrigger' with importer (DefaultImporter)
Imported 'GUID: 71136fc5cf34f2cc10be0e33c0b08019' -> (Import Result ID: '7488e6736b01f69377c5b43779cd1af2') in 0.002 seconds [static dependencies only]. Details - ImportResultOutputID=19db86d6fd47355ede82a1c702bde617 DependenciesID=80c9dfc0b8a9cee081d11b16c482a63c StaticDependenciesID=09401238f6b15acf3e2ddccf8ca739f5 
Importing 'GUID: 71e7167b55a3448b38774a3bb6e05bac - Path: Packages/com.unity.modules.timelinefoundation/package.ModuleCompilationTrigger' with importer (DefaultImporter)
Imported 'GUID: 71e7167b55a3448b38774a3bb6e05bac' -> (Import Result ID: 'df097fbc6e3ce02b7e252ba36928d5ad') in 0.003 seconds [static dependencies only]. Details - ImportResultOutputID=c5890c0237407de11fec9407c846284f DependenciesID=853b27b68842bce1bcc6eb6635d5050d StaticDependenciesID=1d14fac85c2229056e36a22e2ef87e76 
Importing 'GUID: a1c42005fe7c5d78585a77ce396a5eea - Path: Packages/com.unity.modules.tilemap/package.ModuleCompilationTrigger' with importer (DefaultImporter)
Imported 'GUID: a1c42005fe7c5d78585a77ce396a5eea' -> (Import Result ID: '81a4c8f2fc9bb56203fb87313705c92c') in 0.002 seconds [static dependencies only]. Details - ImportResultOutputID=41e18ad721a806fe228204bdeef3a130 DependenciesID=d489e4088040f79f70cae8ce9fb8ab9a StaticDependenciesID=6b75da6c3650af7e5a5df4f5cb98f5e0 
Importing 'GUID: d104359075a97392b803d3d5aebc77f7 - Path: Packages/com.unity.modules.hierarchycore/package.ModuleCompilationTrigger' with importer (DefaultImporter)
Imported 'GUID: d104359075a97392b803d3d5aebc77f7' -> (Import Result ID: 'e72d624d206e7fa2e82cc88c4dd9906a') in 0.002 seconds [static dependencies only]. Details - ImportResultOutputID=1072526eb62216a1dc59d571676cf01f DependenciesID=35df2dae7a136a8eb3f7a86acf241243 StaticDependenciesID=f650335a234b1c58801f1f69b871639f 
Importing 'GUID: 222fc39b0c85d800342910da2cd64781 - Path: Packages/com.unity.modules.assetbundle/package.ModuleCompilationTrigger' with importer (DefaultImporter)
Imported 'GUID: 222fc39b0c85d800342910da2cd64781' -> (Import Result ID: '30ddaecb7c7e7bf321d3b53f6ce55a86') in 0.002 seconds [static dependencies only]. Details - ImportResultOutputID=7310c3d2b5a0454edeaf1531193e1a44 DependenciesID=d19226e88451422ae80826e4e3b97b1d StaticDependenciesID=adcbfaf7f9a94f8c0ee98f39dd1b9105 
Importing 'GUID: d2ec2d1228c8e67cdd913cb5609176a2 - Path: Packages/com.unity.modules.unitywebrequest/package.ModuleCompilationTrigger' with importer (DefaultImporter)
Imported 'GUID: d2ec2d1228c8e67cdd913cb5609176a2' -> (Import Result ID: '5486a816736279f928f4645a0b27d19e') in 0.002 seconds [static dependencies only]. Details - ImportResultOutputID=fa2ee3949a508ef3b244c0a794acf950 DependenciesID=6897edbdd20393d9f5471bbef82974e1 StaticDependenciesID=8c60a83c5e58b44d87f5b9697883ed37 
Importing 'GUID: e2d09a26ce46dc617b54e49a534ace20 - Path: Packages/com.unity.modules.ai/package.ModuleCompilationTrigger' with importer (DefaultImporter)
Imported 'GUID: e2d09a26ce46dc617b54e49a534ace20' -> (Import Result ID: '85b37f1cbe29c9493dfce0579cc46178') in 0.002 seconds [static dependencies only]. Details - ImportResultOutputID=ee6d62765d5e314c9a6c39429e765ae4 DependenciesID=ad9756cd85cfd3aee6bb9e0774c30dd5 StaticDependenciesID=58773fd4582beeff9fc6b7746c18de11 
Importing 'GUID: 23032f4383e95e772bce465c5896d0fd - Path: Packages/com.unity.modules.terrain/package.ModuleCompilationTrigger' with importer (DefaultImporter)
Imported 'GUID: 23032f4383e95e772bce465c5896d0fd' -> (Import Result ID: '53427b1337a0862fd508fb92abb3ee59') in 0.002 seconds [static dependencies only]. Details - ImportResultOutputID=f8cc97289111b69a8286fb59513f51d0 DependenciesID=9b4de1c1058073a67cfd1049d6be4859 StaticDependenciesID=966beeb73e630120ba24bdc5aeeaa2a9 
Importing 'GUID: 830a36a23cf3ab1e61fa47940a6dc35e - Path: Packages/com.unity.modules.imageconversion/package.ModuleCompilationTrigger' with importer (DefaultImporter)
Imported 'GUID: 830a36a23cf3ab1e61fa47940a6dc35e' -> (Import Result ID: '0bd2bee313c1e2cbec75f89b10238677') in 0.002 seconds [static dependencies only]. Details - ImportResultOutputID=76d29ea8d45d8514b9b32b4ce101e77e DependenciesID=15a952435d4cb20c09801dad76e40274 StaticDependenciesID=bdc5fdb5345115c909023e9fdf81fa61 
Importing 'GUID: a31a332ce3485f00f7df8d987302a29c - Path: Packages/com.unity.modules.unitywebrequesttexture/package.ModuleCompilationTrigger' with importer (DefaultImporter)
Imported 'GUID: a31a332ce3485f00f7df8d987302a29c' -> (Import Result ID: 'ffc069f643cd4a030d20ceb9afbb79c6') in 0.002 seconds [static dependencies only]. Details - ImportResultOutputID=a17619517ae6297bd7d73537d7aa1eef DependenciesID=d70cdc5e532e4cf68716829935ffd2b7 StaticDependenciesID=f08e1bf831e57865937e4fc96a4235a4 
Importing 'GUID: 042dc296246916648e55a43d0eeb2036 - Path: Packages/com.unity.modules.audio/package.ModuleCompilationTrigger' with importer (DefaultImporter)
Imported 'GUID: 042dc296246916648e55a43d0eeb2036' -> (Import Result ID: '3a79f1191b55c638234fff68874a1bc6') in 0.002 seconds [static dependencies only]. Details - ImportResultOutputID=db7c8acc5ec18f8d94381a817bd4639b DependenciesID=0ee828f30b9666308cfbef9fb6921931 StaticDependenciesID=4f44cda2ff25795a1af0b79ebe90a8c4 
Importing 'GUID: 14e86f88e9a8c9c448d7e7df92f2aeec - Path: Packages/com.unity.modules.physicscore2d/package.ModuleCompilationTrigger' with importer (DefaultImporter)
Imported 'GUID: 14e86f88e9a8c9c448d7e7df92f2aeec' -> (Import Result ID: '6a93ab7e9fa3091310d039588a27b439') in 0.003 seconds [static dependencies only]. Details - ImportResultOutputID=4f921d24b7de923e48844f6cc629c5fc DependenciesID=e5c175402710184ad68435f701b1afde StaticDependenciesID=1eb10ce34a390971efb664af189161b8 
Importing 'GUID: 553737203d61a8109f9544a97201e1aa - Path: Packages/com.unity.modules.unitywebrequestaudio/package.ModuleCompilationTrigger' with importer (DefaultImporter)
Imported 'GUID: 553737203d61a8109f9544a97201e1aa' -> (Import Result ID: 'eaed529992b034ed7f813f462ca16c5c') in 0.002 seconds [static dependencies only]. Details - ImportResultOutputID=64727956256aa51f7cb2d4856cb94864 DependenciesID=163881e0c30fdaa80e351f9740eecc3c StaticDependenciesID=6a6ebfeea0e74f7e41e232a64a9fbae6 
Importing 'GUID: e5c46c19ce0ce2e0103aa6f82df1043a - Path: Packages/com.unity.modules.vehicles/package.ModuleCompilationTrigger' with importer (DefaultImporter)
Imported 'GUID: e5c46c19ce0ce2e0103aa6f82df1043a' -> (Import Result ID: 'da83fdb7eb9886ebbe226648246fb9ac') in 0.003 seconds [static dependencies only]. Details - ImportResultOutputID=9b7b8c0cced984a57484c36eeeb14744 DependenciesID=b3c9603bd4a58aab774df778363f8438 StaticDependenciesID=1a4b27e17f696d9c7959884e852f8dd3 
Importing 'GUID: 7610600f5c83e01041a6fe849d39279f - Path: Packages/com.unity.modules.unitywebrequestassetbundle/package.ModuleCompilationTrigger' with importer (DefaultImporter)
Imported 'GUID: 7610600f5c83e01041a6fe849d39279f' -> (Import Result ID: '16fe735947302f8ff7bb6336b94f862a') in 0.003 seconds [static dependencies only]. Details - ImportResultOutputID=f30f7eaa989873c773f075bfa516083b DependenciesID=1bd5c8f69e10eb9bd37c43f85727c0b0 StaticDependenciesID=519266b4718e7beb757760ae3566332c 
Importing 'GUID: e6a135e3ea9cb46795d1b0e05ac3e1e5 - Path: Packages/com.unity.modules.jsonserialize/package.ModuleCompilationTrigger' with importer (DefaultImporter)
Imported 'GUID: e6a135e3ea9cb46795d1b0e05ac3e1e5' -> (Import Result ID: '611cb115e7853b9806e75e53c5a03956') in 0.003 seconds [static dependencies only]. Details - ImportResultOutputID=fe2252d2af7741e3b7227eed79d28422 DependenciesID=f26ec0731b4a1a123e3fb3e11f30a3e1 StaticDependenciesID=6af010104208f286d4c54ba855a81e01 
Importing 'GUID: f62135e79edb837b2d2ee3c524da864c - Path: Packages/com.unity.modules.video/package.ModuleCompilationTrigger' with importer (DefaultImporter)
Imported 'GUID: f62135e79edb837b2d2ee3c524da864c' -> (Import Result ID: '41f159192c0e8bc1ee92e68aed41fef3') in 0.003 seconds [static dependencies only]. Details - ImportResultOutputID=3eada0df8170b53fc4bf86e17012a94e DependenciesID=2fd28444d477e80db8359103ed58f7bb StaticDependenciesID=2fc1776b98603d7d23c2e6305026d58a 
Importing 'GUID: 17f093324b67f5bd57e55b546736750e - Path: Packages/com.unity.modules.particlesystem/package.ModuleCompilationTrigger' with importer (DefaultImporter)
Imported 'GUID: 17f093324b67f5bd57e55b546736750e' -> (Import Result ID: '64388585431b4a6e63e0834db1b52568') in 0.003 seconds [static dependencies only]. Details - ImportResultOutputID=03b670f3bb0647212e588851cc9790ce DependenciesID=54a33a5f79b5ee31850cdfbd9eb8806f StaticDependenciesID=f30df91a5a341bb75d37f9a87c3ca609 
Importing 'GUID: 4745d06d5a7ca576dcf9e5e67b417652 - Path: Packages/com.unity.modules.accessibility/package.ModuleCompilationTrigger' with importer (DefaultImporter)
Imported 'GUID: 4745d06d5a7ca576dcf9e5e67b417652' -> (Import Result ID: '3a0c15d8d56bdade8ddc12a74761accd') in 0.003 seconds [static dependencies only]. Details - ImportResultOutputID=b1f5e4e3c8972d4630691b43df2bbfd5 DependenciesID=95cb4f7de037e818efb308f6032b60c0 StaticDependenciesID=dbeadf4267f97cb38706318ee0a52d1d 
Importing 'GUID: c7a8b0317f4e68556d7509828e9e211e - Path: Packages/com.unity.modules.xr/package.ModuleCompilationTrigger' with importer (DefaultImporter)
Imported 'GUID: c7a8b0317f4e68556d7509828e9e211e' -> (Import Result ID: '2695d6c443f00fadb56535536e384a5d') in 0.003 seconds [static dependencies only]. Details - ImportResultOutputID=3c34469eeb3b36ac519079aacda65087 DependenciesID=87c27d10c187e052f344d2bd88a94e56 StaticDependenciesID=fd6942f528657ff7ef9a1e96f331405a 
Importing 'GUID: 082fbee38a82835433261a5e9c00e267 - Path: Packages/com.unity.modules.cloth/package.ModuleCompilationTrigger' with importer (DefaultImporter)
Imported 'GUID: 082fbee38a82835433261a5e9c00e267' -> (Import Result ID: '8101c3a234e95e3d86db999f8ec815a6') in 0.003 seconds [static dependencies only]. Details - ImportResultOutputID=9be4c5c78bb42c0f666e2a3f388dc295 DependenciesID=0a8740efd6a901746de493d5d05ecf8e StaticDependenciesID=9349ee49c6eeab32945c0fea434716ac 
Importing 'GUID: c82e859b16636ddd2ca4a1f63fd34938 - Path: Packages/com.unity.modules.androidjni/package.ModuleCompilationTrigger' with importer (DefaultImporter)
Imported 'GUID: c82e859b16636ddd2ca4a1f63fd34938' -> (Import Result ID: 'b853dd51aaf09d0248bbb6194ef39542') in 0.003 seconds [static dependencies only]. Details - ImportResultOutputID=55f36a6ec0ad2395ab65ece168bae855 DependenciesID=2b274c35a63eba9a3920dfd74062726b StaticDependenciesID=d1feea5e7d2596bd6838b759abcf528f 
Importing 'GUID: c88e90bad18cceb5d182d0c805883056 - Path: Packages/com.unity.modules.director/package.ModuleCompilationTrigger' with importer (DefaultImporter)
Imported 'GUID: c88e90bad18cceb5d182d0c805883056' -> (Import Result ID: '5b56db9d657deacb18d4644b83d125c6') in 0.002 seconds [static dependencies only]. Details - ImportResultOutputID=990ca6c83905e57d0ad7cd210f7cd2f4 DependenciesID=120534d6e651d1b3684f4e134d7e6bd3 StaticDependenciesID=f2f9baf4d7c733ac7c4aa61dd2965bf6 
Importing 'GUID: 1af35a910338381f753e8a985eb5daab - Path: Packages/com.unity.modules.adaptiveperformance/package.ModuleCompilationTrigger' with importer (DefaultImporter)
Imported 'GUID: 1af35a910338381f753e8a985eb5daab' -> (Import Result ID: 'b9df5775588cebd7cef2de5c9bb26491') in 0.002 seconds [static dependencies only]. Details - ImportResultOutputID=38b55a11ad75d8d562e364a238f3edd6 DependenciesID=fc8c5b3df2a0db6ddd9eae4241065cb8 StaticDependenciesID=6ec69a4cc8c6948bcc5b5a6dcd64eb11 
Importing 'GUID: 2adec19fac7df68adf1fd6eb83197bb1 - Path: Packages/com.unity.modules.wind/package.ModuleCompilationTrigger' with importer (DefaultImporter)
Imported 'GUID: 2adec19fac7df68adf1fd6eb83197bb1' -> (Import Result ID: '08d7570aa4cc5d65aef643f36995b12c') in 0.003 seconds [static dependencies only]. Details - ImportResultOutputID=7f18c13849c24c83cffeb627f22214a1 DependenciesID=c391edb9b3ed973320652cf5c413a073 StaticDependenciesID=f0be1ce3e374283d89f447153576e132 
Importing 'GUID: 8a752aaaadd2410dd9a84e01c1bace9f - Path: Packages/com.unity.modules.uielements/package.ModuleCompilationTrigger' with importer (DefaultImporter)
Imported 'GUID: 8a752aaaadd2410dd9a84e01c1bace9f' -> (Import Result ID: '60b938bb25a262f1763b3e2de172ecb4') in 0.002 seconds [static dependencies only]. Details - ImportResultOutputID=058332d648d7f8084d1da6808467f61f DependenciesID=4529cec4ad7510afcb621eb3a6345aad StaticDependenciesID=ed1614ba973bc26b91531beffdeb2b59 
Importing 'GUID: 1b6246f2248883964991eac9e9b4817c - Path: Packages/com.unity.modules.umbra/package.ModuleCompilationTrigger' with importer (DefaultImporter)
Imported 'GUID: 1b6246f2248883964991eac9e9b4817c' -> (Import Result ID: 'd0e6821d9e7131e49273de50e5a30a48') in 0.002 seconds [static dependencies only]. Details - ImportResultOutputID=b67f1a35dabb3a69e999ed6262ee3706 DependenciesID=53e02d394314874ec59b15b5c72ae4bc StaticDependenciesID=2005f7329185a61bdc9181a93de94537 
Importing 'GUID: 4bf139fc5e9d9240edc107e25d67d398 - Path: Packages/com.unity.modules.tetgen/package.ModuleCompilationTrigger' with importer (DefaultImporter)
Imported 'GUID: 4bf139fc5e9d9240edc107e25d67d398' -> (Import Result ID: 'c2ee5eb156ddf4c6d7db7bfe0620b6c5') in 0.002 seconds [static dependencies only]. Details - ImportResultOutputID=65cbec6ab1d9e8bebe15b1d11261c757 DependenciesID=98f6e9e20bdfef5b8310faa264013550 StaticDependenciesID=6b9cc135ad16f8196bc054a1a0fbfff5 
Importing 'GUID: cbb1a39d56ce4d9ac1a46ac505893fa7 - Path: Packages/com.unity.modules.terrainphysics/package.ModuleCompilationTrigger' with importer (DefaultImporter)
Imported 'GUID: cbb1a39d56ce4d9ac1a46ac505893fa7' -> (Import Result ID: '27f004a8df2af96d1f68388cc79a9687') in 0.002 seconds [static dependencies only]. Details - ImportResultOutputID=55421b023a735b0064eb2b4eb850448a DependenciesID=470cc5693e1b7cf9d355571cdc1dda33 StaticDependenciesID=e330eedfd3d666ef6c4b1cd50acc3e86 
Importing 'GUID: db8e609a39b9b231fccc54e5fa4cbd1b - Path: Packages/com.unity.modules.animation/package.ModuleCompilationTrigger' with importer (DefaultImporter)
Imported 'GUID: db8e609a39b9b231fccc54e5fa4cbd1b' -> (Import Result ID: '28ef0133cfc61a8c25943fdad9c35f96') in 0.003 seconds [static dependencies only]. Details - ImportResultOutputID=bd54157e641a087b027334797ac1bb4e DependenciesID=d9cae7f52b22978dc02a9ebd2e11e3dd StaticDependenciesID=2783b458cbfe6179cf00fb440b8097ed 
Importing 'GUID: 3cc1ebf2abb7fef6871ad48f499b6e21 - Path: Packages/com.unity.modules.vectorgraphics/package.ModuleCompilationTrigger' with importer (DefaultImporter)
Imported 'GUID: 3cc1ebf2abb7fef6871ad48f499b6e21' -> (Import Result ID: '1dc075daa92b995f9e4acce4cb1cafdb') in 0.002 seconds [static dependencies only]. Details - ImportResultOutputID=f888f024258c75377d48b95d8eccd14d DependenciesID=d65a2f56f0ab0362e9e74ecb1d6fd371 StaticDependenciesID=aca57b76b3779e331ef98c9d56f1085f 
Importing 'GUID: 5c1ee4056d0ac7ad3c5a16597fcaa38a - Path: Packages/com.unity.modules.physics/package.ModuleCompilationTrigger' with importer (DefaultImporter)
Imported 'GUID: 5c1ee4056d0ac7ad3c5a16597fcaa38a' -> (Import Result ID: 'fd82c4c22a9e9a844b9c380326653607') in 0.002 seconds [static dependencies only]. Details - ImportResultOutputID=0711ed6008a670c121290dcbcce4e191 DependenciesID=b0b9a8bfe00f0c66d325dafe7b153112 StaticDependenciesID=e2429248302243414bb8a60cabbbb02f 
Importing 'GUID: 8d4bc6bfa28760b29f13174d6b6ea710 - Path: Packages/com.unity.modules.subsystems/package.ModuleCompilationTrigger' with importer (DefaultImporter)
Imported 'GUID: 8d4bc6bfa28760b29f13174d6b6ea710' -> (Import Result ID: '6d7c4c569e5c2962575277f12ed92f1a') in 0.001 seconds [static dependencies only]. Details - ImportResultOutputID=506707270f0b52336d3dc2706a7b00f3 DependenciesID=8386c7b661b00068733096f41aa839df StaticDependenciesID=3f7d27c7ca7c21322d8a0e6df3ee9cf9 
Importing 'GUID: cd561f5f687aed43bf280c27a84f79e3 - Path: Packages/com.unity.modules.screencapture/package.ModuleCompilationTrigger' with importer (DefaultImporter)
Imported 'GUID: cd561f5f687aed43bf280c27a84f79e3' -> (Import Result ID: '8a5c26241a841975338674297190e8d6') in 0.001 seconds [static dependencies only]. Details - ImportResultOutputID=c0a8303c6754efb32cd09ffd146f4f49 DependenciesID=4c8743d637b9b9abc5dd37ec9a000040 StaticDependenciesID=4aec9bab46c990f425662e57a5cb969b 
Importing 'GUID: ae87256f29d9c8b50490f4caf75b2c41 - Path: Packages/com.unity.modules.unitywebrequestwww/package.ModuleCompilationTrigger' with importer (DefaultImporter)
Imported 'GUID: ae87256f29d9c8b50490f4caf75b2c41' -> (Import Result ID: '144688f6ddf815011e68ec039b2b3095') in 0.002 seconds [static dependencies only]. Details - ImportResultOutputID=e6bac705e462011a5c14df84abae17b9 DependenciesID=f37efeb64cdaf089b6f3976e389dce0e StaticDependenciesID=dd53f624212c717d1fa5e678d7e16626 
Importing 'GUID: be13c398521e3c1ad21fb9da30ab2ab6 - Path: Packages/com.unity.modules.imgui/package.ModuleCompilationTrigger' with importer (DefaultImporter)
Imported 'GUID: be13c398521e3c1ad21fb9da30ab2ab6' -> (Import Result ID: '384e5165bfe7edf88b8b44ed4ad0a171') in 0.002 seconds [static dependencies only]. Details - ImportResultOutputID=bbfcda24188a78ea8f934cd6f1d77d47 DependenciesID=3dad6a4a9da74573d84d1d7af257cc45 StaticDependenciesID=577b8f902dbc6421b31349f3f5306bf2 
Importing 'GUID: fe6a6957b37b61417b457a1e0541791d - Path: Packages/com.unity.modules.physics2d/package.ModuleCompilationTrigger' with importer (DefaultImporter)
Imported 'GUID: fe6a6957b37b61417b457a1e0541791d' -> (Import Result ID: '3574426d613c3fd6ccb8854339c5d002') in 0.002 seconds [static dependencies only]. Details - ImportResultOutputID=0029339c38fd9ee58145f1e3cabdd15e DependenciesID=2ece8eded21b962c9379cf25ddbd0461 StaticDependenciesID=de3716cd767df72db62042a135af02dd 
Native extension for WindowsStandalone target not found
Native extension for WebGL target not found
ScheduleIndexationOnStartup MainProcess:True IndexOnStartup:True
Scripting: successfully reloaded assembly
- Finished resetting the current domain, in  0.908 seconds
Domain Reload Profiling: 2341ms
	BeginReloadAssembly (352ms)
		DisableScriptedObjects (44ms)
		CreateAndSetChildDomain (63ms)
	RebuildCommonClasses (17ms)
	RebuildNativeTypeToScriptingClass (30ms)
	initialDomainReloadingComplete (77ms)
	LoadAllAssembliesAndSetupDomain (953ms)
		LoadAssemblies (904ms)
		TypeCache.Refresh (18ms)
			TypeCache.ScanAssembly (12ms)
		AnalyzeDomain (11ms)
			BuildScriptInfoCaches (9ms)
	FinalizeReload (912ms)
		SetupLoadedEditorAssemblies (0ms)
			LogAssemblyErrors (3ms)
			InitializePlatformSupportModulesInManaged (3ms)
			BeforeProcessingInitializeOnLoad (195ms)
			ProcessInitializeOnLoadAttributes (186ms)
			ProcessInitializeOnLoadMethodAttributes (88ms)
			AfterProcessingInitializeOnLoad (19ms)
		AwakeInstancesAfterBackupRestoration (81ms)
Starting new worker id: 0 with log in C:/Users/lenno/OneDrive/Documents/GitHub/Monster-Mystery-Maze/Logs/AssetImportWorkerHW0.log
Importing 'GUID: 585c3fb85b32bd64e8814074e754163e - Path: Packages/com.unity.ide.visualstudio/Editor/VSWhere/vswhere.exe' with importer (DefaultImporter)
Imported 'GUID: 585c3fb85b32bd64e8814074e754163e' -> (Import Result ID: '88a8536d2b60e2c7f110fcd81f543e70') in 0.013 seconds [static dependencies only]. Details - ImportResultOutputID=fd84ef82b906939aad1911d355b2029d DependenciesID=059ee32dd21328221c6ccadfdfe977d8 StaticDependenciesID=f003e8414ad65c9d8e3cdca7412d8f67 
Importing 'GUID: cb67edc1800c2ec4ba8dfb1cf0dfc84a - Path: Packages/com.unity.ide.visualstudio/Editor/COMIntegration/Release/COMIntegration.exe' with importer (DefaultImporter)
Imported 'GUID: cb67edc1800c2ec4ba8dfb1cf0dfc84a' -> (Import Result ID: '8aef7890f79b550c39748a8f8df9f1b5') in 0.002 seconds [static dependencies only]. Details - ImportResultOutputID=b9c287c27e0f1bb4e3c7a5e560e89af8 DependenciesID=b3699f0ba3f4a04d9356dabbdd8665f9 StaticDependenciesID=34e10e2fd86301ac058342c50d7eb2dc 
Importing 'GUID: 30b312a167534621b316172253b08723 - Path: Packages/com.unity.modules.subsystems/package.json' with importer (PackageManifestImporter)
Imported 'GUID: 30b312a167534621b316172253b08723' -> (Import Result ID: 'a591912364801e321318be9e1758d69d') in 0.003 seconds [static dependencies only]. Details - ImportResultOutputID=f12373219448441b0341099e7af5eb41 DependenciesID=745db45acccfae31febb4cea0b07d73c StaticDependenciesID=cef404f76f1c61d8f331a83cc5c6055e 
Importing 'GUID: 40bf3cec17fa0b49fe04443c8332d638 - Path: Packages/com.unity.modules.jsonserialize/package.json' with importer (PackageManifestImporter)
Imported 'GUID: 40bf3cec17fa0b49fe04443c8332d638' -> (Import Result ID: 'bdc9d9eb8b84937a1a024de7ef099b87') in 0.003 seconds [static dependencies only]. Details - ImportResultOutputID=d715bb69eb97158ae78ee98bcdc249c8 DependenciesID=8e7756610f4c76a021aad24c2cef16e7 StaticDependenciesID=1c087e9ca2ff338e0cfe48c9d9839f31 
Importing 'GUID: 6022bdd5b2896a54f94123b812705321 - Path: Packages/com.unity.ide.visualstudio/CHANGELOG.md' with importer (TextScriptImporter)
Imported 'GUID: 6022bdd5b2896a54f94123b812705321' -> (Import Result ID: '48aa1f28f9ae15b9675055124f075759') in 0.004 seconds [static dependencies only]. Details - ImportResultOutputID=0e26c5fb75a824a2110d9177da99631d DependenciesID=aa7d3f05d408eade1f1f14067799dc3c StaticDependenciesID=b28d44f540bcd7b8c30f0578710256f4 
Importing 'GUID: 80beef77cb19e713c7c2d481b65ed485 - Path: Packages/com.unity.modules.screencapture/package.json' with importer (PackageManifestImporter)
Imported 'GUID: 80beef77cb19e713c7c2d481b65ed485' -> (Import Result ID: 'c81dc150f00f6fd67992607628fc63c2') in 0.002 seconds [static dependencies only]. Details - ImportResultOutputID=b4ffc84b5928a9d8fa48bb1ab9ca0965 DependenciesID=f4e843a1569772ece0c26cb3eeea5b7f StaticDependenciesID=888fe0015504b635b4ea027e43e45d1c 
Importing 'GUID: 906c12bc9cd95d3963c6d58f62522c78 - Path: Packages/com.unity.modules.cloth/package.json' with importer (PackageManifestImporter)
Imported 'GUID: 906c12bc9cd95d3963c6d58f62522c78' -> (Import Result ID: 'a597ea382e74d0489dc96e79c0f22f3b') in 0.002 seconds [static dependencies only]. Details - ImportResultOutputID=40599719a159f2424dc6caf7e57b374b DependenciesID=c7cf478814689a0c35ae4448091cd727 StaticDependenciesID=7295f9d1f8407724bfd03c6da71ac78c 
Importing 'GUID: d0e3ad91972c66f5238f5b9b7d5ae58a - Path: Packages/com.unity.modules.unitywebrequesttexture/package.json' with importer (PackageManifestImporter)
Imported 'GUID: d0e3ad91972c66f5238f5b9b7d5ae58a' -> (Import Result ID: 'e4eb0c680bad6c3928606a299e14b944') in 0.002 seconds [static dependencies only]. Details - ImportResultOutputID=f9819a2814b9d346b95c32cadc86b95f DependenciesID=e9e549b808650d58e9893e2f74800b86 StaticDependenciesID=965a23a2cb7bb1d512c7409afb54f67c 
Importing 'GUID: f0f13f2ab3d6d13cfc6e4656824bfca8 - Path: Packages/com.unity.modules.ai/package.json' with importer (PackageManifestImporter)
Imported 'GUID: f0f13f2ab3d6d13cfc6e4656824bfca8' -> (Import Result ID: 'cefde7102c55af3a638e3f76d5f6f06f') in 0.002 seconds [static dependencies only]. Details - ImportResultOutputID=6c1e1e68cc352ca0c8f4fa95c3c80fe9 DependenciesID=7104304f36ed62c09d2f744567d7aab4 StaticDependenciesID=14c663410468e3b82173e6aef1733260 
Importing 'GUID: 8143d3a8390f2c64685e3bc272bd9e90 - Path: Packages/com.unity.ext.nunit/package.json' with importer (PackageManifestImporter)
Imported 'GUID: 8143d3a8390f2c64685e3bc272bd9e90' -> (Import Result ID: '26370fa4b813fca95b02f40cdc766d04') in 0.002 seconds [static dependencies only]. Details - ImportResultOutputID=64c41ce230119e0f04333cce57183be9 DependenciesID=a06ecac621b926424d6e868b551626e6 StaticDependenciesID=7886052474ddb1f879bab464fd473c50 
Importing 'GUID: e1ef8466c8fd01a549f10baa4d51fa17 - Path: Packages/com.unity.modules.assetbundle/package.json' with importer (PackageManifestImporter)
Imported 'GUID: e1ef8466c8fd01a549f10baa4d51fa17' -> (Import Result ID: 'e5d7ad778e9f470dd548a405ab9e88f8') in 0.002 seconds [static dependencies only]. Details - ImportResultOutputID=cfe9da6d42ce96a22193f1d8b2af86ad DependenciesID=b9e66eceb3f1a8b90acd36386fd231ff StaticDependenciesID=69a56f667ca615e43ab68b80605e2b3a 
Importing 'GUID: 42fe78c8fe682715a2cb531422e6ccb3 - Path: Packages/com.unity.modules.imgui/package.json' with importer (PackageManifestImporter)
Imported 'GUID: 42fe78c8fe682715a2cb531422e6ccb3' -> (Import Result ID: '102f116c09965766dc9ddb964b811693') in 0.002 seconds [static dependencies only]. Details - ImportResultOutputID=a5346159d22bce0395fd3c3cfff1d1a1 DependenciesID=c2219c1bf9e7a560321f6651d8f9654e StaticDependenciesID=14643e61af52b065d52592312352e973 
Importing 'GUID: 92a378669877c05c6071d0fed687bb95 - Path: Packages/com.unity.modules.tilemap/package.json' with importer (PackageManifestImporter)
Imported 'GUID: 92a378669877c05c6071d0fed687bb95' -> (Import Result ID: 'e92aad6ab73547e1117f0ce62d48d5b2') in 0.002 seconds [static dependencies only]. Details - ImportResultOutputID=23dd1249d007cf65d61b546a4fe02828 DependenciesID=68a8f1262f795f755bf6e6c8b4413850 StaticDependenciesID=00bd23172da55de84f2bc9bceb78149c 
Importing 'GUID: 43674d438e19b89d7fe6af07234f3252 - Path: Packages/com.unity.modules.accessibility/package.json' with importer (PackageManifestImporter)
Imported 'GUID: 43674d438e19b89d7fe6af07234f3252' -> (Import Result ID: '76b1df24fba14c2a7a0151c8dc974ffb') in 0.002 seconds [static dependencies only]. Details - ImportResultOutputID=09acbb368a6bac60c9ab3566ee7106ae DependenciesID=35dce886c0c5b240a07e568105e4e34a StaticDependenciesID=7c43ae1d0ae7ceb836348dd319c4e030 
Importing 'GUID: 939b89fc6b924ea2e821fc1be1b09f56 - Path: Packages/com.unity.modules.tetgen/package.json' with importer (PackageManifestImporter)
Imported 'GUID: 939b89fc6b924ea2e821fc1be1b09f56' -> (Import Result ID: 'c75aab6c042e12e1029c98f5e834344b') in 0.002 seconds [static dependencies only]. Details - ImportResultOutputID=29fa5e06454fd7d4a3de4ebaad1b9fb3 DependenciesID=b170b41fb06066c566aff60874b1cda7 StaticDependenciesID=c84bcf162fa1e9506bcb533398a296a7 
Importing 'GUID: a3f71b076c36a204a864f8c44142b3a9 - Path: Packages/com.unity.ide.visualstudio/ValidationConfig.json' with importer (TextScriptImporter)
Imported 'GUID: a3f71b076c36a204a864f8c44142b3a9' -> (Import Result ID: '8539f4d2aa7b0e17e9f1100d2cceceaf') in 0.004 seconds [static dependencies only]. Details - ImportResultOutputID=a87516f466c5718481da1cfecf083498 DependenciesID=e2f0d9b06e256d768ccd42b263a21aa6 StaticDependenciesID=ab7b2aec1f89a4b8ec51cb61e1b334ac 
Importing 'GUID: d3cbe921f7b3d9a3257e7c61a5761796 - Path: Packages/com.unity.modules.terrainphysics/package.json' with importer (PackageManifestImporter)
Imported 'GUID: d3cbe921f7b3d9a3257e7c61a5761796' -> (Import Result ID: '9d622bda059c1527ef5a7ca03939b7a6') in 0.002 seconds [static dependencies only]. Details - ImportResultOutputID=dd1e3adb7083a3027e8e76a0f466a653 DependenciesID=900a90b82b621367c4b8a714e62e3c9a StaticDependenciesID=fc1dcfcb6ef074ec506d8731a796de0e 
Importing 'GUID: 2479a4656ed89570ebd1de1fdda3dae5 - Path: Packages/com.unity.modules.timelinefoundation/package.json' with importer (PackageManifestImporter)
Imported 'GUID: 2479a4656ed89570ebd1de1fdda3dae5' -> (Import Result ID: '22e03b4cb332c8ad2c9a9c6d3991c0c2') in 0.002 seconds [static dependencies only]. Details - ImportResultOutputID=46a2b4bb43d4824a41d6c5129c0be0e9 DependenciesID=a6e29ca47a1e29395611110e974b9673 StaticDependenciesID=0bb0de498581a7e9f764ddd36be91d3c 
Importing 'GUID: f49bbe06ffa5ae24abe32abdab430c24 - Path: Packages/com.unity.ext.nunit/CHANGELOG.md' with importer (TextScriptImporter)
Imported 'GUID: f49bbe06ffa5ae24abe32abdab430c24' -> (Import Result ID: '7d3ab2e05d98d2033ed24af5e0266eb1') in 0.003 seconds [static dependencies only]. Details - ImportResultOutputID=d5ec7c863398bddddfc7aa4ab48d7299 DependenciesID=7d12f8c1ec5711a716eb5af866a66104 StaticDependenciesID=9361b4854c5e92062fb1ef48a414854a 
Importing 'GUID: 05f7f519769978b79b31d063a7fc6fa1 - Path: Packages/com.unity.modules.unitywebrequestassetbundle/package.json' with importer (PackageManifestImporter)
Imported 'GUID: 05f7f519769978b79b31d063a7fc6fa1' -> (Import Result ID: '5d121f43c1012f4156b24e8e6b2cd60e') in 0.002 seconds [static dependencies only]. Details - ImportResultOutputID=bc2c97e74faeca88ac7413fb1ab6bdad DependenciesID=c20580c5adcfa2792f9b40910a52e27a StaticDependenciesID=3ed8ced56a123013834dbb36299fbc3f 
Importing 'GUID: 5598b14661b5f4c43bed757f34b6d172 - Path: Packages/com.unity.ide.rider/LICENSE.md' with importer (TextScriptImporter)
Imported 'GUID: 5598b14661b5f4c43bed757f34b6d172' -> (Import Result ID: '26e60917c132767a44198020e229c2e8') in 0.002 seconds [static dependencies only]. Details - ImportResultOutputID=14f92885e61b5fd5bd9bd834e526f9a0 DependenciesID=108c22fb11f4be1fa425af698a733ffd StaticDependenciesID=5386b8b565e486a2f9bb017220c83c76 
Importing 'GUID: 656f74f6edaa396458412b9e3903d8cd - Path: Packages/com.unity.ide.visualstudio/package.json' with importer (PackageManifestImporter)
Imported 'GUID: 656f74f6edaa396458412b9e3903d8cd' -> (Import Result ID: 'e20758a0835eddb5265df6eea46d8643') in 0.002 seconds [static dependencies only]. Details - ImportResultOutputID=cca403794ec95743e02bc98a4e488c98 DependenciesID=bbe05f48fc72786a6da144b26156e232 StaticDependenciesID=4645eda6f3b0b7efd4dd7260603ffbb1 
Importing 'GUID: 953fab16d15d5885b3600fcd6388b2ad - Path: Packages/com.unity.modules.imageconversion/package.json' with importer (PackageManifestImporter)
Imported 'GUID: 953fab16d15d5885b3600fcd6388b2ad' -> (Import Result ID: '5302a9f8fcae9cfc5eeeb3c3c3b9ca53') in 0.001 seconds [static dependencies only]. Details - ImportResultOutputID=0e4995c3f3dd5769464d8a543795eb59 DependenciesID=1e7a40bfcdfb54cf169eab165eb350d3 StaticDependenciesID=ce086320edb66554eeb94859736651e1 
Importing 'GUID: b5930dbc378b45d406aeb881f06b6dfa - Path: Packages/com.unity.modules.physicscore2d/package.json' with importer (PackageManifestImporter)
Imported 'GUID: b5930dbc378b45d406aeb881f06b6dfa' -> (Import Result ID: 'e64065bff50601b79270d62ac32e132c') in 0.001 seconds [static dependencies only]. Details - ImportResultOutputID=af44914a33c884dc4608f0447aad1ab8 DependenciesID=2958799049b8a73af2aa6c034cedbe90 StaticDependenciesID=347d3d488254e12b4715277501555348 
Importing 'GUID: 26a4f29db434fd79025c91f6126382cc - Path: Packages/com.unity.modules.unityanalytics/package.json' with importer (PackageManifestImporter)
Imported 'GUID: 26a4f29db434fd79025c91f6126382cc' -> (Import Result ID: 'ec2278ed0a64c740427cef3d9f34e1c4') in 0.002 seconds [static dependencies only]. Details - ImportResultOutputID=d24cdca416056c3767c03f6739fd11b9 DependenciesID=a86ad0eee906a3f003f8e9825570bd26 StaticDependenciesID=578a6e4944dec92508752f3520481d47 
Importing 'GUID: 66c95bb3c74257f41bae2622511dc02d - Path: Packages/com.unity.ide.rider/package.json' with importer (PackageManifestImporter)
Imported 'GUID: 66c95bb3c74257f41bae2622511dc02d' -> (Import Result ID: 'a850eef3f7b71c002d4f335e55a2ecb5') in 0.001 seconds [static dependencies only]. Details - ImportResultOutputID=7ee57727a9d733ba736c0946a41cdf81 DependenciesID=d2610d67404de92586f72c07bdcd26db StaticDependenciesID=f1582cef152e5105959902a2cc6b42d3 
Importing 'GUID: 8645aa9c3c74fb34ba9499e14fb332b5 - Path: Packages/com.unity.ide.rider/CHANGELOG.md' with importer (TextScriptImporter)
Imported 'GUID: 8645aa9c3c74fb34ba9499e14fb332b5' -> (Import Result ID: '2a9cd1f792ca3956baae796d1d12f722') in 0.002 seconds [static dependencies only]. Details - ImportResultOutputID=8465415593e0cc34571ddac73638dd41 DependenciesID=d84b9e0b3fe56412f80810f8f0b657f7 StaticDependenciesID=08dd59d311369c83669366fcfe6ea538 
Importing 'GUID: 96d14b71b907bb52333b2886e665aba6 - Path: Packages/com.unity.modules.video/package.json' with importer (PackageManifestImporter)
Imported 'GUID: 96d14b71b907bb52333b2886e665aba6' -> (Import Result ID: '67223ecee3c30afcbc7a44b3d38ecc87') in 0.001 seconds [static dependencies only]. Details - ImportResultOutputID=0a5bae1cac69280d6b37914850384cc6 DependenciesID=88150c02ad608dd9259ce78a14951a8a StaticDependenciesID=d8ea689d2523dfdfff4cdd40ecde764b 
Importing 'GUID: b6029123aa4ab4e0481a4b3ad8a15af9 - Path: Packages/com.unity.ide.rider/ValidationExceptions.json' with importer (TextScriptImporter)
Imported 'GUID: b6029123aa4ab4e0481a4b3ad8a15af9' -> (Import Result ID: '075b82eec6c0d733d2ddcbbe2d79aa28') in 0.002 seconds [static dependencies only]. Details - ImportResultOutputID=41d601d8fea7676d3dbeb3e52a500863 DependenciesID=5aee5c350e2acfdf717bb1886dac9ca7 StaticDependenciesID=61813442ba651e5841f1e997800407d7 
Importing 'GUID: d6a2e6e4803de7b43baacdc355fc144d - Path: Packages/com.unity.test-framework/package.json' with importer (PackageManifestImporter)
Imported 'GUID: d6a2e6e4803de7b43baacdc355fc144d' -> (Import Result ID: 'dc2de8ceea91842f3301a8d983a270ff') in 0.001 seconds [static dependencies only]. Details - ImportResultOutputID=f16442526b8bbcc714f892b5b0c5c546 DependenciesID=acbf898442377d38eb65847ba3660f47 StaticDependenciesID=2b11c65ed56e43c132aa19ee322ea359 
Importing 'GUID: 87d720faa37005c08600090e04d8c739 - Path: Packages/com.unity.modules.particlesystem/package.json' with importer (PackageManifestImporter)
Imported 'GUID: 87d720faa37005c08600090e04d8c739' -> (Import Result ID: 'fbf328ddf9fde29c8a6b04f665721414') in 0.002 seconds [static dependencies only]. Details - ImportResultOutputID=af5c3885a5831dbe4c34a3756290e84a DependenciesID=baaa98655e113df6aa6da69b2cc9e481 StaticDependenciesID=624c5bd52a4a644ac1abca05d2aa7d58 
Importing 'GUID: f7a8357347c80dc69c08d0b1a05e2122 - Path: Packages/com.unity.modules.physics2d/package.json' with importer (PackageManifestImporter)
Imported 'GUID: f7a8357347c80dc69c08d0b1a05e2122' -> (Import Result ID: '792b585bba82df5b6b926e6cc66b5ae0') in 0.002 seconds [static dependencies only]. Details - ImportResultOutputID=ffdd5cf71990097dc8e67f888e336b27 DependenciesID=e58f3180e6412164f2b3ac0172c738c5 StaticDependenciesID=4b069a2db27e39af956299bbf409ed0a 
Importing 'GUID: 78e5667e52329c3ceef41288763404ae - Path: Packages/com.unity.modules.vectorgraphics/package.json' with importer (PackageManifestImporter)
Imported 'GUID: 78e5667e52329c3ceef41288763404ae' -> (Import Result ID: '757ed9d58ac3dbab99594dd0fc0fbab6') in 0.001 seconds [static dependencies only]. Details - ImportResultOutputID=ef5e6b3fee8048647d8f25b6cde53588 DependenciesID=ddc840ad7a3bb05e40c2f5af5736e314 StaticDependenciesID=658cb7053c95b082492dcfac570e3894 
Importing 'GUID: 7809f42f64c877f4b90ac233e5ec2372 - Path: Packages/com.unity.ide.visualstudio/ThirdPartyNotices.md' with importer (TextScriptImporter)
Imported 'GUID: 7809f42f64c877f4b90ac233e5ec2372' -> (Import Result ID: '51b7ca6e5c3f7e4d824b9e4a899ea32a') in 0.002 seconds [static dependencies only]. Details - ImportResultOutputID=d18fb2f044e17be9b20843983689d593 DependenciesID=338a65ccffe5dfa8b2eccafb0637bf6e StaticDependenciesID=5c18e0eee9d489f0ed3e5a5ed199c719 
Importing 'GUID: 788fbcfc0abc6c54b9504cfee3176c22 - Path: Packages/com.unity.ide.visualstudio/ValidationExceptions.json' with importer (TextScriptImporter)
Imported 'GUID: 788fbcfc0abc6c54b9504cfee3176c22' -> (Import Result ID: 'eb2c0b82fe082ad157004be29424ce94') in 0.002 seconds [static dependencies only]. Details - ImportResultOutputID=47cd008e97656050a5c230f67b3c0cec DependenciesID=793c8509cf7697d3ba1508d3208ad386 StaticDependenciesID=7f21a81f47fd80401865b12ac08d5be3 
Importing 'GUID: b83f06ac0c0696e9563230865ca72b81 - Path: Packages/com.unity.modules.wind/package.json' with importer (PackageManifestImporter)
Imported 'GUID: b83f06ac0c0696e9563230865ca72b81' -> (Import Result ID: 'aa5a0786242b24abe15996d2e495a5bb') in 0.002 seconds [static dependencies only]. Details - ImportResultOutputID=86a5be3d0a8a6444c0847994148a04c5 DependenciesID=205881e55f5d22b283814e1c5871fe68 StaticDependenciesID=f63f38da451ae744390d10621d3ed493 
Importing 'GUID: d85e5eeaf8f135aeaaebdc8aa3cff6c3 - Path: Packages/com.unity.modules.umbra/package.json' with importer (PackageManifestImporter)
Imported 'GUID: d85e5eeaf8f135aeaaebdc8aa3cff6c3' -> (Import Result ID: '55b8b2201ad9ec4f2f61be6817555891') in 0.002 seconds [static dependencies only]. Details - ImportResultOutputID=6667220eaf37b9411d76bda967a29351 DependenciesID=c3d5a91c3ed901840ea5501466d7f18f StaticDependenciesID=bb06911fc26803082422a42f95775796 
Importing 'GUID: e9df95f53f1c1d0c9199e235d6c42b50 - Path: Packages/com.unity.modules.audio/package.json' with importer (PackageManifestImporter)
Imported 'GUID: e9df95f53f1c1d0c9199e235d6c42b50' -> (Import Result ID: 'd755612aee2fff80a7c16fa7a48ad68c') in 0.002 seconds [static dependencies only]. Details - ImportResultOutputID=9e7a8ca17c9ada176ee8f9feaacb145a DependenciesID=dd41b1ea452194da32fe2fe374057079 StaticDependenciesID=825067d70eed8898581fbd8f0c3d8df2 
Importing 'GUID: f91a00d2dca52b843b2d50ccf750737d - Path: Packages/com.unity.ext.nunit/LICENSE.md' with importer (TextScriptImporter)
Imported 'GUID: f91a00d2dca52b843b2d50ccf750737d' -> (Import Result ID: 'dc16d37fc94f40adfe79aea2b2f40e6f') in 0.003 seconds [static dependencies only]. Details - ImportResultOutputID=e67396fd2e4b98d514472647c420657f DependenciesID=b49b806e6b4e1e40be5e41c2e720f498 StaticDependenciesID=1e51cbb5e6354313ca66da64d451422d 
Importing 'GUID: 1a4266815e998967becf686f9c71f0a6 - Path: Packages/com.unity.modules.physics/package.json' with importer (PackageManifestImporter)
Imported 'GUID: 1a4266815e998967becf686f9c71f0a6' -> (Import Result ID: 'b49aa081cc421fadbf9e4300c2086cf4') in 0.002 seconds [static dependencies only]. Details - ImportResultOutputID=a2d6f3bfd9bb75782461acb9a5eb4f5a DependenciesID=7ba4f680c44457f60b360fb00e62044d StaticDependenciesID=a7ae9469adc8ec98706f5bdd7fb982a9 
Importing 'GUID: 6afb166a156df2d20433d981f4bb2832 - Path: Packages/com.unity.modules.vehicles/package.json' with importer (PackageManifestImporter)
Imported 'GUID: 6afb166a156df2d20433d981f4bb2832' -> (Import Result ID: '5c7f122eb06c465ec03dc61512dd279f') in 0.002 seconds [static dependencies only]. Details - ImportResultOutputID=913c781524e2f88f1f61dedb313e4c06 DependenciesID=2d2fd8dd08d111f57c6f7f8a9a15e0f5 StaticDependenciesID=7716af99f55bd694ca07380d26c77fb1 
Importing 'GUID: fa27413e9edb06a6058d6c894eca0338 - Path: Packages/com.unity.modules.unitywebrequestwww/package.json' with importer (PackageManifestImporter)
Imported 'GUID: fa27413e9edb06a6058d6c894eca0338' -> (Import Result ID: 'cd6be4be13019a8efef9234a6fc2acbb') in 0.002 seconds [static dependencies only]. Details - ImportResultOutputID=5205eed9bc215ff67b1f0174ef8ee9e2 DependenciesID=2cf187faceef6d4588a12916c929cf16 StaticDependenciesID=fd6d030df984f70ddcbd205f53de1dee 
Importing 'GUID: 4b518b37798c97b0f860962cbf615533 - Path: Packages/com.unity.modules.unitywebrequestaudio/package.json' with importer (PackageManifestImporter)
Imported 'GUID: 4b518b37798c97b0f860962cbf615533' -> (Import Result ID: '52c470881360fd3f77ee06e9d6160606') in 0.002 seconds [static dependencies only]. Details - ImportResultOutputID=3ac3d29a7b2daa2a646425d6f9137196 DependenciesID=cdb1d8b7a54b76c0d6eb3f3d8350bf3a StaticDependenciesID=bf6dfb747b9dd017edce8ff21dd961c7 
Importing 'GUID: 9b1a5759726ef9d39a0ab82047b615f1 - Path: Packages/com.unity.modules.hierarchycore/package.json' with importer (PackageManifestImporter)
Imported 'GUID: 9b1a5759726ef9d39a0ab82047b615f1' -> (Import Result ID: '3c7f5f9a2a3d889e879ce93824240cf5') in 0.001 seconds [static dependencies only]. Details - ImportResultOutputID=1dea4a637fffff459a716aab2b4544dc DependenciesID=b73cedfae16085675061bbaa14100a76 StaticDependenciesID=02481c73194d187b639faf7f9477f49b 
Importing 'GUID: 2c814623cb42764d304be0c5ddd03ceb - Path: Packages/com.unity.modules.xr/package.json' with importer (PackageManifestImporter)
Imported 'GUID: 2c814623cb42764d304be0c5ddd03ceb' -> (Import Result ID: '3d2ec16236b94d4bd24cf7b16db1d36d') in 0.001 seconds [static dependencies only]. Details - ImportResultOutputID=1262664d19c2258369288d30beb2cdb6 DependenciesID=433fdb468ada74924ec54ef5558d5ee6 StaticDependenciesID=d14e05905e9e44937e01f090150c8604 
Importing 'GUID: 4c413a81cadcce7038e446e56570117e - Path: Packages/com.unity.modules.adaptiveperformance/package.json' with importer (PackageManifestImporter)
Imported 'GUID: 4c413a81cadcce7038e446e56570117e' -> (Import Result ID: 'e9605b92e757ddb4aee83db19e52202e') in 0.001 seconds [static dependencies only]. Details - ImportResultOutputID=1f07c1ff1eeefc2532264b0ab169267a DependenciesID=c47f8f008c434c41b9cbd60d646f1a02 StaticDependenciesID=d5fa1edd4748c1d15a5042e9d857f9ea 
Importing 'GUID: ec02776fe29df900b897106d61977735 - Path: Packages/com.unity.modules.director/package.json' with importer (PackageManifestImporter)
Imported 'GUID: ec02776fe29df900b897106d61977735' -> (Import Result ID: '542c7203d4ee75a0141aecc4f7ebc29e') in 0.001 seconds [static dependencies only]. Details - ImportResultOutputID=e6c46672aaf283c4f268e9bb004b543a DependenciesID=67c426da4a03c0e72e5414c0c086a565 StaticDependenciesID=3509659a6de9bb75b67228890dfcf1c4 
Importing 'GUID: 5da62a0c1c5218c4aa16b74546a7822d - Path: Packages/com.unity.ext.nunit/README.md' with importer (TextScriptImporter)
Imported 'GUID: 5da62a0c1c5218c4aa16b74546a7822d' -> (Import Result ID: 'b3e6c74d51944d6c1b144ff124af4cd6') in 0.003 seconds [static dependencies only]. Details - ImportResultOutputID=92b8a0daedb87d270f061527460ce47d DependenciesID=251ebcf2c773f18caf8363871b9be457 StaticDependenciesID=5aaef8c9c7e8073303b6f7def12f8f31 
Importing 'GUID: 6d56244f8c39a851975d3c0bd432c66f - Path: Packages/com.unity.modules.terrain/package.json' with importer (PackageManifestImporter)
Imported 'GUID: 6d56244f8c39a851975d3c0bd432c66f' -> (Import Result ID: '3f3919cececcfe7341397096da6d5620') in 0.001 seconds [static dependencies only]. Details - ImportResultOutputID=5e40d0b8d35162ad5eb9813bcce344e1 DependenciesID=a2e46383abca1aab8e931d0a884c39fd StaticDependenciesID=3f6aba8dbfb50787e5fe9c14633d9a9b 
Importing 'GUID: bd1af0a6633ee94ae21c7d1d702cdc12 - Path: Packages/com.unity.modules.androidjni/package.json' with importer (PackageManifestImporter)
Imported 'GUID: bd1af0a6633ee94ae21c7d1d702cdc12' -> (Import Result ID: '23acc007e3aa3e1794f811adacfce0b7') in 0.002 seconds [static dependencies only]. Details - ImportResultOutputID=7126a0377f515e9a6995b9946f69e957 DependenciesID=b578e64effb6486881dfa304b7312b48 StaticDependenciesID=1599bca34a331c65f57b2a85de352256 
Importing 'GUID: cd78ce5b75b8be84d8b94cd99903161f - Path: Packages/com.unity.ide.visualstudio/CONTRIBUTING.md' with importer (TextScriptImporter)
Imported 'GUID: cd78ce5b75b8be84d8b94cd99903161f' -> (Import Result ID: '8d2c939ad5d88ea5e1ad1882b5d6bcf1') in 0.003 seconds [static dependencies only]. Details - ImportResultOutputID=3cc9a8667d97264d3c56b3c3ee19bf5e DependenciesID=7c3ee221a5f74a08eaaf0e0529d55219 StaticDependenciesID=601cb21a47cb9cdc378031dca450666f 
Importing 'GUID: 5e83f8baac96eaa47bdd9ca781cd2002 - Path: Packages/com.unity.ide.rider/CONTRIBUTING.md' with importer (TextScriptImporter)
Imported 'GUID: 5e83f8baac96eaa47bdd9ca781cd2002' -> (Import Result ID: '6be292a193b7287466b0de84531347e5') in 0.003 seconds [static dependencies only]. Details - ImportResultOutputID=73a571d2464d38168588f7f42c3cd3bd DependenciesID=c8861b8ee0a555d189ad2112e05870cb StaticDependenciesID=0ec4cdaea5e1bd2704a0371d622912bf 
Importing 'GUID: 7ef8348b8ea834d7e1bc214b07f7fb87 - Path: Packages/com.unity.modules.animation/package.json' with importer (PackageManifestImporter)
Imported 'GUID: 7ef8348b8ea834d7e1bc214b07f7fb87' -> (Import Result ID: '99dbc9ee5dbefd88dbfef871dc88044a') in 0.002 seconds [static dependencies only]. Details - ImportResultOutputID=b91668c34ad33289ab3788464c3773fc DependenciesID=b08d93cceede2bda321ad9eed0119901 StaticDependenciesID=6548f35d9abf3541bd919485e15e69f4 
Importing 'GUID: 1fe9e6e1ae93cf64bbdfbd29300752e1 - Path: Packages/com.unity.ide.visualstudio/LICENSE.md' with importer (TextScriptImporter)
Imported 'GUID: 1fe9e6e1ae93cf64bbdfbd29300752e1' -> (Import Result ID: 'd641713b60f6384473fab5b79698f13b') in 0.003 seconds [static dependencies only]. Details - ImportResultOutputID=7dc9cd0a2f7775d9a0afb3ab59c8d790 DependenciesID=8ee603b564ddfb134d79bd6b2a7be158 StaticDependenciesID=5dea6e9747c4356d591901befaf5f8d9 
Importing 'GUID: 3fdd83b151eb8d25c5e2f82fc39dcb04 - Path: Packages/com.unity.modules.unitywebrequest/package.json' with importer (PackageManifestImporter)
Imported 'GUID: 3fdd83b151eb8d25c5e2f82fc39dcb04' -> (Import Result ID: 'd4a8f7e62dab458d06cb26f8763a6958') in 0.002 seconds [static dependencies only]. Details - ImportResultOutputID=c3fdc439e8f1f75cc7a0e86c4c6ba96d DependenciesID=d49a128780f3ccae2bbc74aabd390209 StaticDependenciesID=324210dfd8dd1540fad4cb3850ad0d26 
Importing 'GUID: 4f0f9b9f3ed97ad2b9ba8f1a8e4666c2 - Path: Packages/com.unity.modules.uielements/package.json' with importer (PackageManifestImporter)
Imported 'GUID: 4f0f9b9f3ed97ad2b9ba8f1a8e4666c2' -> (Import Result ID: '66c0ee40a75db1f8f28fdadfbf302f4f') in 0.002 seconds [static dependencies only]. Details - ImportResultOutputID=c6edeb5d9bc578ffca7fbf049f13618e DependenciesID=95c51ea62234fbf1332905a31ab79605 StaticDependenciesID=60e351a7b9427e730da9faaa580a2ca0 
Importing 'GUID: bfd567a3d1631a761bca9e99fa53d86d - Path: Packages/com.unity.modules.ui/package.json' with importer (PackageManifestImporter)
Imported 'GUID: bfd567a3d1631a761bca9e99fa53d86d' -> (Import Result ID: '3e9f896a21ca924262084ba1fc4df623') in 0.002 seconds [static dependencies only]. Details - ImportResultOutputID=2c146ae310e14069b7968d16cdff2b0b DependenciesID=57e8a5210a2b636f19f6b85d685866f4 StaticDependenciesID=634df72042263060c40977f8b863b1ac 
Importing 'GUID: bfcb3ba499f7d452b92d9a9cc3378788 - Path: Packages/com.unity.ext.nunit/Third Party Notices.md' with importer (TextScriptImporter)
Imported 'GUID: bfcb3ba499f7d452b92d9a9cc3378788' -> (Import Result ID: '56bfb97cfe48776a91cf43c2d6919742') in 0.003 seconds [static dependencies only]. Details - ImportResultOutputID=486bb3500f58b2f6b508fb9d7691af5d DependenciesID=361d596e5b7bb22c20a086c342f58910 StaticDependenciesID=a1c2e38483f4af126b5d3f34bf5898b3 
No restricted APIs configured; Validation skipped.
Checking 2 assemblies for restricted APIs found 0 usage(s) in 11 ms
Launched and connected shader compiler UnityShaderCompiler.exe after 0.07 seconds
Loading style catalogs (6)
	StyleSheets/Extensions/base/common.uss
	UIPackageResources/StyleSheets/Default/Variables/Public/common.uss
	StyleSheets/Northstar/common.uss
	StyleSheets/Extensions/fonts/inter.uss
	StyleSheets/Extensions/base/dark.uss
	UIPackageResources/StyleSheets/Default/Northstar/Palette/dark.uss

Asset Pipeline Refresh (id=fb63ba46283a5224b82a274f82e4f047): Total: 32.159 seconds - Initiated by InitialRefreshV2(ForceSynchronousImport)
	(Values over 0.05ms)
	Summary:
		Imports: total=135 (actual=135, local cache=0, cache server=0)
		Asset DB Process Time: managed=20 ms, native=3439 ms
		Asset DB Callback time: managed=603 ms, native=5856 ms
		Scripting: domain reloads=1, domain reload time=1474 ms, compile time=20748 ms, other=14 ms
		Project Asset Count: scripts=169, non-scripts=61
		Asset File Changes: new=1, changed=227, moved=0, deleted=1
		Scan Filter Count: 0
	InvokePackagesCallback: 4673.575ms
	ApplyChangesToAssetFolders: 1.760ms
	Scan: 1543.274ms
	Collect global state as custom dependencies: 34.206ms
	OnSourceAssetsModified: 2.609ms
	CategorizeScriptCompilationAssets: 9.638ms
	ProcessAssetsWithTransientArtifactChanges: 14.155ms
	CategorizeAssets: 4.855ms
	CompileScripts: 20747.963ms
	ImportOutOfDateAssets: 1555.786ms (915.735ms without children)
		ImportManagerImport: 604.359ms (14.588ms without children)
			UpdateCategorizedAssets: 0.541ms
		UnloadImportedAssets: 3.134ms
		ReloadImportedAssets: 0.062ms
		EnsureUptoDateAssetsAreRegisteredWithGuidPM: 0.133ms
		ImportSchedulerStart: 32.412ms
	PostProcessAllAssets: 1842.212ms
		VCAutoAddAssetPostprocess 4.252ms
		AssemblyValidation.PostprocessAllAssets 4.162ms
		PostProcessCallbackCreateDeferredMaterials 1.962ms
		ShaderAssetModifiedCallback 1.158ms
		RaytracingShaderImportPostprocess 0.664ms
		ComputeShaderImportPostprocess 0.532ms
		SpeedTreeImporter.PostprocessAllAssets 0.437ms
		WindowTitlePostprocess 0.294ms
		LocalizationDatabase.AssetDatabasePostprocessCallback 0.240ms
		BlockShaderImporter.PostprocessAllAssets 0.211ms
		MonoPostProcessAllAssets: 599.900ms
			StyleCatalogPostProcessor.OnPostprocessAllAssets 215.280ms
			SyncVS.PostprocessSyncProject 181.252ms
			WindowAssetPostprocessingWatcher.OnPostprocessAllAssets 75.140ms
			AssetPostprocessor.OnPostprocessAllAssets 36.917ms
			AssetChangedListener.OnPostprocessAllAssets 16.105ms
			BuilderAssetPostprocessor.OnPostprocessAllAssets 14.943ms
			TextAssetPostProcessor.OnPostprocessAllAssets 3.403ms
			RetainedModeAssetPostprocessor.OnPostprocessAllAssets 2.856ms
			SpeedTree9Postprocessor.OnPostprocessAllAssets 2.766ms
			EditModeScopePostprocessor.OnPostprocessAllAssets 2.420ms
			ArtifactBrowserPostProcessor.OnPostprocessAllAssets 1.328ms
			AudioMixerPostprocessor.OnPostprocessAllAssets 0.957ms
			ReferencedClipsPostProcessor.OnPostprocessAllAssets 0.782ms
			AssetEvents.OnPostprocessAllAssets 0.627ms
			TerrainToolbarOverlayPostProcessor.OnPostprocessAllAssets 0.537ms
			AssetDatabaseCallbacks.OnPostprocessAllAssets 0.484ms
			SpeedTreePostProcessor.OnPostprocessAllAssets 0.473ms
			ThemePostprocessor.OnPostprocessAllAssets 0.471ms
			ConfigAssetsTracker.OnPostprocessAllAssets 0.419ms
			ScenarioDriftAssetsTracker.OnPostprocessAllAssets 0.368ms
			RenderPipelineGlobalSettingsPostprocessor.OnPostprocessAllAssets 0.243ms
			AudioContainerPostProcessor.OnPostprocessAllAssets 0.226ms
	PostAssetChangesProfiler: 3.772ms
	UnloadStreamsBegin: 2.155ms
	PersistCurrentRevisions: 0.714ms
	Untracked: 1658.462ms

Application.AssetDatabase Initial Refresh End
Scanning for USB devices : 3.835ms
Initializing Unity extensions:
[MODES] ModeService[none].Initialize
[MODES] ModeService[none].LoadModes
[MODES] Loading mode Default (0) for mode-current-id-Monster-Mystery-Maze
Unloading 3 Unused Serialized files (Serialized files now loaded: 0)
Unloading 497 unused Assets / (0.5 MB). Loaded Objects now: 1241.
Memory consumption went from 245.6 MB to 245.1 MB.
Total: 13.631100 ms (FindLiveObjects: 0.362400 ms CreateObjectMapping: 0.049000 ms MarkObjects: 12.008500 ms  DeleteObjects: 0.633500 ms)

[LAYOUT] About to load UserSettings\Layouts\default-6000.dwlt, keepMainWindow=False
[LAYOUT] About to save layout C:\Users\lenno\OneDrive\Documents\GitHub\Monster-Mystery-Maze\UserSettings\Layouts\default-6000.dwlt
[LAYOUT] About to save layout C:/Users/lenno/AppData/Roaming/Unity/Editor-5.x/Preferences\Layouts\current\default-6000.dwlt
[MODES] ModeService[default].InitializeCurrentMode
[MODES] ModeService[default].RaiseModeChanged(default, default)
This project uses Input Manager, which is marked for deprecation. To manage input in your project, use the <a href="https://docs.unity3d.com/Packages/com.unity.inputsystem@latest">Input System package</a> instead.
<RI> Initializing input.
<RI> Input initialized.
[Project] Loading completed in 65.489 seconds
	Project init time: 				62.940 seconds
		Template init time: 		0.000 seconds
		Package Manager init time: 		0.414 seconds
		Asset Database init time: 		18.987 seconds
		Global illumination init time: 	0.011 seconds
		Assemblies load time: 			7.832 seconds
		Unity extensions init time: 	0.005 seconds
		Asset Database refresh time: 	32.160 seconds
	Scene opening time: 			2.026 seconds
##utp:{"type":"ProjectInfo","version":2,"phase":"Immediate","time":1791400392491,"processId":39780,"projectLoad":65.4890082,"projectInit":62.9398005,"templateInit":0.0,"packageManagerInit":0.414418,"assetDatabaseInit":18.9867438,"globalIlluminationInit":0.0109354,"assembliesLoad":7.8315584,"unityExtensionsInit":0.005251,"assetDatabaseRefresh":32.1598471,"sceneOpening":2.0261644}
##utp:{"type":"EditorInfo","version":2,"phase":"Immediate","time":1791400392492,"processId":39780,"editorVersion":"6000.6.3f1 (45d8eee7de74)","branch":"6000.6/staging","buildType":"Release","platform":"Windows"}
Worker ready: AssetImportWorkerHW0 0
[Licensing::Client] Successfully resolved entitlement details
Asset Pipeline Refresh (id=af94bbe4812e7ce44bcd5ee2f464ed23): Total: 0.063 seconds - Initiated by RefreshV2(AllowForceSynchronousImport)
[MODES] ModeService[default].LoadModes
[Licensing::Client] Successfully resolved entitlement details
Created GICache directory at C:/Users/lenno/AppData/LocalLow/Unity/Caches/GiCache. Took: 0.091s, timestamps: [67.806 - 67.898]
[Licensing::Client] Successfully resolved entitlement details
[Licensing::Client] Successfully resolved entitlement details
[Licensing::Client] Successfully updated the access token
[Licensing::Module] Successfully updated access token: "zuWoMk05"... (expires: 2026-10-07T20:14:39Z)
[Licensing::Client] Successfully resolved entitlement details
Asset Pipeline Refresh (id=b0899e8d6cadc0240b4cc5ebdd68f21a): Total: 0.007 seconds - Initiated by RefreshV2(AllowForceSynchronousImport)
MonoPathRemapper: Attempts to remap: 2763; Successful remaps: 0
Serialized file version minimum: 23, current 23
[LAYOUT] About to save layout C:\Users\lenno\OneDrive\Documents\GitHub\Monster-Mystery-Maze\UserSettings\Layouts\default-6000.dwlt
[LAYOUT] About to save layout C:/Users/lenno/AppData/Roaming/Unity/Editor-5.x/Preferences\Layouts\current\default-6000.dwlt
[Physics::Module] Cleanup current backend.
[Physics::Module] Id: 0xf2b8ea05
Input System module state changed to: ShutdownInProgress.
Input Polling Thread exited.
Input System module state changed to: Shutdown.
[Licensing::IpcConnector] LicenseClient-lenno-notifications channel disconnected successfully.
[Licensing::IpcConnector] LicenseClient-lenno channel disconnected successfully.
Lingering sessions upon destruction of worker manager
Unity Data Store service was successfully shut down
UDS shutting down local client system
Shut down UDS service system complete
AcceleratorClientConnectionCallback - disconnected - :0
Cleanup mono
CodeReloadManager destroyed
abort_threads: Failed aborting id: 000000000000493C, mono_thread_manage will ignore it

abort_threads: Failed aborting id: 0000000000005B7C, mono_thread_manage will ignore it

abort_threads: Failed aborting id: 0000000000001BF0, mono_thread_manage will ignore it

abort_threads: Failed aborting id: 000000000000493C, mono_thread_manage will ignore it

abort_threads: Failed aborting id: 0000000000005B7C, mono_thread_manage will ignore it

abort_threads: Failed aborting id: 0000000000001BF0, mono_thread_manage will ignore it

debugger-agent: Unable to listen on 3796
VBCSCompilerPreWarmer: requested VBCSCompiler shutdown
Checking for leaked weakptr:
  Found no leaked weakptrs.
[Package Manager] Server process was shutdown
##utp:{"type":"MemoryLeaks","version":2,"phase":"Immediate","time":1791400405869,"processId":39780,"allocatedMemory":11550310,"memoryLabels":[{"Default":180364},{"Permanent":15516},{"NewDelete":70473},{"Thread":4197984},{"Manager":32509},{"VertexData":8},{"Geometry":816},{"Texture":24},{"Shader":847657},{"Material":68},{"GfxDevice":55968},{"Animation":952},{"Audio":984},{"FreeType":8},{"FontEngine":736},{"Physics":1970},{"Physics2D":16},{"Serialization":16640},{"Input":42840},{"JobScheduler":256},{"TextLib":19030},{"Mono":48},{"ScriptingNativeRuntime":1243872},{"BaseObject":49200},{"Resource":1252},{"Renderer":2376},{"Transform":4685},{"File":4416},{"WebCam":616},{"Culling":32},{"Terrain":11442},{"Wind":24},{"STL":40},{"String":682475},{"StaticString":3808},{"Utility":2674402},{"Curl":48},{"PoolAlloc":2168},{"AI":80},{"TypeTree":17165},{"ScriptManager":12656},{"CodeReload":448},{"RuntimeInitializeOnLoadManager":64},{"Sprites":102},{"SpriteAtlas":120},{"GI":7816},{"Director":8296},{"CloudService":7584},{"WebRequest":10174},{"VR":49650},{"SceneManager":608},{"Video":208},{"LazyScriptCache":32},{"Camera":777},{"Secure":265},{"SerializationCache":9256},{"APIUpdating":10320},{"Subsystems":336},{"VirtualTexturing":57888},{"StaticSafetyDebugInfo":278528},{"Analytics":768},{"Hierarchy":1188},{"UIElements":40},{"CoreStats":14456},{"Identifiers":7152},{"Gui":267608},{"EditorUtility":139873},{"VersionControl":8},{"Undo":931},{"AssetDatabase":413813},{"AssetImporter":40},{"EditorGi":328},{"UnityConnect":36914},{"Upm":1988},{"UpmDiagnostics":8},{"AssetCompliance":96},{"DrivenProperties":72},{"LocalIPC":260},{"ProfilerEditor":9746},{"CoreBusinessMetrics":3600},{"Windowing":456},{"Licensing":12805},{"AssetReference":32},{"IPCStream":32}]}
